./login﹖came_from=https﹕ꤷꤷwww.biodiversitylinks.orgꤷlibraryꤷresourcesꤷusaid-bio-development-handbook-chapter-4ꤷview.html
./login﹖came_from=https﹕ꤷꤷwww.biodiversitylinks.orgꤷlibraryꤷresourcesꤷiuu-2-pager_508-37.pdfꤷview.html
./login﹖came_from=https﹕ꤷꤷwww.biodiversitylinks.orgꤷprojectsꤷcompleted-projectsꤷnwpꤷnepal-nwp-case-studyꤷview.html
./login﹖came_from=https﹕ꤷꤷwww.biodiversitylinks.orgꤷlibraryꤷresourcesꤷimpact-evaluation-feasibility-restore.pdfꤷview.html
./connect.html
./stories.html
./login﹖came_from=https﹕ꤷꤷwww.biodiversitylinks.orgꤷprojectsꤷcompleted-projectsꤷgstaꤷjournalists-journeyꤷview.html
./login﹖came_from=https﹕ꤷꤷwww.biodiversitylinks.orgꤷlibraryꤷresourcesꤷmarine-fact-sheet-24ꤷview.html
./login﹖came_from=https﹕ꤷꤷwww.biodiversitylinks.orgꤷlibraryꤷresourcesꤷppa-factsheet-508.pdfꤷview.html
./login﹖came_from=https﹕ꤷꤷwww.biodiversitylinks.orgꤷlibraryꤷhariyo-ban-final-report-vol-2.pdfꤷview.html
./what-we-do/wildlife/wildlife-images/index.html
./what-we-do/wildlife/wildlife-images/turtle-hatchling-credit-brenda-silverio.jpg/view.html
./what-we-do/wildlife/wildlife-landing-page.html
./what-we-do/wildlife/index.html
./what-we-do/wildlife/wildlife-projects.html
./what-we-do/wildlife/wildlife-projects/wildlife-projects-page.html
./what-we-do/wildlife/wildlife-projects/build-indonesia-to-take-care-of-nature-for-sustainability-bijak.html
./what-we-do/wildlife/wildlife-projects/partnership-for-the-conservation-of-amazon-biodiversity-pcab.html
./what-we-do/wildlife/wildlife-projects/uganda-biodiversity-fund.html
./what-we-do/wildlife/wildlife-projects/strengthening-natural-resource-governance-in-ecuador-snrge-1.html
./what-we-do/wildlife/wildlife-projects/index.html
./what-we-do/wildlife/wildlife-projects/landscape-conservation-in-western-tanzania-lcwt.html
./what-we-do/wildlife/wildlife-projects/khetha.html
./what-we-do/wildlife/wildlife-projects/sustainable-interventions-for-biodiversity-ocean-and-landscapes-sibol.html
./what-we-do/wildlife/wildlife-projects/guatemala-biodiversity-project.html
./what-we-do/wildlife/wildlife-images.html
./what-we-do/adaptive-management.html
./what-we-do/integration.html
./what-we-do/wildlife.html
./what-we-do/forests/forestry-images.html
./what-we-do/forests/index.html
./what-we-do/forests/forestry-main.html
./what-we-do/forests/forest-projects.html
./what-we-do/forests/forest-projects/regional-coastal-biodiversity-project.html
./what-we-do/forests/forest-projects/forest-projects-page.html
./what-we-do/forests/forest-projects/build-indonesia-to-take-care-of-nature-for-sustainability-bijak.html
./what-we-do/forests/forest-projects/strengthening-natural-resource-governance-in-ecuador-snrge.html
./what-we-do/forests/forest-projects/partnership-for-the-conservation-of-amazon-biodiversity-pcab.html
./what-we-do/forests/forest-projects/index.html
./what-we-do/forests/forest-projects/greening-prey-lang.html
./what-we-do/forests/forest-projects/strengthening-the-capacities-of-indigenous-organizations-in-the-amazon-scioa.html
./what-we-do/forests/forest-projects/landscape-conservation-in-western-tanzania-lcwt.html
./what-we-do/forests/forest-projects/natural-wealth.html
./what-we-do/forests/forest-projects/mikajy.html
./what-we-do/forests/forest-projects/sustainable-interventions-for-biodiversity-ocean-and-landscapes-sibol.html
./what-we-do/forests/forest-projects/hariyo-ban-ii.html
./what-we-do/forests/forest-projects/alianza-forestal.html
./what-we-do/forests/forest-projects/hay-tao.html
./what-we-do/forests/forest-projects/guatemala-biodiversity-project.html
./what-we-do/forests/forest-projects/amazon-indigenous-rights-and-resources-airr.html
./what-we-do/forests/forestry-images/index.html
./what-we-do/forests/forestry-images/usaid-lestari-in-aceh-indonesia_credit-samantha-martin.jpg/view.html
./what-we-do/forests/forestry-images/tikal_guatemala_photo-jason-houston_for_usaid.jpg/view.html
./what-we-do/index.html
./what-we-do/forests.html
./what-we-do/marine-and-fisheries.html
./what-we-do/marine-and-fisheries/marine-and-fisheries-projects.html
./what-we-do/marine-and-fisheries/index.html
./what-we-do/marine-and-fisheries/marine-landing-page.html
./what-we-do/marine-and-fisheries/marine-and-fisheries-projects/plastics-solution-alliance.html
./what-we-do/marine-and-fisheries/marine-and-fisheries-projects/strengthening-tenure-and-resource-rights-ii.html
./what-we-do/marine-and-fisheries/marine-and-fisheries-projects/caribbean-marine-biodiversity-program.html
./what-we-do/marine-and-fisheries/marine-and-fisheries-projects/conserving-coastal-ecosystems-cce.html
./what-we-do/marine-and-fisheries/marine-and-fisheries-projects/snapper.html
./what-we-do/marine-and-fisheries/marine-and-fisheries-projects/sustainable-fish-asia-noaa-interagency-agreement.html
./what-we-do/marine-and-fisheries/marine-and-fisheries-projects/enhanced-coastal-fisheries-in-bangladesh-ii-ecofish-ii.html
./what-we-do/marine-and-fisheries/marine-and-fisheries-projects/blended-finance-partnership-with-circulate-capital.html
./what-we-do/marine-and-fisheries/marine-and-fisheries-projects/integrated-marine-ecosystems-management-in-northern-hispaniola.html
./what-we-do/marine-and-fisheries/marine-and-fisheries-projects/mekong-delta-coastal-habitat-conservation.html
./what-we-do/marine-and-fisheries/marine-and-fisheries-projects/technical-assistance-for-the-usaid2019s-caribbean-development-program.html
./what-we-do/marine-and-fisheries/marine-and-fisheries-projects/strengthening-natural-resource-governance-in-ecuador-snrge.html
./what-we-do/marine-and-fisheries/marine-and-fisheries-projects/feed-the-future-innovation-lab-for-fish.html
./what-we-do/marine-and-fisheries/marine-and-fisheries-projects/combating-iuu-in-peru-and-ecuador-por-la-pesca.html
./what-we-do/marine-and-fisheries/marine-and-fisheries-projects/sustainble-fish-asia-local-capacity-development-sufia-lcd.html
./what-we-do/marine-and-fisheries/marine-and-fisheries-projects/index.html
./what-we-do/marine-and-fisheries/marine-and-fisheries-projects/fish.html
./what-we-do/marine-and-fisheries/marine-and-fisheries-projects/collaborative-management-for-a-sustainable-fisheries-future-comfish.html
./what-we-do/marine-and-fisheries/marine-and-fisheries-projects/investing-in-sustainability-and-partnerships-for-inclusive-growth-and-regenerative-ecosystems-inspire.html
./what-we-do/marine-and-fisheries/marine-and-fisheries-projects/lukautim-graun.html
./what-we-do/marine-and-fisheries/marine-and-fisheries-projects/ghana-fisheries-recovery-activity-gfra.html
./what-we-do/marine-and-fisheries/marine-and-fisheries-projects/usaid-bersama-kelola-perikanan-ber-ikan-or-collaborative-fisheries-management.html
./what-we-do/marine-and-fisheries/marine-and-fisheries-projects/sustainable-ocean-fund-sof.html
./what-we-do/marine-and-fisheries/marine-and-fisheries-projects/regional-coastal-biodiversity-project-rcbp.html
./what-we-do/marine-and-fisheries/marine-and-fisheries-projects/sustainable-fish-asia-technical-support-sufia-ts.html
./what-we-do/marine-and-fisheries/marine-and-fisheries-projects/the-usaid-women-shellfishers-and-food-security-project.html
./what-we-do/marine-and-fisheries/marine-and-fisheries-projects/feed-the-future-dekkal-geej-reviving-the-seas-toward-sustainable-fisheries-1.html
./what-we-do/marine-and-fisheries/marine-and-fisheries-projects/marine-and-fisheries-projects-page.html
./what-we-do/marine-and-fisheries/marine-and-fisheries-projects/sustainable-coral-triangle.html
./what-we-do/marine-and-fisheries/marine-and-fisheries-projects/blue-abadi-fund.html
./what-we-do/marine-and-fisheries/marine-and-fisheries-projects/sea.html
./what-we-do/marine-and-fisheries/marine-and-fisheries-projects/resilient-coastal-communities.html
./what-we-do/marine-and-fisheries/marine-and-fisheries-projects/sustainable-fisheries-management-program-sfmp.html
./what-we-do/marine-and-fisheries/marine-and-fisheries-projects/mikajy.html
./what-we-do/marine-and-fisheries/marine-and-fisheries-projects/ecosystems-improved-for-sustainable-fisheries-ecofish.html
./what-we-do/marine-and-fisheries/marine-and-fisheries-projects/combating-wildlife-trafficking-in-the-caribbean.html
./what-we-do/marine-and-fisheries/marine-and-fisheries-projects/partnership-for-sustainably-managed-fisheries.html
./what-we-do/marine-and-fisheries/marine-and-fisheries-projects/sustainable-interventions-for-biodiversity-ocean-and-landscapes-sibol.html
./what-we-do/marine-and-fisheries/marine-and-fisheries-projects/usaid-konservasi-laut-efektif-kolektif-or-effective-marine-conservation.html
./what-we-do/marine-and-fisheries/marine-and-fisheries-projects/meloy-fund.html
./what-we-do/marine-and-fisheries/marine-and-fisheries-projects/hay-tao.html
./what-we-do/marine-and-fisheries/marine-and-fisheries-projects/nosy-manga-marine-ecosystems-and-community.html
./what-we-do/marine-and-fisheries/marine-and-fisheries-projects/oceans-and-fisheries-partnership.html
./what-we-do/marine-and-fisheries/marine-and-fisheries-projects/municipal-waste-recycling-program-mwrp.html
./what-we-do/marine-and-fisheries/marine-and-fisheries-projects/ourfish-ourfuture.html
./what-we-do/marine-and-fisheries/marine-and-fisheries-projects/wonders-of-the-mekong-wom.html
./what-we-do/adaptive-management/adaptive-management-landing-page.html
./what-we-do/adaptive-management/index.html
./what-we-do/integration/cross-sectoral-resources.html
./what-we-do/integration/index.html
./what-we-do/integration/cross-sectoral-integration.html
./what-we-do/integration/cross-sectoral-resources/economic-growth-livelihoods/case-studies.html
./what-we-do/integration/cross-sectoral-resources/economic-growth-livelihoods/index.html
./what-we-do/integration/cross-sectoral-resources/economic-growth-livelihoods/economic-growth-livelihoods-page.html
./what-we-do/integration/cross-sectoral-resources/economic-growth-livelihoods/evidence-and-guidance.html
./what-we-do/integration/cross-sectoral-resources/food-security.html
./what-we-do/integration/cross-sectoral-resources/cross-sectoral-resources.html
./what-we-do/integration/cross-sectoral-resources/economic-growth-livelihoods.html
./what-we-do/integration/cross-sectoral-resources/food-security/case-studies.html
./what-we-do/integration/cross-sectoral-resources/food-security/food-security-page.html
./what-we-do/integration/cross-sectoral-resources/food-security/index.html
./what-we-do/integration/cross-sectoral-resources/food-security/evidence-and-guidance.html
./what-we-do/integration/cross-sectoral-resources/index.html
./what-we-do/integration/cross-sectoral-resources/gender-and-biodiversity.html
./what-we-do/integration/cross-sectoral-resources/gender-and-biodiversity/case-studies.html
./what-we-do/integration/cross-sectoral-resources/gender-and-biodiversity/index.html
./what-we-do/integration/cross-sectoral-resources/gender-and-biodiversity/gender-and-biodiversity-page-1.html
./what-we-do/integration/cross-sectoral-resources/gender-and-biodiversity/evidence-and-guidance.html
./what-we-do/integration/cross-sectoral-resources/democracy-rights-and-governance-drg/democracy-rights-and-governance-drg-page.html
./what-we-do/integration/cross-sectoral-resources/democracy-rights-and-governance-drg/index.html
./what-we-do/integration/cross-sectoral-resources/democracy-rights-and-governance-drg/evidence-and-guidance.html
./what-we-do/integration/cross-sectoral-resources/climate/case-studies.html
./what-we-do/integration/cross-sectoral-resources/climate/index.html
./what-we-do/integration/cross-sectoral-resources/climate/climate-risk-management-toolkit.html
./what-we-do/integration/cross-sectoral-resources/climate/evidence-and-guidance.html
./what-we-do/integration/cross-sectoral-resources/climate/climate.html
./what-we-do/integration/cross-sectoral-resources/democracy-rights-and-governance-drg.html
./what-we-do/integration/cross-sectoral-resources/one-health/case-studies.html
./what-we-do/integration/cross-sectoral-resources/one-health/index.html
./what-we-do/integration/cross-sectoral-resources/one-health/one-health-page.html
./what-we-do/integration/cross-sectoral-resources/climate.html
./what-we-do/integration/cross-sectoral-resources/one-health.html
./what-we-do/integration/cross-sectoral-images.html
./what-we-do/integration/cross-sectoral-images/usaid-land-demarcation.jpg/view.html
./what-we-do/integration/cross-sectoral-images/tema-fishing-port-ghana_credit-a-kauffeld-usaid.jpg/view.html
./what-we-do/integration/cross-sectoral-images/usfs-5.jpg/view.html
./what-we-do/integration/cross-sectoral-images/wwf-nepal-hariyo-ban-program_credit-nabin-baral.jpg/view.html
./what-we-do/integration/cross-sectoral-images/index.html
./what-we-do/integration/cross-sectoral-images/photo-contest-2019-5.jpg/view.html
./what-we-do/integration/cross-sectoral-images/population-health-environment-phe-in-uganda_photo-maren-vespia-pathfinder-international.jpg/view.html
./what-we-do/integration/cross-sectoral-images/man-w-boat-micronesia.jpg/view.html
./what-we-do/integration/cross-sectoral-images/woman-planting-mangrove-seeds-in-png-_-credit-kidlat-de-guia-or-dorelyn-jose.jpg/view.html
./what-we-do/integration/cross-sectoral-images/gorilla-national-park-uganda_jason-houston-for-usaid.jpg/view.html
./what-we-do/integration/cross-sectoral-images/indigenous-women-farmers-in-philippines_credit-usaid-protect-wildlife.jpg/view.html
./what-we-do/integration/cross-sectoral-images/protecting-natural-systems-in-changing-world.jpg/view.html
./what-we-do/integration/cross-sectoral-images/philippines-conservation-enterprise_credit-jason-houston-for-usaid.jpg/view.html
./what-we-do/integration/cross-sectoral-images/beekeeper.jpg/view.html
./what-we-do/what-we-do.html
./login﹖came_from=https﹕ꤷꤷwww.biodiversitylinks.orgꤷprojectsꤷcompleted-projectsꤷgstaꤷla-esperanza-de-los-calabazosꤷview.html
./login﹖came_from=https﹕ꤷꤷwww.biodiversitylinks.orgꤷstoriesꤷlibraryꤷresourcesꤷcafec-garamba-chinko-fact-sheet.pdfꤷview.html
./login﹖came_from=https﹕ꤷꤷwww.biodiversitylinks.orgꤷlibraryꤷresourcesꤷmi2-evaluation-report-2023.pdfꤷview.html
./login﹖came_from=https﹕ꤷꤷwww.biodiversitylinks.orgꤷlibraryꤷresourcesꤷusaid-restore-edr-2024.pdfꤷview.html
./login﹖came_from=https﹕ꤷꤷwww.biodiversitylinks.orgꤷlibraryꤷresourcesꤷusaid-vision-report-carpe.pdfꤷview.html
./stories/what-we-do/adaptive-management.html
./stories/what-we-do/integration.html
./stories/what-we-do/wildlife.html
./stories/what-we-do/marine-and-fisheries.html
./stories/what-we-do/integration/cross-sectoral-resources.html
./stories/what-we-do/integration/cross-sectoral-resources/food-security.html
./stories/what-we-do/integration/cross-sectoral-resources/economic-growth-livelihoods.html
./stories/what-we-do/integration/cross-sectoral-resources/climate.html
./stories/recent-stories/using-and-contributing-to-biodiversity-conservation-gateway-resources-the-case-of-nepal.html
./stories/recent-stories/ten-anti-corruption-take-aways-from-forest-legality-week-2019.html
./stories/recent-stories/celebrating-community-led-conservation-at-kenya-northern-rangelands-trust.html
./stories/recent-stories/fishing-a-sea-of-opportunities-for-gender-equality-prosperity-and-sustainability.html
./stories/recent-stories/conservation-is-development.html
./stories/recent-stories/share-your-expertise-usaid2019s-biodiversity-integration-case-study-competition.html
./stories/recent-stories/strengthening-competencies-for-evidence-based-biodiversity-programming.html
./stories/recent-stories/new-usaid-ecosystem-based-adaptation-evidence-summary-and-case-study-series.html
./stories/recent-stories/shaping-the-future-of-female-conservationists-in-tanzania.html
./stories/recent-stories/hope-for-tigers-in-bangladesh.html
./stories/recent-stories/cleared-for-takeoff-stopping-wildlife-trafficking-in-the-airline-sector.html
./stories/recent-stories/usaid-biodiversity-policy-update.html
./stories/recent-stories/superfoods-for-a-super-forest.html
./stories/recent-stories/las-guarda-recursos.html
./stories/recent-stories/projects/completed-projects/bridge.html
./stories/recent-stories/colombias-indigenous-women.html
./stories/recent-stories/lessons-learned-from-usaid-zambias-integrated-approach-to-biodiversity-conservation.html
./stories/recent-stories/nurturing-community-led-conservation-in-colombia.html
./stories/recent-stories/development-is-in-our-nature-a-day-with-the-center-for-international-forestry-research.html
./stories/recent-stories/new-report-and-photo-essays-from-measuring-impact-2-chronicle-a-decade-of-adaptive-management-in-usaid-biodiversity-programming.html
./stories/recent-stories/fishing-for-equality-and-sustainability.html
./stories/recent-stories/machine-vision-protects-tree-biodiversity-in-peru-madagascar-and-indonesia.html
./stories/recent-stories/biodiversity-stories.html
./stories/recent-stories/usaids-food-for-peace-explores-the-role-of-wild-caught-fisheries.html
./stories/recent-stories/virtual-spaces-strengthen-ties-for-brazils-indigenous-women.html
./stories/recent-stories/annual-progress-report-released-on-usaid2019s-work-in-the-amazon.html
./stories/recent-stories/uncovering-what-works-to-reduce-the-pandemic-risk-of-wildlife-trade.html
./stories/recent-stories/flying-under-the-radar-wildlife-trafficking-in-the-air-transport-sector.html
./stories/recent-stories/a-former-fish-poacher-no-longer-fears-a-crocodile-demise.html
./stories/recent-stories/cifor-new-website-on-bushmeat.html
./stories/recent-stories/nature-is-a-treasure-trove-for-human-well-being-1.html
./stories/recent-stories/the-wild-table-fisheries-forests-and-food-security.html
./stories/recent-stories/governance-land-use-change-and-mitigating-viral-zoonotic-emergence-at-the-human-environment-interface.html
./stories/recent-stories/index.html
./stories/recent-stories/fighting-wildlife-crime-with-tech.html
./stories/recent-stories/biodiversity-photo-contest-2023.html
./stories/recent-stories/biodiversity-the-climate-strategy.html
./stories/recent-stories/the-case-for-integrated-development.html
./stories/recent-stories/how-usaid-improves-climate-resilience-through-biodiversity-programming.html
./stories/recent-stories/our-ocean-conference-2018.html
./stories/recent-stories/integrating-biodiversity-and-sustainable-landscapes-for-greater-impact-considerations-for-programming.html
./stories/recent-stories/growing-for-the-future-safeguarding-coffee-and-cocoa.html
./stories/recent-stories/building-bridges-cross-sectoral-approaches-to-biodiversity-conservation-governance-health-and-food-security.html
./stories/recent-stories/fews-net-taking-one-health-approach-to-assessing-climate-sensitive-threats-to-food-security-human-well-being.html
./stories/recent-stories/4-ways-forests-support-physical-and-mental-well-being.html
./stories/recent-stories/at-usaid-learning-event-in-the-philippines-communities-and-partners-celebrate-journey-toward-sustainable-fisheries.html
./stories/recent-stories/iuu-climate-change-geopolitics-a-triple-threat-to-livelihoods-in-the-philippines.html
./stories/recent-stories/together-we-thrive-how-community-support-can-make-a-difference-in-forest-conservation.html
./stories/recent-stories/usaid-invites-partners-to-share-and-learn-at-annual-local-capacity-strengthening-policy-forum.html
./stories/recent-stories/us-forest-service-trains-hondurans-in-specialized-wildfire-fighting.html
./stories/recent-stories/if-only-they-could-see-it-all.html
./stories/recent-stories/unlocking-public-private-partnerships-ppps-for-sustainable-cocoa-production.html
./stories/recent-stories/detecting-wildlife-crime-in-real-time.html
./stories/recent-stories/biodiversity-conservation-and-food-security-inextricably-linked.html
./stories/recent-stories/journey-to-excellence-cat-tien-national-park-joins-iucn-green-list.html
./stories/recent-stories/announcing-the-recently-released-environment-and-energy-landscape-in-latin-america-and-the-caribbean-trends-analysis.html
./stories/recent-stories/nature-is-a-treasure-trove-for-human-well-being.html
./stories/recent-stories/food-security-and-health-depend-on-intact-and-biodiverse-ecosystems.html
./stories/recent-stories/how-usaid-helps-to-advance-climate-and-biodiversity-solutions.html
./stories/recent-stories/three-ways-wild-caught-fisheries-support-feed-the-future2019s-work-in-africa.html
./stories/recent-stories/usaid-works-alongside-vietnam2019s-national-assembly-on-effective-wildlife-conservation-through-demand-reduction.html
./stories/recent-stories/how-land-transformation-and-migration-could-impact-the-public-health-crisis-caused-by-venomous-snakes.html
./stories/recent-stories/cross-sectoral-monitoring-evaluation-and-learning-support-for-usaid-missions.html
./stories/recent-stories/dna-detective-dogs-saving-pangolins.html
./stories/recent-stories/transformative-partnerships-for-people-and-the-planet-hearth-story-map.html
./stories/recent-stories/reducing-demand-for-wildlife-products-what-we-have-learned-from-usaid-activities.html
./stories/recent-stories/women-bring-new-perspectives-to-wildlife-law-enforcement-in-thailand.html
./stories/recent-stories/introducing-biodiversitylinks-a-new-knowledge-portal-for-biodiversity-conservation.html
./stories/recent-stories/three-ways-nasa-and-usaid-are-supporting-biodiversity-in-the-amazon.html
./stories/recent-stories/announcing-the-winners-of-the-combating-wildlife-trafficking-fail-forward-video-competition.html
./stories/recent-stories/camera-traps-and-google-earth-the-role-of-information-and-communication-technologies-in-conservation.html
./stories/recent-stories/usaid-snapper-story.html
./stories/recent-stories/celebrate-an-unlikely-conservation-hero.html
./stories/recent-stories/using-cost-benefit-analysis-to-identify-ecosystem-based-solutions-to-climate-change-challenges.html
./stories/recent-stories/improving-community-resilience-and-biodiversity-conservation-from-the-sale-of-carbon-credits.html
./stories/recent-stories/measuring-the-unmeasured-assessing-the-value-of-evidence-for-social-impact.html
./stories/recent-stories/strengthening-democracy-through-participatory-natural-resource-management-three-opportunities-and-one-challenge.html
./stories/recent-stories/announcing-the-new-climatelinks-design-and-features.html
./stories/recent-stories/honduras-youth-conservation-corps-a-global-success-story.html
./stories/recent-stories/fishing-for-solutions-data-driven-pathways-to-sustainable-fisheries-in-indonesia.html
./stories/recent-stories/making-a-plan-to-conserve-the-gray-shanked-douc-langur-in-vietnam.html
./stories/recent-stories/enhancing-conservation-planning-in-cambodia-through-innovative-participatory-3d-topographical-map.html
./stories/recent-stories/on-the-hook.html
./stories/recent-stories/rewards-for-wildlife-whistleblowing.html
./stories/recent-stories/responsible-seafood-sourcing-gains-momentum-in-the-philippines.html
./stories/recent-stories/peace-security-and-conservation-on-central-africa2019s-radios.html
./stories/recent-stories/a-year-of-zero-poaching-in-mozambique.html
./stories/recent-stories/climate-risk-management-strengthens-biodiversity-conservation-in-dominican-republic.html
./stories/recent-stories/seven-ways-usaid-is-investing-in-people-and-the-planet.html
./stories/recent-stories/linking-biodiversity-and-climate.html
./stories/library/marine-and-fisheries-resources.html
./stories/library/resources/mi2-del-fy21-3-2-1-a-ebp-job-aid_final_508-85.pdf/view.html
./stories/library/resources/ie106-dpw1-1045-cambodia-pes.pdf/view.html
./stories/library/resources/projected-climate-change-impacts-philippine/view.html
./stories/library/resources/usaid-fse-factsheet-cgf-2021.pdf.html
./stories/library/resources/owr-fact-sheet.pdf/view.html
./stories/library/resources/cafec-garamba-chinko-fact-sheet.pdf/view.html
./stories/library/resources/cbcwt-fact-sheet.pdf/view.html
./stories/projects/mission-projects/fish-right.html
./stories/projects/current-global-projects/hearth.html
./stories/projects/current-global-projects/integrated-natural-resource-management-inrm/inrm-resources/2023-pnrm-democratic-outcomes-technical-note.pdf/view.html
./stories/projects/current-global-projects/integrated-natural-resource-management-inrm/inrm-resources/linkages-participatory-nrm-democratic-outcomes.html
./stories/projects/current-global-projects/integrated-natural-resource-management-inrm/inrm-resources/2023-pnrm-democratic-outcomes-technical-brief.pdf/view.html
./stories/projects/completed-projects/bridge/usaid-biodiversity-integration-case-study-competition/case-studies/rest-the-bay-regenerate-fish-supplies.html
./stories/projects/completed-projects/bridge/usaid-biodiversity-integration-case-study-competition/case-studies/a-coastal-communitys-persistence.html
./stories/projects/completed-projects/measuring-impact/evidence-in-action.html
./stories/stories-landing.html
./stories/index.html
./stories/learning-evidence/marine-and-sustainable-fishing-learning-group.html
./stories/learning-evidence/combating-wildlife-trafficking/learning-agenda.html
./stories/learning-evidence/conservation-enterprises/evidence/inbox/lessons-from-conservation-enterprises-in-the-maya-biosphere-reserve-of-peten-guatemala.html
./stories/recent-stories.html
./stories/staff-spotlights.html
./stories/connect/submissions.html
./stories/video-stories/index.html
./stories/video-stories/video-stories.html
./stories/learning-evidence.html
./stories/how-chocolate-stimulates-taste-buds-forests-and-communities.html
./stories/staff-spotlights/rebecca-guieb.html
./stories/staff-spotlights/monica-romo.html
./stories/staff-spotlights/staff-spotlight-toussaint-molenge.html
./stories/staff-spotlights/jassiel-msoka.html
./stories/staff-spotlights/staff-spotlight-andrea-pavlick.html
./stories/staff-spotlights/staff-spotlight-sothira-seng.html
./stories/staff-spotlights/staff-spotlight-hugo-arnal.html
./stories/staff-spotlights/staff-spotlight-tere-robles.html
./stories/staff-spotlights/staff-spotlight-dino-delgado.html
./stories/staff-spotlights/index.html
./stories/staff-spotlights/staff-spotlight-collection.html
./stories/staff-spotlights/jestina-kimbesa.html
./stories/staff-spotlights/staff-spotlight-madalitso-kaferawanthu.html
./stories/staff-spotlights/staff-spotlight-celly-catharina-usaid-indonesia-senior-marine-program-specialist.html
./stories/staff-spotlights/staff-spotlight-patricia-benthien.html
./stories/staff-spotlights/netra-sharma.html
./stories/video-stories.html
./login﹖came_from=https﹕ꤷꤷwww.biodiversitylinks.orgꤷlibraryꤷresourcesꤷnwp.pdfꤷview.html
./login﹖came_from=https﹕ꤷꤷwww.biodiversitylinks.orgꤷlibraryꤷresourcesꤷ2024-usaid-our-oceans-fact-sheet.pdfꤷview.html
./login﹖came_from=https﹕ꤷꤷwww.biodiversitylinks.orgꤷlibraryꤷhariyo-ban_final.pdfꤷview.html
./login﹖came_from=https﹕ꤷꤷwww.biodiversitylinks.orgꤷlibraryꤷresourcesꤷrmpꤷtrainingꤷcontentꤷnmo-courseꤷview.html
./library/annotations/library/index.html
./library/annotations/library/content.html
./library/annotations/library/content/ris-test.html
./library/annotations/library/content/scapes.html
./library/annotations/Members.html
./library/annotations/Members/index.html
./library/annotations/Members/webeditor.html
./library/annotations/index.html
./library/annotations/library.html
./library/annotations/groups/index.html
./library/annotations/groups/csa.html
./library/annotations/groups/alternative-livelihoods-conservation/PN-ACN-120.html
./library/annotations/groups/alternative-livelihoods-conservation/canned-dec-search-on-environmental-evidence-search-terms-used-and-the-test-library.html
./library/annotations/groups/alternative-livelihoods-conservation/final-folder-content-for-group-review-6-25-2014.html
./library/annotations/groups/alternative-livelihoods-conservation/PD-ABR-138.html
./library/annotations/groups/alternative-livelihoods-conservation/PN-ACN-285.html
./library/annotations/groups/alternative-livelihoods-conservation.html
./library/annotations/groups/csa/library-1.html
./library/annotations/groups.html
./library/annotations/cbnrm_annotations/annotation.2013-02-21.5130162024.html
./library/annotations.html
./library/hariyo-ban-final-report-vol-2.pdf/view.html
./library/marine-and-fisheries-resources.html
./library/resources.html
./library/key-resources.html
./library/hariyo-ban_final.pdf/view.html
./library/forest-resources.html
./library/espanol-evaluacion-de-bosques-tropicales-y-diversidad-biologica-de-guatemala-2-1.pdf/view.html
./library/videos-webinars/conectadas-como-la-tecnologia-fortalece-a-las-mujeres-indigenas-en-brasil.html
./library/videos-webinars/no-ivory-no-tiger-amulets-campaign-video.html
./library/videos-webinars/beautiful-without-ivory-campaign-video.html
./library/videos-webinars/new-principles-for-creating-electronic-traceability-systems-to-address-people-and-planet.html
./library/videos-webinars/rmp/training.html
./library/videos-webinars/rmp/frame/library/frame-videos.html
./library/videos-webinars/rmp/frame/blog.html
./library/videos-webinars/rmp/frame/blog/reflections-from-liberia-on-results-driven-development-processes.html
./library/videos-webinars/rmp/frame/news-events/build-biodiversity-understanding-in-infrastructure-and-landscape-development-1.html
./library/videos-webinars/rmp/frame/news-events/scapes-sustainable-conservation-approaches-in-priority-ecosystems-2009-2014.html
./library/videos-webinars/rmp/frame/news-events/framegram-january-edition.html
./library/videos-webinars/rmp/frame/news-events/dai-presents-gender-case-studies-at-european-development-days-2016.html
./library/videos-webinars/rmp/frame/news-events/world-wildlife-day-2017-framegram-special-edition.html
./library/videos-webinars/rmp/frame/news-events/usaid-lestari-project.html
./library/videos-webinars/rmp/frame/news-events/how-farmers-in-africa-are-restoring-degraded-lands-and-enhancing-resilience.html
./library/videos-webinars/rmp/frame/news-events/framegram-two-major-usaid-biodiversity-projects.html
./library/videos-webinars/rmp/frame/news-events/brazil2019s-police-and-indigenous-groups-fight-true-crime-in-the-amazon-together.html
./library/videos-webinars/rmp/frame/news-events/2016-usaid-cla-case-competition.html
./library/videos-webinars/rmp/frame/news-events/an-innovative-approach-to-environmental-monitoring.html
./library/videos-webinars/rmp/frame/news-events/eco-environmental-communication-learning-and-outreach.html
./library/videos-webinars/rmp/frame/index.html
./library/videos-webinars/rmp/frame/communities/climate-community.html
./library/videos-webinars/rmp/frame/library.html
./library/videos-webinars/rmp/frame/communities.html
./library/videos-webinars/rmp/frame/news-events.html
./library/videos-webinars/rmp/library/index.html
./library/videos-webinars/rmp/library/content.html
./library/videos-webinars/rmp/library/content/conserving-hilsa-and-building-livelihoods-in-bangladesh.html
./library/videos-webinars/rmp/library/content/adrian-banda-village-doctor-the-presidents-malaria-initiative.html
./library/videos-webinars/rmp/library/content/restoring-degraded-land-to-benefit-people-and-planet.html
./library/videos-webinars/rmp/library/content/three-ethiopian-women-farm-sweet-potatoes-with-one-purpose-saving-lives.html
./library/videos-webinars/rmp/library/content/coastal-fisheries-help-combat-hunger-and-malnutrition-in-timor-leste.html
./library/videos-webinars/rmp/library/content/helping-families-overcome-gender-based-challenges-in-zambia.html
./library/videos-webinars/rmp/library/content/chuma-and-sifuba2019s-story-overcoming-economic-imbalance-in-zambia.html
./library/videos-webinars/rmp/library/content/access-to-basic-services-in-tajikistan.html
./library/videos-webinars/rmp/library/content/empowering-community-management-of-fish-conservation-zones-stung-treng-ramsar-site-cambodia-1.html
./library/videos-webinars/rmp/news-events/news-usaid-rmp-training/index.html
./library/videos-webinars/rmp/news-events/news-usaid-rmp-training/usaid-agricultural-training-through-theater.html
./library/videos-webinars/rmp/news-events/news-usaid-rmp-training.html
./library/videos-webinars/rmp/news-events/index.html
./library/videos-webinars/rmp/news-events/news-usaid-rmp/womens-rights-tajikistan.html
./library/videos-webinars/rmp/news-events/news-usaid-rmp/index.html
./library/videos-webinars/rmp/news-events/news-usaid-rmp/improving-livelihoods-nutrition-dairy-production.html
./library/videos-webinars/rmp/news-events/news-usaid-rmp/fsc-one-simple-action.html
./library/videos-webinars/rmp/news-events/news-usaid-nrmd-video-spotlight.html
./library/videos-webinars/rmp/news-events/news-usaid-nrmd-video-spotlight/enabling-climate-adaptation.html
./library/videos-webinars/rmp/news-events/news-usaid-nrmd-video-spotlight/katoomba-xvi-video-1-michael-jenkins-opening-address.html
./library/videos-webinars/rmp/news-events/news-usaid-nrmd-video-spotlight/cop17-csa-trailer-ardd-2011.html
./library/videos-webinars/rmp/news-events/news-usaid-nrmd-video-spotlight/index.html
./library/videos-webinars/rmp/news-events/news-usaid-nrmd-video-spotlight/translinks-lessons-about-payments-for-ecosystem-services-and-wildlife-friendly-enterprise.html
./library/videos-webinars/rmp/news-events/news-usaid-nrmd-video-spotlight/changing-the-landscape-ten-years-of-impact-and-learning-in-usaids-global-conservation-program.html
./library/videos-webinars/rmp/news-events/news-usaid-nrmd-video-spotlight/copy3_of_changing-the-landscape-ten-years-of-impact-and-learning-in-usaids-global-conservation-program.html
./library/videos-webinars/rmp/news-events/news-usaid-nrmd-video-spotlight/indias-rice-revolution-2013-audio-slideshow.html
./library/videos-webinars/rmp/news-events/news-usaid-nrmd-video-spotlight/ethiopian-sustainable-tourism-alliance.html
./library/videos-webinars/rmp/news-events/news-usaid-nrmd-video-spotlight/community-forestry-and-carbon-offsets.html
./library/videos-webinars/rmp/news-events/news-usaid-nrmd-video-spotlight/diamonds-development-and-property-rights.html
./library/videos-webinars/rmp/news-events/news-usaid-nrmd-video-spotlight/biodiversity-and-forestry-seminar-series-conservation-certification-and-product-branding-2013-the-case-of-wildlife-friendly-certification.html
./library/videos-webinars/rmp/news-events/news-usaid-nrmd-video-spotlight/feed-the-future-update.html
./library/videos-webinars/rmp/news-events/news-usaid-nrmd-video-spotlight/a-fair-climate-gender-equity-in-redd.html
./library/videos-webinars/rmp/news-events/news-usaid-nrmd-video-spotlight/burkina-faso-farmers-food-security-climate-change-resilience.html
./library/videos-webinars/rmp/news-events/news-usaid-nrmd-video-spotlight/copy_of_reinventing-usaid-to-meet-21st-century-development-and-security-challenges.html
./library/videos-webinars/rmp/news-events/news-usaid-nrmd-video-spotlight/copy2_of_changing-the-landscape-ten-years-of-impact-and-learning-in-usaids-global-conservation-program.html
./library/videos-webinars/rmp/news-events/news-usaid-nrmd-video-spotlight/east-timor-directorate-of-land-and-property-promotes-land-dispute-resolution.html
./library/videos-webinars/rmp/news-events/news-usaid-nrmd-video-spotlight/a-good-news-story-for-a-deforested-and-degraded-world-farmer-managed-natural-regeneration.html
./library/videos-webinars/rmp/news-events/news-usaid-nrmd-video-spotlight/video-kate-hamilton-presents-watershed-report.html
./library/videos-webinars/rmp/news-events/news-usaid-nrmd-video-spotlight/copy_of_changing-the-landscape-ten-years-of-impact-and-learning-in-usaids-global-conservation-program.html
./library/videos-webinars/rmp/news-events/news-usaid-nrmd-video-spotlight/diamants-developpement-et-droits-de-propriete.html
./library/videos-webinars/rmp/news-events/news-usaid-nrmd-video-spotlight/getting-smart-about-change-climate-and-agriculture.html
./library/videos-webinars/rmp/news-events/news-usaid-rmp.html
./library/videos-webinars/rmp/frame.html
./library/videos-webinars/rmp/index.html
./library/videos-webinars/rmp/library.html
./library/videos-webinars/rmp/groups/drmsd_eth/masters-of-disaster.html
./library/videos-webinars/rmp/groups/drmsd_eth.html
./library/videos-webinars/rmp/groups/index.html
./library/videos-webinars/rmp/groups.html
./library/videos-webinars/rmp/training/index.html
./library/videos-webinars/rmp/training/new-member-orientation.html
./library/videos-webinars/rmp/training/new-member-orientation/new-member-orientation-course-demonstration-items.html
./library/videos-webinars/rmp/news-events.html
./library/videos-webinars/empowering-women-and-girls-conserving-nature.html
./library/videos-webinars/index.html
./library/videos-webinars/rmp.html
./library/videos-webinars/world-wetlands-day-celebration-spanish.html
./library/videos-webinars/world-environment-day-celebration-spanish.html
./library/videos-webinars/building-a-case-for-integrated-development-identifying-and-answering-key-research-questions.html
./library/videos-webinars/connected-how-technology-strengthens-advocacy-among-indigenous-women-in-brazil.html
./library/videos-webinars/community-perspectives-in-usaid-biodiversity-programs.html
./library/videos-webinars/world-oceans-day-celebration-spanish.html
./library/videos-webinars/resource-guard-workshop-spanish.html
./library/videos-webinars/conectadas-como-a-tecnologia-fortalece-a-incidencia-politica-entre-mulheres-indigenas-no-brasil.html
./library/videos-webinars/the-honor-and-pride-of-being-ycc-spanish.html
./library/videos-webinars/videos-collection.html
./library/videos-webinars/the-honduras-youth-for-conservation-corps-program-spanish.html
./library/videos-webinars/the-wild-table-fish-forests-and-food-security-1.html
./library/videos-webinars/video-changing-the-landscape-ten-years-of-impact-and-learning-in-usaids-global-conservation-program.html
./library/videos-webinars/our-gorongosa.html
./library/cross-sectoral-integration-resources.html
./library/videos-webinars.html
./library/hariyo-ban-final-report-vol-1.pdf/view.html
./library/content/ris-reference.html
./library/content/scapes.html
./library/content/ris-reference/biblioreference.2013-07-17.8635333462.html
./library/content/ris-reference/biblioreference.2013-07-17.3663303046.html
./library/content/ris-reference/0012-9682.html
./library/content/ris-reference/index.html
./library/content/ris-reference/biblioreference.2013-07-17.7027781996.html
./library/content/ris-reference/biblioreference.2013-07-17.2931277380.html
./library/content/ris-reference/biblioreference.2013-07-17.3631700917.html
./library/content/scapes/index.html
./library/content/scapes/scapes-dec-imports.html
./library/content/scapes/scapes-dec-imports/PA-00J-GKK.html
./library/content/scapes/scapes-dec-imports/PN-ACR-288.html
./library/content/scapes/scapes-dec-imports/PD-AAC-511-A1.html
./library/content/scapes/scapes-dec-imports/PC-AAA-345.html
./library/content/scapes/scapes-dec-imports/PC-AAA-009.html
./library/content/scapes/scapes-dec-imports/index.html
./library/content/scapes/scapes-dec-imports/PD-AAF-356-A1.html
./library/content/scapes/scapes-dec-imports/PA-00J-GKM.html
./library/content/scapes/scapes-dec-imports/PD-AAD-135-A1.html
./library/content/scapes/scapes-dec-imports/PB-AAA-575.html
./library/content/scapes/scapes-dec-imports/PC-AAA-005.html
./library/content/scapes/scapes-dec-imports/PC-AAB-810.html
./library/content/scapes/scapes-dec-imports/PC-AAC-480.html
./library/content/scapes/scapes-dec-imports/PD-AAF-368.html
./library/content/scapes/scapes-dec-imports/PC-AAA-613.html
./library/content/scapes/scapes-dec-imports/PA-00J-GKG.html
./library/content/scapes/scapes-dec-imports/PC-AAB-024.html
./library/content/scapes/scapes-dec-imports/PD-AAC-250-A1.html
./library/content/scapes/scapes-dec-imports/PA-00J-GKH.html
./library/content/scapes/scapes-dec-imports/PC-AAA-013.html
./library/content/scapes/scapes-dec-imports/PD-AAC-332-A1.html
./library/content/scapes/scapes-dec-imports/PA-00J-GKJ.html
./library/resources/iucn-cce-factsheet-1.pdf.html
./library/resources/understanding-biodiversity-2013-development-integration-efforts-and-opportunities/view.html
./library/resources/getting-past-gatekeeper-guide-program-communications/view.html
./library/resources/1-guia-de-envolvimento-das-comunidades.pdf.html
./library/resources/USAID_BD_Handbook_CHIV_4_4.pdf/view.html
./library/resources/usaid-amazon-vision-summary-508.pdf.html
./library/resources/3-kit-de-ferramentas-opcional-para-identificacao-povos-indigenas.pdf/view.html
./library/resources/impact-evaluation-feasibility-restore.pdf/view.html
./library/resources/mr-jali-protector-of-leuser/view.html
./library/resources/2024-usaid-our-oceans-fact-sheet.pdf/view.html
./library/resources/7-guia-de-formacao-monitoracao-boas-practicas.pdf.html
./library/resources/library-resources.html
./library/resources/usaid-bio-development-handbook-chapter-4.html
./library/resources/reduced-impact-logging-a-commitment-towards-sustainability.html
./library/resources/integrating-gender-in-national-biodiversity-strategies-and-action-plans-pilot-project-process-and-initial-considerations/view.html
./library/resources/usaid-amazon-vision-report-508.pdf/view.html
./library/resources/conjunto-de-herramientas-opcional-para-identificar-los-pueblos-indigenas.pdf/view.html
./library/resources/engagement-des-communautes-dans-les-activities-usaid-des-les-zones-protegees.pdf.html
./library/resources/guia-de-buenas-practicas-para-la-pausa-reflexion.pdf.html
./library/resources/118_119-bpg-annexes-a_b_c.docx.html
./library/resources/conservation-enterprises-brief.html
./library/resources/3-kit-de-ferramentas-opcional-para-identificacao-povos-indigenas.pdf.html
./library/resources/usaid-cambodia-morodok-baitang-fact-sheet.html
./library/resources/champions-of-the-forest/view.html
./library/resources/usaid-biodiversity-and-development-handbook-chapter-3.1.6-advancing-gender-equality-and-women2019s-empowerment/view.html
./library/resources/USAID_BD_Handbook_CHIV_4.10.pdf.html
./library/resources/USAID_BD_Handbook_CHIV_4.9.pdf/view.html
./library/resources/usaid-restore-edr-2024.pdf/view.html
./library/resources/hearth-pse-policy-brief-2024.pdf/view.html
./library/resources/cifor2019s-gender-research-approaches-achievements-impacts.html
./library/resources/iuu-2-pager_508-37.pdf.html
./library/resources/putting-usaid-one-health-position-statement-in-practice.pdf/view.html
./library/resources/interagency-cooperation-webinar-slides.pdf/view.html
./library/resources/5a-1_community-engagement-reference-guide_30mar22_508.pdf.html
./library/resources/guia-concisa-del-conjunto-de-herramientas-de-usaid-para-monitorear-la-participacion-verificar-clpi.pdf/view.html
./library/resources/final-report-biodiversity-understanding-in-infrastructure-and-landscape-development-pdf/view.html
./library/resources/5a-2_community-engagement-how-to-guide_30mar22_508.pdf/view.html
./library/resources/foreign-assistance-act-sections-118-119-tropical-forest-and-biodiversity-analysis-best-practices-guide/view.html
./library/resources/juntanza-guia-flashcards-2024.pdf/view.html
./library/resources/amazon-vision-summary_4-29-21-final-508.pdf/view.html
./library/resources/marine-fact-sheet-24/view.html
./library/resources/rmp/frame/communities/gov-community.html
./library/resources/rmp/frame/communities/cbnrm-community/resources/PHILIPPINES-STOCKTAKING-JUNE-2012-FINAL.pdf/view.html
./library/resources/rmp/frame/communities/gov-community/corruption-and-violations-of-conservation-rules-a-survey-experiment-with-resource-users/view.html
./library/resources/rmp/frame/communities/gov-community/corruption-2013a-double-edged-sword-for-conservation-a-response-to-smith-walpole/view.html
./library/resources/rmp/frame/communities/gov-community/corruption-and-violations-of-conservation-rules-a-survey-experiment-with-resource-users.html
./library/resources/rmp/frame/communities/gov-community/is-transparency-the-key-to-reducing-corruption-in-resource-rich-countries/view.html
./library/resources/rmp/frame/communities/gov-community/conservation-as-it-is-illicit-resource-use-in-a-wildlife-reserve-in-india-1.html
./library/resources/rmp/frame/communities/gov-community/power-to-the-people-evidence-from-a-randomized-field-experiment-on-community-based-monitoring-in-uganda.html
./library/resources/rmp/frame/communities/gov-community/corruption-and-regulatory-compliance-experimental-findings-from-south-african-small-scale-fisheries.html
./library/resources/rmp/frame/communities/gov-community/high-value-forests-hidden-economies-and-elite-capture-evidence-from-forest-user-groups-in-nepal2019s-terai/view.html
./library/resources/rmp/frame/communities/gov-community/fighting-corruption-to-save-the-environment-cameroons-experience/view.html
./library/resources/rmp/frame/communities/gov-community/corruption-in-natural-resource-management-implications-for-policy-makers.html
./library/resources/rmp/frame/communities/gov-community/gov-community.html
./library/resources/rmp/frame/communities/gov-community/such-misconducts-dont-make-a-good-ranger-examining-law-enforcement-ranger-wrongdoing-in-uganda/view.html
./library/resources/rmp/frame/communities/gov-community/obtaining-a-drivers-license-in-india-an-experimental-approach-to-studying-corruption.html
./library/resources/rmp/frame/communities/gov-community/electoral-accountability-and-corruption-evidence-from-the-audits-of-local-governments/view.html
./library/resources/rmp/frame/communities/gov-community/corruption-2013a-double-edged-sword-for-conservation-a-response-to-smith-walpole.html
./library/resources/rmp/frame/communities/gov-community/corruption-and-conservation-the-need-for-empirical-analyses.-a-response-to-smith-walpole/view.html
./library/resources/rmp/frame/communities/gov-community/high-value-forests-hidden-economies-and-elite-capture-evidence-from-forest-user-groups-in-nepal2019s-terai.html
./library/resources/rmp/frame/communities/gov-community/power-to-the-people-evidence-from-a-randomized-field-experiment-on-community-based-monitoring-in-uganda/view.html
./library/resources/rmp/frame/communities/gov-community/direct-democracy-and-local-public-goods-evidence-from-a-field-experiment-in-indonesia.html
./library/resources/rmp/frame/communities/gov-community/index.html
./library/resources/rmp/frame/communities/gov-community/propensities-to-engage-in-and-punish-corrupt-behavior-experimental-evidence-from-australia-india-indonesia-and-singapore.html
./library/resources/rmp/frame/communities/gov-community/corruption-in-developing-countries.html
./library/resources/rmp/frame/communities/gov-community/pitfalls-of-participatory-programs-evidence-from-a-randomized-evaluation-in-education-in-india.html
./library/resources/rmp/frame/communities/gov-community/corruption-in-natural-resource-management-implications-for-policy-makers/view.html
./library/resources/rmp/frame/communities/gov-community/electoral-accountability-and-corruption-evidence-from-the-audits-of-local-governments.html
./library/resources/rmp/frame/communities/gov-community/such-misconducts-dont-make-a-good-ranger-examining-law-enforcement-ranger-wrongdoing-in-uganda.html
./library/resources/rmp/frame/communities/gov-community/conservation-as-it-is-illicit-resource-use-in-a-wildlife-reserve-in-india-1/view.html
./library/resources/rmp/frame/communities/gov-community/decentralized-corruption-or-corrupt-decentralization-community-monitoring-of-poverty-alleviation-schemes-in-eastern-india/view.html
./library/resources/rmp/frame/communities/gov-community/governance-institutions-and-economic-activity.html
./library/resources/rmp/frame/communities/gov-community/corruption-and-regulatory-compliance-experimental-findings-from-south-african-small-scale-fisheries/view.html
./library/resources/rmp/frame/communities/gov-community/corruption-in-developing-countries/view.html
./library/resources/rmp/frame/communities/gov-community/pitfalls-of-participatory-programs-evidence-from-a-randomized-evaluation-in-education-in-india/view.html
./library/resources/rmp/frame/communities/gov-community/natural-resources-democracy-and-corruption.html
./library/resources/rmp/frame/communities/gov-community/fighting-corruption-to-save-the-environment-cameroons-experience.html
./library/resources/rmp/frame/communities/gov-community/obtaining-a-drivers-license-in-india-an-experimental-approach-to-studying-corruption-1.html
./library/resources/rmp/frame/communities/gov-community/resources/community-topics/corruption/understanding-illegality-and-corruption-in-forest-management-a-literature-review/view.html
./library/resources/rmp/frame/communities/gov-community/resources/community-topics/corruption/indigenous-land-tenure-insecurity-fosters-illegal-logging-in-nicaragua/view.html
./library/resources/rmp/frame/communities/gov-community/resources/community-topics/corruption/indigenous-land-tenure-insecurity-fosters-illegal-logging-in-nicaragua.html
./library/resources/rmp/frame/communities/gov-community/resources/community-topics/corruption/does-greater-accountability-improve-the-quality-of-public-service-delivery-evidence-from-uganda.html
./library/resources/rmp/frame/communities/gov-community/resources/community-topics/corruption/understanding-illegality-and-corruption-in-forest-management-a-literature-review.html
./library/resources/rmp/frame/communities/gov-community/resources/community-topics/corruption/legal-ivory-trade-in-a-corrupt-world-and-its-impact-on-african-elephant-population/view.html
./library/resources/rmp/frame/communities/gov-community/resources/community-topics/corruption/does-greater-accountability-improve-the-quality-of-public-service-delivery-evidence-from-uganda/view.html
./library/resources/rmp/frame/communities/gov-community/resources/community-topics/corruption/corruption-in-the-commons-why-bribery-hampers-enforcement-of-environmental-regulations-in-south-african-fisheries/view.html
./library/resources/rmp/frame/communities/gov-community/resources/community-topics/corruption/elephant-conservation-and-corruption-beyond-the-ivory-trade/view.html
./library/resources/rmp/frame/communities/gov-community/resources/community-topics/corruption/index.html
./library/resources/rmp/frame/communities/gov-community/resources/community-topics/corruption/corruption-and-state-corporate-crime-in-fisheries.html
./library/resources/rmp/frame/communities/gov-community/resources/community-topics/corruption/fighting-corruption-in-public-services-chronicling-georgia2019s-reforms/view.html
./library/resources/rmp/frame/communities/gov-community/resources/community-topics/corruption/corruption-and-state-corporate-crime-in-fisheries/view.html
./library/resources/rmp/frame/communities/gov-community/resources/community-topics/corruption/investing-in-threatened-species-conservation-does-corruption-outweigh-purchasing-power/view.html
./library/resources/rmp/frame/communities/gov-community/resources/community-topics/corruption/legal-ivory-trade-in-a-corrupt-world-and-its-impact-on-african-elephant-population.html
./library/resources/rmp/frame/communities/gov-community/resources/community-topics/corruption/fighting-corruption-in-public-services-chronicling-georgia2019s-reforms.html
./library/resources/rmp/frame/communities/gov-community/resources/community-topics/corruption/elephant-conservation-and-corruption-beyond-the-ivory-trade.html
./library/resources/rmp/frame/communities/gov-community/resources/community-topics/corruption/investing-in-threatened-species-conservation-does-corruption-outweigh-purchasing-power.html
./library/resources/rmp/frame/communities/gov-community/resources/community-topics/corruption/rethinking-corruption-in-conservation-crime-insights-from-madagascar.html
./library/resources/rmp/frame/communities/gov-community/resources/community-topics/corruption/rethinking-corruption-in-conservation-crime-insights-from-madagascar/view.html
./library/resources/rmp/frame/communities/gov-community/resources/community-topics/corruption/corruption-collection.html
./library/resources/rmp/frame/communities/gov-community/resources/community-topics/corruption/corruption-in-the-commons-why-bribery-hampers-enforcement-of-environmental-regulations-in-south-african-fisheries.html
./library/resources/rmp/frame/communities/gov-community/resources/community-topics/corruption.html
./library/resources/rmp/frame/communities/gov-community/natural-resources-democracy-and-corruption/view.html
./library/resources/rmp/frame/communities/gov-community/governance-institutions-and-economic-activity/view.html
./library/resources/rmp/frame/communities/gov-community/decentralized-corruption-or-corrupt-decentralization-community-monitoring-of-poverty-alleviation-schemes-in-eastern-india.html
./library/resources/rmp/frame/communities/gov-community/obtaining-a-drivers-license-in-india-an-experimental-approach-to-studying-corruption-1/view.html
./library/resources/rmp/frame/communities/gov-community/obtaining-a-drivers-license-in-india-an-experimental-approach-to-studying-corruption/view.html
./library/resources/rmp/frame/communities/gov-community/propensities-to-engage-in-and-punish-corrupt-behavior-experimental-evidence-from-australia-india-indonesia-and-singapore/view.html
./library/resources/rmp/frame/communities/gov-community/direct-democracy-and-local-public-goods-evidence-from-a-field-experiment-in-indonesia/view.html
./library/resources/rmp/frame/communities/gov-community/is-transparency-the-key-to-reducing-corruption-in-resource-rich-countries.html
./library/resources/rmp/frame/communities/ce-community/a-global-assessment-of-community-based-natural-resources-management-addressing-the-critical-challenges-of-the-rural-sector.html
./library/resources/rmp/frame/communities/ce-community/conservation-enterprise-what-works-where-and-for-whom/view.html
./library/resources/rmp/frame/communities/ce-community/development-and-gorillas-assessing-fifteen-years-of-integrated-conservation-and-development-in-south-western-uganda/view.html
./library/resources/rmp/frame/communities/ce-community/does-conserving-biodiversity-work-to-reduce-poverty-a-state-of-knowledge-review/view.html
./library/resources/rmp/frame/communities/ce-community/conservation-enterprises-brief.html
./library/resources/rmp/frame/communities/ce-community/community-action-to-conserve-biodiversity-linking-biodiversity-conservation-with-poverty-reduction.html
./library/resources/rmp/frame/communities/ce-community/conservation-enterprise-what-works-where-and-for-whom.html
./library/resources/rmp/frame/communities/ce-community/a-global-assessment-of-community-based-natural-resources-management-addressing-the-critical-challenges-of-the-rural-sector/view.html
./library/resources/rmp/frame/communities/ce-community/enterprise-strategies-for-coastal-and-marine-conservation-a-summary-of-best-practices.html
./library/resources/rmp/frame/communities/ce-community/assessment-of-recreational-fishery-in-the-galapagos-marine-reserve-failures-and-opportunities.html
./library/resources/rmp/frame/communities/ce-community/copy_of_beyond-nature-appropriation-towards-post-development-conservation-in-the-maya-forest/view.html
./library/resources/rmp/frame/communities/ce-community/community-based-tree-and-forest-product-enterprises-market-analysis-and-development/view.html
./library/resources/rmp/frame/communities/ce-community/impact-in-the-forest-the-potential-for-business-solutions-to-combat-deforestation-in-large-forest-landscapes-in-asia/view.html
./library/resources/rmp/frame/communities/ce-community/final-evaluation-of-the-sustainable-conservation-approaches-in-priority-ecosystems-program.html
./library/resources/rmp/frame/communities/ce-community/global-sustainable-tourism-alliance-gsta-performance-evaluation-final-report.html
./library/resources/rmp/frame/communities/ce-community/community-based-natural-resource-management-and-poverty-alleviation-in-namibia-a-case-study/view.html
./library/resources/rmp/frame/communities/ce-community/enterprise-strategies-for-coastal-and-marine-conservation-a-summary-of-best-practices/view.html
./library/resources/rmp/frame/communities/ce-community/farmers-fires-and-forests-a-green-alternative-to-shifting-cultivation-for-conservation-of-the-maya-forest.html
./library/resources/rmp/frame/communities/ce-community/copy_of_cross-mission-learning-agenda-for-conservation-enterprises/view.html
./library/resources/rmp/frame/communities/ce-community/does-conserving-biodiversity-work-to-reduce-poverty-a-state-of-knowledge-review.html
./library/resources/rmp/frame/communities/ce-community/building-biodiversity-business/view.html
./library/resources/rmp/frame/communities/ce-community/index.html
./library/resources/rmp/frame/communities/ce-community/community-based-natural-resource-management-and-poverty-alleviation-in-namibia-a-case-study.html
./library/resources/rmp/frame/communities/ce-community/conservation-marketing-equation-a-manual-for-conservation-and-development-professionals/view.html
./library/resources/rmp/frame/communities/ce-community/beyond-fishing-the-impact-of-microcredit-on-alternative-livelihoods-in-south-sulawesi-indonesia.html
./library/resources/rmp/frame/communities/ce-community/global-sustainable-tourism-alliance-gsta-performance-evaluation-final-report/view.html
./library/resources/rmp/frame/communities/ce-community/alternative-sustainable-livelihoods-for-coastal-communities-a-review-of-experience-and-guide-to-best-practice/view.html
./library/resources/rmp/frame/communities/ce-community/nature-wealth-power-2.0-leveraging-natural-and-social-capital-for-resilient-development/view.html
./library/resources/rmp/frame/communities/ce-community/elephant-pepper-establishing-conservation-focused-business.html
./library/resources/rmp/frame/communities/ce-community/assessment-of-recreational-fishery-in-the-galapagos-marine-reserve-failures-and-opportunities/view.html
./library/resources/rmp/frame/communities/ce-community/copy_of_cross-mission-learning-agenda-for-conservation-enterprises.html
./library/resources/rmp/frame/communities/ce-community/community-based-forest-enterprises-their-status-and-potential-in-tropical-countries/view.html
./library/resources/rmp/frame/communities/ce-community/democratising-forest-business-a-compendium-of-successful-locally-controlled-forest-business-organisations.html
./library/resources/rmp/frame/communities/ce-community/usaid-support-to-the-community-based-natural-resource-management-program-in-namibia-life-program-review/view.html
./library/resources/rmp/frame/communities/ce-community/conservation-marketing-equation-a-manual-for-conservation-and-development-professionals.html
./library/resources/rmp/frame/communities/ce-community/case-studies-bundling-agricultural-products-with-ecosystem-services.html
./library/resources/rmp/frame/communities/ce-community/enterprise-strategies-for-coastal-and-marine-conservation-review-of-best-practices-and-lessons-learned.html
./library/resources/rmp/frame/communities/ce-community/beyond-fishing-the-impact-of-microcredit-on-alternative-livelihoods-in-south-sulawesi-indonesia/view.html
./library/resources/rmp/frame/communities/ce-community/impact-in-the-forest-the-potential-for-business-solutions-to-combat-deforestation-in-large-forest-landscapes-in-asia.html
./library/resources/rmp/frame/communities/ce-community/copy_of_beyond-nature-appropriation-towards-post-development-conservation-in-the-maya-forest.html
./library/resources/rmp/frame/communities/ce-community/conservation-enterprises-using-a-theory-of-change-approach-to-examine-evidence-for-biodiversity-conservation/view.html
./library/resources/rmp/frame/communities/ce-community/case-studies-bundling-agricultural-products-with-ecosystem-services/view.html
./library/resources/rmp/frame/communities/ce-community/elephant-pepper-establishing-conservation-focused-business/view.html
./library/resources/rmp/frame/communities/ce-community/beyond-nature-appropriation-towards-post-development-conservation-in-the-maya-forest/view.html
./library/resources/rmp/frame/communities/ce-community/conservation-enterprises-brief/view.html
./library/resources/rmp/frame/communities/ce-community/evaluating-linkages-between-business-the-environment-and-local-communities-final-analytical-results-from-the-biodiversity-conservation-network/view.html
./library/resources/rmp/frame/communities/ce-community/democratising-forest-business-a-compendium-of-successful-locally-controlled-forest-business-organisations/view.html
./library/resources/rmp/frame/communities/ce-community/tmatboey-community-based-ecotourism-project-cambodia.html
./library/resources/rmp/frame/communities/ce-community/final-evaluation-of-the-sustainable-conservation-approaches-in-priority-ecosystems-program/view.html
./library/resources/rmp/frame/communities/ce-community/community-based-forest-enterprises-their-status-and-potential-in-tropical-countries.html
./library/resources/rmp/frame/communities/ce-community/enterprise-strategies-for-coastal-and-marine-conservation-review-of-best-practices-and-lessons-learned/view.html
./library/resources/rmp/frame/communities/ce-community/development-and-gorillas-assessing-fifteen-years-of-integrated-conservation-and-development-in-south-western-uganda.html
./library/resources/rmp/frame/communities/ce-community/ce-community.html
./library/resources/rmp/frame/communities/ce-community/community-action-to-conserve-biodiversity-linking-biodiversity-conservation-with-poverty-reduction/view.html
./library/resources/rmp/frame/communities/ce-community/copy_of_alternative-sustainable-livelihoods-for-coastal-communities-a-review-of-experience-and-guide-to-best-practice/view.html
./library/resources/rmp/frame/communities/ce-community/tmatboey-community-based-ecotourism-project-cambodia/view.html
./library/resources/rmp/frame/communities/ce-community/community-based-tree-and-forest-product-enterprises-market-analysis-and-development.html
./library/resources/rmp/frame/communities/ce-community/beyond-nature-appropriation-towards-post-development-conservation-in-the-maya-forest.html
./library/resources/rmp/frame/communities/ce-community/conservation-enterprises-using-a-theory-of-change-approach-to-examine-evidence-for-biodiversity-conservation.html
./library/resources/rmp/frame/communities/ce-community/copy_of_alternative-sustainable-livelihoods-for-coastal-communities-a-review-of-experience-and-guide-to-best-practice.html
./library/resources/rmp/frame/communities/ce-community/farmers-fires-and-forests-a-green-alternative-to-shifting-cultivation-for-conservation-of-the-maya-forest/view.html
./library/resources/rmp/frame/communities/ce-community/building-biodiversity-business.html
./library/resources/rmp/frame/communities/ce-community/alternative-sustainable-livelihoods-for-coastal-communities-a-review-of-experience-and-guide-to-best-practice.html
./library/resources/rmp/frame/communities/socicon/impacts-of-community-based-natural-resource-management-on-wealth-food-security-and-child-health-in-tanzania/view.html
./library/resources/rmp/frame/communities/socicon/community-based-natural-resource-management-state-of-the-science2014global-perspectives/view.html
./library/resources/rmp/frame/communities/ce-community.html
./library/resources/rmp/library/content.html
./library/resources/rmp/library/content/global-assessment-cbnrm-challenges-rural-sector.html
./library/resources/rmp/library/content/abcg-documents.html
./library/resources/rmp/library/content/scoping-study-strengthening-women-management-forests-redd.html
./library/resources/rmp/library/content/gender-in-redd-handbook-facilitators.html
./library/resources/rmp/library/content/analyse-filiere-charbon-bois-zones-usaid/view.html
./library/resources/rmp/library/content/frame/doc-44-compass-assessment.doc/view.html
./library/resources/rmp/library/content/frame/legal-pluralism-and-property-rights.html
./library/resources/rmp/library/content/frame/draft-agenda-ouagadougou-nwp-workshop-2005/view.html
./library/resources/rmp/library/content/frame/community-partnerships-for-sustainable-resource-management-compass-ii-annual-report-2006/view.html
./library/resources/rmp/library/content/frame/compass-ii-semi-annual-progress-report2014-oct.-07-2013-mar-09/view.html
./library/resources/rmp/library/content/frame/a0645f00.pdf/view.html
./library/resources/rmp/library/content/frame/compass-semi-annual-progress-report-oct-08-2013-mar-09/view.html
./library/resources/rmp/library/content/frame/malawi-case-studies.pdf/view.html
./library/resources/rmp/library/content/frame/cpr-in-india-and-west-africa.pdf/view.html
./library/resources/rmp/library/content/frame/decentralisation-and-nrm-in-la.pdf/view.html
./library/resources/rmp/library/content/frame/compass-ii-quarterly-progress-report2014-2nd-quarter-2006/view.html
./library/resources/rmp/library/content/frame/evaluation-of-wula-nafaa-ppt-presentation/view.html
./library/resources/rmp/library/content/frame/compass-ii-annual-work-plan-2008-9-final/view.html
./library/resources/rmp/library/content/frame/land-degradation-case-studies-07-chile.html
./library/resources/rmp/library/content/frame/democratic-decentralization-in-forestry.html
./library/resources/rmp/library/content/frame/compass-ii-quarterly-progress-report-3rd-quarter-2005-1-april-2013-30-june-2005/view.html
./library/resources/rmp/library/content/frame/community-partnerships-for-sustainable-resource-management-compass-ii-annual-report-2007/view.html
./library/resources/rmp/library/content/frame/draft-agenda-ouagadougou-nwp-workshop-2005.html
./library/resources/rmp/library/content/frame/library-collection.html
./library/resources/rmp/library/content/frame/doc18lowershire.doc/view.html
./library/resources/rmp/library/content/frame/developing-local-capacity-for-management-of-natural-resource-conflicts-in-africa-a-review-of-key-issues-approaches-and-outcomes/view.html
./library/resources/rmp/library/content/frame/decentralisation-and-cbnrm-framework-for-a-review-of-progress-challenges-and-opportunities/view.html
./library/resources/rmp/library/content/frame/engendering-eden-volume-iii-women-gender-and-icdps-in-south-and-south-east-asia-lessons-learnt-and-experiences-shared.html
./library/resources/rmp/library/content/frame/compass-ii-semi-annual-progress-report2014-oct.-07-2013-mar-08/view.html
./library/resources/rmp/library/content/frame/land-degradation-case-studies-07-chile/view.html
./library/resources/rmp/library/content/frame/compass-ii-quarterly-progress-report2014-3rd-quarter-2006/view.html
./library/resources/rmp/library/content/frame/compass-ii-quarterly-progress-report2014-1st-quarter-2007/view.html
./library/resources/rmp/library/content/frame/land-degradation-case-studies-06-rwanda.html
./library/resources/rmp/library/content/frame/index.html
./library/resources/rmp/library/content/frame/evaluation-of-wula-nafaa-ppt-presentation.html
./library/resources/rmp/library/content/frame/enhancing-economic-opportunities/view.html
./library/resources/rmp/library/content/frame/hh-livelihood-strategies-in-africa.pdf/view.html
./library/resources/rmp/library/content/frame/compass-ii-quarterly-progress-report-1st-quarter-2005-1-oct-2013-31-dec-2004/view.html
./library/resources/rmp/library/content/frame/valuing-the-resources-of-mulanje-mountain-study-design/view.html
./library/resources/rmp/library/content/frame/participation-in-a-gendered-environment-india.pdf/view.html
./library/resources/rmp/library/content/frame/fdi-and-income-inequality-in-la.pdf/view.html
./library/resources/rmp/library/content/frame/impact-of-inequality-in-local-natural-resource-management.html
./library/resources/rmp/library/content/frame/compass-ii-quarterly-progress-report-2nd-quarter-2005-1-jan-2013-31-mar-2005/view.html
./library/resources/rmp/library/content/frame/compass-ii-quarterly-progress-report2014-1st-quarter-2006/view.html
./library/resources/rmp/library/content/frame/doc-61-advanced-gis-final.doc/view.html
./library/resources/rmp/library/content/frame/community-partnerships-for-sustainable-resource-management-compass-ii-annual-report-2005/view.html
./library/resources/rmp/library/content/frame/developing-local-capacity-for-management-of-natural-resource-conflicts-in-africa-a-review-of-key-issues-approaches-and-outcomes.html
./library/resources/rmp/library/content/frame/land-degradation-case-studies-08-indonesia/view.html
./library/resources/rmp/library/content/frame/valuing-the-resources-of-mulanje-mountain-results/view.html
./library/resources/rmp/library/content/frame/engendering-eden-volume-iii-women-gender-and-icdps-in-south-and-south-east-asia-lessons-learnt-and-experiences-shared/view.html
./library/resources/rmp/library/content/frame/evaluation-of-usaid-agriculture-and-natural-resources-management-program-wula-nafaa/view.html
./library/resources/rmp/library/content/frame/compass-ii-quarterly-progress-report2014-3rd-quarter-2007/view.html
./library/resources/rmp/library/content/frame/impact-of-inequality-in-local-natural-resource-management/view.html
./library/resources/rmp/library/content/frame/interpreting-change-in-african-ag-thru-village-studies.pdf/view.html
./library/resources/rmp/library/content/frame/annual-progress-report-2008-final/view.html
./library/resources/rmp/library/content/frame/take-a-walk-in-the-woods-in-mkuwazi-forest/view.html
./library/resources/rmp/library/content/frame/land-inequality-and-conflict-in-africa.pdf/view.html
./library/resources/rmp/library/content/frame/communities-building-upon-what-they-do-best-an-appreciative-inquiry-approach-to-community-based-natural-resource-management/view.html
./library/resources/rmp/library/content/frame/evaluation-of-usaid-agriculture-and-natural-resources-management-program-wula-nafaa.html
./library/resources/rmp/library/content/frame/capriwp14.pdf/view.html
./library/resources/rmp/library/content/frame/land-degradation-case-studies-08-indonesia.html
./library/resources/rmp/library/content/frame/cifor-news/view.html
./library/resources/rmp/library/content/frame/community-resources-mapping-land-use-mapping-2013-for-the-people-by-the-people/view.html
./library/resources/rmp/library/content/frame/democratic-decentralization-in-forestry/view.html
./library/resources/rmp/library/content/frame/the-preliminary-assessment-of-the-resource-base-of-jateorhiza-species-calumba-root-in-malawi/view.html
./library/resources/rmp/library/content/frame/donor-aid-to-african-agriculture.pdf/view.html
./library/resources/rmp/library/content/frame/compass-ii-annual-work-plan-2005/view.html
./library/resources/rmp/library/content/frame/legal-pluralism-and-property-rights/view.html
./library/resources/rmp/library/content/frame/land-degradation-case-studies-06-rwanda/view.html
./library/resources/rmp/library/content/frame/addressing-the-business-services-needs-for-rural-natural-resourcesbased-enterprises-in-malawi/view.html
./library/resources/rmp/library/content/frame/community-partnerships-for-sustainable-resource-management-compass-ii-annual-report-2004/view.html
./library/resources/rmp/library/content/frame/biodiversity-assessment-for-malawi/view.html
./library/resources/rmp/library/content/frame/escaping-poverty-and-becoming-poor.pdf/view.html
./library/resources/rmp/library/content/frame/cifor-news.html
./library/resources/rmp/library/content/frame/compass-ii-final-2009/view.html
./library/resources/rmp/library/content/frame/compass-ii-quarterly-progress-report2014-2nd-quarter-2007/view.html
./library/resources/rmp/library/content/frame/compass-ii-annual-work-plan-2006/view.html
./library/resources/rmp/library/content/frame/decentralisation-and-forestry-a-review-of-progress-challenges-and-opportunities-for-cbnrm-in-the-forestry-sector/view.html
./library/resources/rmp/library/content/food-for-peace-library.html
./library/resources/rmp/library/content/Gender_and_Development.html
./library/resources/rmp/library/content/combined-eight-wildlife-friendly-documents-and-brochures.html
./library/resources/rmp/library/content/Integrated_Pest_Management.html
./library/resources/rmp/library/content/Climate_Change_and_Weather/a-century-of-climate-change-impact-on-mammals-at-yellowstone_science-08-2008/view.html
./library/resources/rmp/library/content/gender-in-redd-handbook-facilitators/view.html
./library/resources/rmp/library/content/building-redd-lessons-learned-meeting/view.html
./library/resources/rmp/library/content/cbnrm library /library-collection.html
./library/resources/rmp/library/content/cbnrm library /assessment-of-community-based-natural-resource-management-cbnrm-in-southern-africa/view.html
./library/resources/rmp/library/content/cbnrm library /index.html
./library/resources/rmp/library/content/cbnrm library /synthesis-of-the-current-status-of-cbnrm-policy-and-legislation-in-botswana-malawi-mozambique-namibia-zambia-and-zimbabwe/view.html
./library/resources/rmp/library/content/cbnrm library /bibliography-zambia-and-climate-change/view.html
./library/resources/rmp/library/content/cbnrm library /sarposynthesis-of-the-cbnrm-policy-and-legislation.html
./library/resources/rmp/library/content/cbnrm library /a-review-of-design-principles-for-community-based-natural-resource-management.html
./library/resources/rmp/library/content/cbnrm library /bibliography-zambia-and-climate-change.html
./library/resources/rmp/library/content/cbnrm library /sarposynthesis-of-the-cbnrm-policy-and-legislation/view.html
./library/resources/rmp/library/content/cbnrm library /a-review-of-design-principles-for-community-based-natural-resource-management/view.html
./library/resources/rmp/library/content/cbnrm library /synthesis-of-the-current-status-of-cbnrm-policy-and-legislation-in-botswana-malawi-mozambique-namibia-zambia-and-zimbabwe.html
./library/resources/rmp/library/content/cbnrm library /assessment-of-community-based-natural-resource-management-cbnrm-in-southern-africa.html
./library/resources/rmp/library/content/the-international-institute-of-tropical-forestry-us-forest-service.html
./library/resources/rmp/library/content/library-collection.html
./library/resources/rmp/library/content/frame.html
./library/resources/rmp/library/content/making-gender-count-leveraging-m-e-to-mainstream-gender/view.html
./library/resources/rmp/library/content/conference-agenda-value-chain-dynamics-for-natural-products-cebu-2008/view.html
./library/resources/rmp/library/content/lgbt-vision-for-action.html
./library/resources/rmp/library/content/index.html
./library/resources/rmp/library/content/lgbt-vision-for-action/view.html
./library/resources/rmp/library/content/combined-eight-wildlife-friendly-documents-and-brochures/view.html
./library/resources/rmp/library/content/global-assessment-cbnrm-challenges-rural-sector/view.html
./library/resources/rmp/library/content/executive-summary-synergies-nwp.html
./library/resources/rmp/library/content/the-international-institute-of-tropical-forestry-us-forest-service/jamaica.html
./library/resources/rmp/library/content/the-international-institute-of-tropical-forestry-us-forest-service/dominican-republic/evaluation-rapid-de-potencial-ecoturistico-en-el-refugio-de-vida-silvestre-manglar-la-gina-miches-republica-dominicana.html
./library/resources/rmp/library/content/the-international-institute-of-tropical-forestry-us-forest-service/dominican-republic/parque-nacional-submarino-la-caleta-recommendations-and-designs-for-phase-i-signage/view.html
./library/resources/rmp/library/content/the-international-institute-of-tropical-forestry-us-forest-service/dominican-republic/recommendations-for-tourism-and-biodiversity-conservation-at-laguna-bavaro-wildlife-refuge-dominican-republic/view.html
./library/resources/rmp/library/content/the-international-institute-of-tropical-forestry-us-forest-service/dominican-republic/evaluacion-rapida-del-sitio-arqueologico-piedras-letreadas-constanza-republica-domicana/view.html
./library/resources/rmp/library/content/the-international-institute-of-tropical-forestry-us-forest-service/dominican-republic/final-report-historic-interpretation-and-commemorative-event-100th-anniversary-of-the-uss-memphis-santo-domingo-dominican-republic/view.html
./library/resources/rmp/library/content/the-international-institute-of-tropical-forestry-us-forest-service/dominican-republic/i-tree-urban-forest-assessment-in-santo-domingo2019s-colonial-city.html
./library/resources/rmp/library/content/the-international-institute-of-tropical-forestry-us-forest-service/dominican-republic/parque-nacional-submarino-la-caleta-recommendations-for-kayak-tourism-and-training/view.html
./library/resources/rmp/library/content/the-international-institute-of-tropical-forestry-us-forest-service/dominican-republic/rapid-assessment-of-ecotourism-potential-in-the-la-gina-refugio-de-vida-silvestre-manglar-miches-dominican-republic/view.html
./library/resources/rmp/library/content/the-international-institute-of-tropical-forestry-us-forest-service/dominican-republic/rapid-assessment-for-ecotourism-development-at-laguna-limon-los-guineos-dominican-republic.html
./library/resources/rmp/library/content/the-international-institute-of-tropical-forestry-us-forest-service/dominican-republic/plan-de-senalizacion-del-parque-nacional-del-este-republica-dominicana/view.html
./library/resources/rmp/library/content/the-international-institute-of-tropical-forestry-us-forest-service/dominican-republic/final-report-historic-interpretation-and-commemorative-event-100th-anniversary-of-the-uss-memphis-santo-domingo-dominican-republic.html
./library/resources/rmp/library/content/the-international-institute-of-tropical-forestry-us-forest-service/dominican-republic/recomendaciones-para-senderos-de-observacion-de-aves-en-dos-parques-urbanos-en-la-republica-dominicana/view.html
./library/resources/rmp/library/content/the-international-institute-of-tropical-forestry-us-forest-service/dominican-republic/development-of-kayak-tourism-at-laguna-bavaro-punta-cana-dominican-republic.html
./library/resources/rmp/library/content/the-international-institute-of-tropical-forestry-us-forest-service/dominican-republic/i-tree-ecosystem-analysis-colonial-city-santo-domingo-dominican-republic.html
./library/resources/rmp/library/content/the-international-institute-of-tropical-forestry-us-forest-service/dominican-republic/evaluacion-de-necesidades-y-vacios-para-el-establecimiento-do-un-systema-de-informacion-geografica-sig/view.html
./library/resources/rmp/library/content/the-international-institute-of-tropical-forestry-us-forest-service/dominican-republic/ideas-para-la-produccion-de-miel-orgaica-sendero-padre-nuestro-parque-nacional-del-este-bayahibe-republica-dominica.html
./library/resources/rmp/library/content/the-international-institute-of-tropical-forestry-us-forest-service/dominican-republic/library-collection.html
./library/resources/rmp/library/content/the-international-institute-of-tropical-forestry-us-forest-service/dominican-republic/padre-nuestro-trail-parque-nacioinal-del-este-recommendations-for-improved-interpretation-and-signage/view.html
./library/resources/rmp/library/content/the-international-institute-of-tropical-forestry-us-forest-service/dominican-republic/parque-nacional-submarino-la-caleta-recommendations-for-kayak-tourism/view.html
./library/resources/rmp/library/content/the-international-institute-of-tropical-forestry-us-forest-service/dominican-republic/rapid-assessment-and-recommendations-for-ecotourism-development-at-sereno-de-la-montana-espaillat-dominican-republic.html
./library/resources/rmp/library/content/the-international-institute-of-tropical-forestry-us-forest-service/dominican-republic/estado-de-avances-y-acciones-pendientes-sendero-padre-nuestro-parque-nacional-del-este-republica-dominicana/view.html
./library/resources/rmp/library/content/the-international-institute-of-tropical-forestry-us-forest-service/dominican-republic/enhancing-tourism-and-biodiversity-in-the-dominican-republic-recommendations-for-tourism-development-at-the-aguas-blancas-waterfall-site/view.html
./library/resources/rmp/library/content/the-international-institute-of-tropical-forestry-us-forest-service/dominican-republic/evaluation-rapid-de-potencial-ecoturistico-en-el-refugio-de-vida-silvestre-manglar-la-gina-miches-republica-dominicana/view.html
./library/resources/rmp/library/content/the-international-institute-of-tropical-forestry-us-forest-service/dominican-republic/index.html
./library/resources/rmp/library/content/the-international-institute-of-tropical-forestry-us-forest-service/dominican-republic/parque-nacional-submarino-la-caleta-recommendations-for-kayak-tourism-and-training.html
./library/resources/rmp/library/content/the-international-institute-of-tropical-forestry-us-forest-service/dominican-republic/development-of-kayak-tourism-at-laguna-bavaro-punta-cana-dominican-republic/view.html
./library/resources/rmp/library/content/the-international-institute-of-tropical-forestry-us-forest-service/dominican-republic/parque-nacional-submarino-la-caleta-designs-for-marketing-materials-and-souvenirs.html
./library/resources/rmp/library/content/the-international-institute-of-tropical-forestry-us-forest-service/dominican-republic/estado-de-avances-y-acciones-pendientes-sendero-padre-nuestro-parque-nacional-del-este-republica-dominicana.html
./library/resources/rmp/library/content/the-international-institute-of-tropical-forestry-us-forest-service/dominican-republic/global-big-day-foto-report/view.html
./library/resources/rmp/library/content/the-international-institute-of-tropical-forestry-us-forest-service/dominican-republic/global-big-day-foto-report.html
./library/resources/rmp/library/content/the-international-institute-of-tropical-forestry-us-forest-service/dominican-republic/parque-nacional-submarino-la-caleta-designs-for-marketing-materials-and-souvenirs/view.html
./library/resources/rmp/library/content/the-international-institute-of-tropical-forestry-us-forest-service/dominican-republic/recommendations-for-tourism-and-biodiversity-conservation-at-laguna-bavaro-wildlife-refuge-dominican-republic.html
./library/resources/rmp/library/content/the-international-institute-of-tropical-forestry-us-forest-service/dominican-republic/mejoramiento-del-sendero-aguas-blancas-parque-nacional-valle-nuevo-constanza-republica-dominica.html
./library/resources/rmp/library/content/the-international-institute-of-tropical-forestry-us-forest-service/dominican-republic/i-tree-urban-forest-assessment-in-santo-domingo2019s-colonial-city/view.html
./library/resources/rmp/library/content/the-international-institute-of-tropical-forestry-us-forest-service/dominican-republic/parque-nacional-submarino-la-caleta-recommendations-for-kayak-tourism.html
./library/resources/rmp/library/content/the-international-institute-of-tropical-forestry-us-forest-service/dominican-republic/evaluacion-rapida-del-sitio-arqueologico-piedras-letreadas-constanza-republica-domicana.html
./library/resources/rmp/library/content/the-international-institute-of-tropical-forestry-us-forest-service/dominican-republic/ideas-para-la-produccion-de-miel-orgaica-sendero-padre-nuestro-parque-nacional-del-este-bayahibe-republica-dominica/view.html
./library/resources/rmp/library/content/the-international-institute-of-tropical-forestry-us-forest-service/dominican-republic/recommendations-for-heritage-interpretation-at-the-iberostar-hacienda-domininics-hotel-bayahibe-dominican-republic.html
./library/resources/rmp/library/content/the-international-institute-of-tropical-forestry-us-forest-service/dominican-republic/evaluacion-de-necesidades-y-vacios-para-el-establecimiento-do-un-systema-de-informacion-geografica-sig.html
./library/resources/rmp/library/content/the-international-institute-of-tropical-forestry-us-forest-service/dominican-republic/i-tree-ecosystem-analysis-colonial-city-santo-domingo-dominican-republic/view.html
./library/resources/rmp/library/content/the-international-institute-of-tropical-forestry-us-forest-service/dominican-republic/mejoramiento-del-sendero-aguas-blancas-parque-nacional-valle-nuevo-constanza-republica-dominica/view.html
./library/resources/rmp/library/content/the-international-institute-of-tropical-forestry-us-forest-service/dominican-republic/enhancing-tourism-and-biodiversity-in-the-dominican-republic-recommendations-for-tourism-development-at-the-aguas-blancas-waterfall-site.html
./library/resources/rmp/library/content/the-international-institute-of-tropical-forestry-us-forest-service/dominican-republic/rapid-assessment-of-tourism-activities-in-the-indigenous-eyes-ecological-reserve-punta-cana-resort-dominican-republic.html
./library/resources/rmp/library/content/the-international-institute-of-tropical-forestry-us-forest-service/dominican-republic/rapid-assessment-and-recommendations-for-ecotourism-development-at-sereno-de-la-montana-espaillat-dominican-republic/view.html
./library/resources/rmp/library/content/the-international-institute-of-tropical-forestry-us-forest-service/dominican-republic/parque-nacional-submarino-la-caleta-recommendations-and-designs-for-phase-i-signage.html
./library/resources/rmp/library/content/the-international-institute-of-tropical-forestry-us-forest-service/dominican-republic/plan-de-senalizacion-del-parque-nacional-del-este-republica-dominicana.html
./library/resources/rmp/library/content/the-international-institute-of-tropical-forestry-us-forest-service/dominican-republic/rapid-assessment-for-ecotourism-development-at-laguna-limon-los-guineos-dominican-republic/view.html
./library/resources/rmp/library/content/the-international-institute-of-tropical-forestry-us-forest-service/dominican-republic/padre-nuestro-trail-parque-nacioinal-del-este-recommendations-for-improved-interpretation-and-signage.html
./library/resources/rmp/library/content/the-international-institute-of-tropical-forestry-us-forest-service/dominican-republic/recomendaciones-para-senderos-de-observacion-de-aves-en-dos-parques-urbanos-en-la-republica-dominicana.html
./library/resources/rmp/library/content/the-international-institute-of-tropical-forestry-us-forest-service/dominican-republic/recommendations-for-heritage-interpretation-at-the-iberostar-hacienda-domininics-hotel-bayahibe-dominican-republic/view.html
./library/resources/rmp/library/content/the-international-institute-of-tropical-forestry-us-forest-service/dominican-republic/rapid-assessment-of-tourism-activities-in-the-indigenous-eyes-ecological-reserve-punta-cana-resort-dominican-republic/view.html
./library/resources/rmp/library/content/the-international-institute-of-tropical-forestry-us-forest-service/dominican-republic/rapid-assessment-of-ecotourism-potential-in-the-la-gina-refugio-de-vida-silvestre-manglar-miches-dominican-republic.html
./library/resources/rmp/library/content/the-international-institute-of-tropical-forestry-us-forest-service/panama.html
./library/resources/rmp/library/content/the-international-institute-of-tropical-forestry-us-forest-service/panama/kayaking-opportunities-on-the-lower-chagres-river-panama.html
./library/resources/rmp/library/content/the-international-institute-of-tropical-forestry-us-forest-service/panama/limits-of-acceptable-change-for-fort-san-lorenzo-panama/view.html
./library/resources/rmp/library/content/the-international-institute-of-tropical-forestry-us-forest-service/panama/rapid-assessment-and-recommendations-for-ecotourism-development-in-the-lefevre-panama-bay-property-panama-city-republic-of-panama.html
./library/resources/rmp/library/content/the-international-institute-of-tropical-forestry-us-forest-service/panama/an-ecotourism-strategy-and-action-plan-for-soberania-national-park-panama/view.html
./library/resources/rmp/library/content/the-international-institute-of-tropical-forestry-us-forest-service/panama/an-ecotourism-strategy-and-action-plan-for-soberania-national-park-panama.html
./library/resources/rmp/library/content/the-international-institute-of-tropical-forestry-us-forest-service/panama/limits-of-acceptable-change-for-fort-san-lorenzo-panama.html
./library/resources/rmp/library/content/the-international-institute-of-tropical-forestry-us-forest-service/panama/sign-designs-for-metropolitan-park/library-collection.html
./library/resources/rmp/library/content/the-international-institute-of-tropical-forestry-us-forest-service/panama/sign-designs-for-metropolitan-park/sample-of-sign-designs-for-metro-park.html
./library/resources/rmp/library/content/the-international-institute-of-tropical-forestry-us-forest-service/panama/sign-designs-for-metropolitan-park/index.html
./library/resources/rmp/library/content/the-international-institute-of-tropical-forestry-us-forest-service/panama/sign-designs-for-metropolitan-park/sample-of-sign-designs-for-metro-park/view.html
./library/resources/rmp/library/content/the-international-institute-of-tropical-forestry-us-forest-service/panama/castillo-san-lorenzo-panama-concepts-for-interpretation-and-site-planning.html
./library/resources/rmp/library/content/the-international-institute-of-tropical-forestry-us-forest-service/panama/plan-de-senalizacion-para-el-parque-nacional-soberania-republica-de-panama/view.html
./library/resources/rmp/library/content/the-international-institute-of-tropical-forestry-us-forest-service/panama/ecotourism-and-recreation-in-the-panama-canal-watershed-preliminary-assessment-and-recommendations.html
./library/resources/rmp/library/content/the-international-institute-of-tropical-forestry-us-forest-service/panama/sign-specifications-for-soberania-national-park-republic-of-panama.html
./library/resources/rmp/library/content/the-international-institute-of-tropical-forestry-us-forest-service/panama/library-collection.html
./library/resources/rmp/library/content/the-international-institute-of-tropical-forestry-us-forest-service/panama/sign-specifications-for-soberania-national-park-republic-of-panama/view.html
./library/resources/rmp/library/content/the-international-institute-of-tropical-forestry-us-forest-service/panama/castillo-san-lorenzo-panama-concepts-for-interpretation-and-site-planning/view.html
./library/resources/rmp/library/content/the-international-institute-of-tropical-forestry-us-forest-service/panama/sign-designs-for-metropolitan-park.html
./library/resources/rmp/library/content/the-international-institute-of-tropical-forestry-us-forest-service/panama/ecotourism-and-recreation-in-the-panama-canal-watershed-preliminary-assessment-and-recommendations/view.html
./library/resources/rmp/library/content/the-international-institute-of-tropical-forestry-us-forest-service/panama/kayak-and-canoe-report.html
./library/resources/rmp/library/content/the-international-institute-of-tropical-forestry-us-forest-service/panama/development-of-partnerships-and-funding-for-protected-areas-in-the-panama-canal-watershed.html
./library/resources/rmp/library/content/the-international-institute-of-tropical-forestry-us-forest-service/panama/index.html
./library/resources/rmp/library/content/the-international-institute-of-tropical-forestry-us-forest-service/panama/usda-forest-service-pasa-525-p-ag-98-0072-00-final-report-for-usaid-panama-1.html
./library/resources/rmp/library/content/the-international-institute-of-tropical-forestry-us-forest-service/panama/kayaking-opportunities-on-the-lower-chagres-river-panama/view.html
./library/resources/rmp/library/content/the-international-institute-of-tropical-forestry-us-forest-service/panama/recreation-and-scenery-management-for-the-san-lorenzo-protected-area-panama-summary-and-table-of-contents/view.html
./library/resources/rmp/library/content/the-international-institute-of-tropical-forestry-us-forest-service/panama/kayak-and-canoe-report/view.html
./library/resources/rmp/library/content/the-international-institute-of-tropical-forestry-us-forest-service/panama/embera-drua-marketing-materials-panama.html
./library/resources/rmp/library/content/the-international-institute-of-tropical-forestry-us-forest-service/panama/ecotourism-and-recreation-in-the-panama-canal-watershed-preliminary-assessment-and-recommendations-2/view.html
./library/resources/rmp/library/content/the-international-institute-of-tropical-forestry-us-forest-service/panama/ecotourism-and-recreation-in-the-panama-canal-watershed-preliminary-assessment-and-recommendations-2.html
./library/resources/rmp/library/content/the-international-institute-of-tropical-forestry-us-forest-service/panama/sustainable-ecotourism-development-in-the-embera-indigenous-communities-chagres-national-park-panama/view.html
./library/resources/rmp/library/content/the-international-institute-of-tropical-forestry-us-forest-service/panama/embera-drua-marketing-materials-panama/view.html
./library/resources/rmp/library/content/the-international-institute-of-tropical-forestry-us-forest-service/panama/rapid-assessment-and-recommendations-for-ecotourism-development-in-the-hacienda-santa-monica-cocle-panama/view.html
./library/resources/rmp/library/content/the-international-institute-of-tropical-forestry-us-forest-service/panama/developing-a-tourism-image-for-the-san-lorenzo-protected-area-panama.html
./library/resources/rmp/library/content/the-international-institute-of-tropical-forestry-us-forest-service/panama/developing-a-tourism-image-for-the-san-lorenzo-protected-area-panama/view.html
./library/resources/rmp/library/content/the-international-institute-of-tropical-forestry-us-forest-service/panama/rapid-assessment-and-recommendations-for-ecotourism-development-in-the-lefevre-panama-bay-property-panama-city-republic-of-panama/view.html
./library/resources/rmp/library/content/the-international-institute-of-tropical-forestry-us-forest-service/panama/rapid-assessment-and-recommendations-for-ecotourism-development-in-the-hacienda-santa-monica-cocle-panama.html
./library/resources/rmp/library/content/the-international-institute-of-tropical-forestry-us-forest-service/panama/development-of-partnerships-and-funding-for-protected-areas-in-the-panama-canal-watershed/view.html
./library/resources/rmp/library/content/the-international-institute-of-tropical-forestry-us-forest-service/panama/a-sign-plan-for-soberania-national-park-republic-of-panama.html
./library/resources/rmp/library/content/the-international-institute-of-tropical-forestry-us-forest-service/panama/usda-forest-service-pasa-525-p-ag-98-0072-00-final-report-for-usaid-panama-1/view.html
./library/resources/rmp/library/content/the-international-institute-of-tropical-forestry-us-forest-service/panama/sustainable-ecotourism-development-in-the-embera-indigenous-communities-chagres-national-park-panama.html
./library/resources/rmp/library/content/the-international-institute-of-tropical-forestry-us-forest-service/panama/recreation-and-scenery-management-for-the-san-lorenzo-protected-area-panama-summary-and-table-of-contents.html
./library/resources/rmp/library/content/the-international-institute-of-tropical-forestry-us-forest-service/panama/a-sign-plan-for-soberania-national-park-republic-of-panama/view.html
./library/resources/rmp/library/content/the-international-institute-of-tropical-forestry-us-forest-service/panama/plan-de-senalizacion-para-el-parque-nacional-soberania-republica-de-panama.html
./library/resources/rmp/library/content/the-international-institute-of-tropical-forestry-us-forest-service/dominican-republic.html
./library/resources/rmp/library/content/the-international-institute-of-tropical-forestry-us-forest-service/miscellaneous-publications/kayaking-in-the-dominican-republic-fun-for-tourists-and-good-jobs-for-locals/view.html
./library/resources/rmp/library/content/the-international-institute-of-tropical-forestry-us-forest-service/miscellaneous-publications/library-collection.html
./library/resources/rmp/library/content/the-international-institute-of-tropical-forestry-us-forest-service/miscellaneous-publications/index.html
./library/resources/rmp/library/content/the-international-institute-of-tropical-forestry-us-forest-service/miscellaneous-publications/kayaking-in-the-dominican-republic-fun-for-tourists-and-good-jobs-for-locals.html
./library/resources/rmp/library/content/the-international-institute-of-tropical-forestry-us-forest-service/miscellaneous-publications/planeacion-interpretativa-ppt/view.html
./library/resources/rmp/library/content/the-international-institute-of-tropical-forestry-us-forest-service/miscellaneous-publications/the-changing-face-of-tourism/view.html
./library/resources/rmp/library/content/the-international-institute-of-tropical-forestry-us-forest-service/miscellaneous-publications/the-changing-face-of-tourism.html
./library/resources/rmp/library/content/the-international-institute-of-tropical-forestry-us-forest-service/miscellaneous-publications/planeacion-interpretativa-ppt.html
./library/resources/rmp/library/content/the-international-institute-of-tropical-forestry-us-forest-service/nicaragua.html
./library/resources/rmp/library/content/the-international-institute-of-tropical-forestry-us-forest-service/jamaica/montigo-bay-marine-park-kayak-water-trail-ppt/view.html
./library/resources/rmp/library/content/the-international-institute-of-tropical-forestry-us-forest-service/jamaica/library-collection.html
./library/resources/rmp/library/content/the-international-institute-of-tropical-forestry-us-forest-service/jamaica/montigo-bay-marine-park-kayak-water-trail-ppt.html
./library/resources/rmp/library/content/the-international-institute-of-tropical-forestry-us-forest-service/jamaica/index.html
./library/resources/rmp/library/content/the-international-institute-of-tropical-forestry-us-forest-service/nicaragua/sea-kayak-assessment-of-pearl-lagoon-nicaragua-summary-of-findings-and-recommendations.html
./library/resources/rmp/library/content/the-international-institute-of-tropical-forestry-us-forest-service/nicaragua/designs-for-interpretive-panels-at-pearl-lagoon.html
./library/resources/rmp/library/content/the-international-institute-of-tropical-forestry-us-forest-service/nicaragua/paso-pacifico-making-connections-for-conservation.html
./library/resources/rmp/library/content/the-international-institute-of-tropical-forestry-us-forest-service/nicaragua/paso-del-istmo-tourism-recommendations-for-community-based-kayak-tourism/view.html
./library/resources/rmp/library/content/the-international-institute-of-tropical-forestry-us-forest-service/nicaragua/designs-for-interpretive-panels-at-pearl-lagoon/view.html
./library/resources/rmp/library/content/the-international-institute-of-tropical-forestry-us-forest-service/nicaragua/paso-del-istmo-tourism-recommendations-for-roadway-signage-from-san-juan-del-sur-to-ostional-and-interpretive-panels-at-la-flor-wildlife-refuge/view.html
./library/resources/rmp/library/content/the-international-institute-of-tropical-forestry-us-forest-service/nicaragua/library-collection.html
./library/resources/rmp/library/content/the-international-institute-of-tropical-forestry-us-forest-service/nicaragua/paso-del-istmo-tourism-swot-rapid-assessment.html
./library/resources/rmp/library/content/the-international-institute-of-tropical-forestry-us-forest-service/nicaragua/paso-pacifico-making-connections-for-conservation/view.html
./library/resources/rmp/library/content/the-international-institute-of-tropical-forestry-us-forest-service/nicaragua/index.html
./library/resources/rmp/library/content/the-international-institute-of-tropical-forestry-us-forest-service/nicaragua/tourism-in-the-pearl-lagoon-basin-recommendations-for-community-based-sustainable-tourism/view.html
./library/resources/rmp/library/content/the-international-institute-of-tropical-forestry-us-forest-service/nicaragua/critical-watershed-analysis_nica_2008.html
./library/resources/rmp/library/content/the-international-institute-of-tropical-forestry-us-forest-service/nicaragua/critical-watershed-analysis_nica_2008/view.html
./library/resources/rmp/library/content/the-international-institute-of-tropical-forestry-us-forest-service/nicaragua/tourism-in-the-pearl-lagoon-basin-recommendations-for-community-based-sustainable-tourism.html
./library/resources/rmp/library/content/the-international-institute-of-tropical-forestry-us-forest-service/nicaragua/signs-recommendations-and-designs-phase-i-highway-and-road-signage-in-the-protected-areas-of-nicaragua.html
./library/resources/rmp/library/content/the-international-institute-of-tropical-forestry-us-forest-service/nicaragua/signs-recommendations-and-designs-phase-i-highway-and-road-signage-in-the-protected-areas-of-nicaragua/view.html
./library/resources/rmp/library/content/the-international-institute-of-tropical-forestry-us-forest-service/nicaragua/sea-kayak-assessment-for-the-pearl-cays-nicaragua-summary-of-findings-and-recommendations.html
./library/resources/rmp/library/content/the-international-institute-of-tropical-forestry-us-forest-service/nicaragua/sea-kayak-assessment-of-pearl-lagoon-nicaragua-summary-of-findings-and-recommendations/view.html
./library/resources/rmp/library/content/the-international-institute-of-tropical-forestry-us-forest-service/nicaragua/hervideros-de-san-jacinto-ppt.html
./library/resources/rmp/library/content/the-international-institute-of-tropical-forestry-us-forest-service/nicaragua/sea-kayak-assessment-for-the-pearl-cays-nicaragua-summary-of-findings-and-recommendations/view.html
./library/resources/rmp/library/content/the-international-institute-of-tropical-forestry-us-forest-service/nicaragua/paso-del-istmo-tourism-recommendations-for-community-based-kayak-tourism.html
./library/resources/rmp/library/content/the-international-institute-of-tropical-forestry-us-forest-service/nicaragua/trip-report-for-pearl-lagoon-nicaragua.html
./library/resources/rmp/library/content/the-international-institute-of-tropical-forestry-us-forest-service/nicaragua/paso-del-istmo-tourism-swot-rapid-assessment/view.html
./library/resources/rmp/library/content/the-international-institute-of-tropical-forestry-us-forest-service/nicaragua/trip-report-for-pearl-lagoon-nicaragua/view.html
./library/resources/rmp/library/content/the-international-institute-of-tropical-forestry-us-forest-service/nicaragua/hervideros-de-san-jacinto-ppt/view.html
./library/resources/rmp/library/content/the-international-institute-of-tropical-forestry-us-forest-service/miscellaneous-publications.html
./library/resources/rmp/library/content/food-for-peace-library/flood-control-and-drainage-case-study/view.html
./library/resources/rmp/library/content/food-for-peace-library/environmental-budgeting-presentation.html
./library/resources/rmp/library/content/food-for-peace-library/irrigation-and-soil-conservation-case-study/view.html
./library/resources/rmp/library/content/food-for-peace-library/economic-institutional-development-case-study/view.html
./library/resources/rmp/library/content/food-for-peace-library/infrastructure-case-study/view.html
./library/resources/rmp/library/content/food-for-peace-library/sierra-leone-workshop-environmental-mitigation-management-using-improved-indicators.html
./library/resources/rmp/library/content/food-for-peace-library/economic-institutional-development-case-study.html
./library/resources/rmp/library/content/food-for-peace-library/annex-environmental-review-and-compliance-information/view.html
./library/resources/rmp/library/content/food-for-peace-library/title-ii-iee-fact-sheet-narrative-screening-form.html
./library/resources/rmp/library/content/food-for-peace-library/biodiversity-assessment-tracking-systems-brochure/view.html
./library/resources/rmp/library/content/food-for-peace-library/library-collection.html
./library/resources/rmp/library/content/food-for-peace-library/portable-water-and-sanitation-case-study/view.html
./library/resources/rmp/library/content/food-for-peace-library/sierra-leone-workshop-developing-an-environmental-management-plan/view.html
./library/resources/rmp/library/content/food-for-peace-library/sierra-leone-workshop-pointers-and-pitfalls-a-guide-to-successful-and-effective-iees.html
./library/resources/rmp/library/content/food-for-peace-library/haiti-rapid-environmental-assessment-case-study/view.html
./library/resources/rmp/library/content/food-for-peace-library/biodiversity-assessment-tracking-systems-brochure.html
./library/resources/rmp/library/content/food-for-peace-library/title-ii-environmental-status-report/view.html
./library/resources/rmp/library/content/food-for-peace-library/environmental-management-forms.html
./library/resources/rmp/library/content/food-for-peace-library/index.html
./library/resources/rmp/library/content/food-for-peace-library/haiti-workshop-environmental-mitigation-report-emr-irrigation-systems-rehabilitation/view.html
./library/resources/rmp/library/content/food-for-peace-library/agricultural-development-case-study/view.html
./library/resources/rmp/library/content/food-for-peace-library/commodity-and-ocean-freight-price-estimates-second-quarter-fy-2013.html
./library/resources/rmp/library/content/food-for-peace-library/environmental-budgeting-presentation/view.html
./library/resources/rmp/library/content/food-for-peace-library/sierra-leone-workshop-usaid-pesticide-procedures/view.html
./library/resources/rmp/library/content/food-for-peace-library/environmental-compliance-and-review/view.html
./library/resources/rmp/library/content/food-for-peace-library/environmental-management-forms/view.html
./library/resources/rmp/library/content/food-for-peace-library/haiti-workshop-rapid-enviornmental-assessment-rea-basic-concepts-and-methodology/view.html
./library/resources/rmp/library/content/food-for-peace-library/title-ii-iee-fact-sheet-narrative-screening-form/view.html
./library/resources/rmp/library/content/food-for-peace-library/haiti-rapid-environmental-assessment-case-study.html
./library/resources/rmp/library/content/food-for-peace-library/infrastructure-case-study.html
./library/resources/rmp/library/content/food-for-peace-library/title-ii-environmental-screening-form-table.html
./library/resources/rmp/library/content/food-for-peace-library/flood-control-and-drainage-case-study.html
./library/resources/rmp/library/content/food-for-peace-library/haiti-workshop-rapid-enviornmental-assessment-rea-basic-concepts-and-methodology.html
./library/resources/rmp/library/content/food-for-peace-library/usaid-environmental-compliance-procedures-22-cfr-216/view.html
./library/resources/rmp/library/content/food-for-peace-library/annex-environmental-review-and-compliance-information.html
./library/resources/rmp/library/content/food-for-peace-library/sierra-leone-workshop-environmental-mitigation-management-using-improved-indicators/view.html
./library/resources/rmp/library/content/food-for-peace-library/haiti-workshop-mainstreaming-environmental-impact-principles-into-monitoring-and-evaluation.html
./library/resources/rmp/library/content/food-for-peace-library/using-the-small-scale-guidelines.html
./library/resources/rmp/library/content/food-for-peace-library/portable-water-and-sanitation-case-study.html
./library/resources/rmp/library/content/food-for-peace-library/usaid-environmental-compliance-procedures-22-cfr-216.html
./library/resources/rmp/library/content/food-for-peace-library/title-ii-environmental-screening-form-table/view.html
./library/resources/rmp/library/content/food-for-peace-library/using-the-small-scale-guidelines/view.html
./library/resources/rmp/library/content/food-for-peace-library/title-ii-environmental-compliance-facesheet.html
./library/resources/rmp/library/content/food-for-peace-library/sierra-leone-workshop-developing-an-environmental-management-plan.html
./library/resources/rmp/library/content/food-for-peace-library/fy-2013-commodity-calculator-december-2012-february-2013/view.html
./library/resources/rmp/library/content/food-for-peace-library/environmental-compliance-and-review.html
./library/resources/rmp/library/content/food-for-peace-library/biodiversity-assessment-tracking-systems.html
./library/resources/rmp/library/content/food-for-peace-library/commodity-and-ocean-freight-price-estimates-second-quarter-fy-2013/view.html
./library/resources/rmp/library/content/food-for-peace-library/sierra-leone-workshop-pointers-and-pitfalls-a-guide-to-successful-and-effective-iees/view.html
./library/resources/rmp/library/content/food-for-peace-library/sierra-leone-worskhop-ffp-monitoring-and-evaluation/view.html
./library/resources/rmp/library/content/food-for-peace-library/biodiversity-assessment-tracking-systems/view.html
./library/resources/rmp/library/content/food-for-peace-library/haiti-workshop-mainstreaming-environmental-impact-principles-into-monitoring-and-evaluation/view.html
./library/resources/rmp/library/content/food-for-peace-library/agricultural-development-case-study.html
./library/resources/rmp/library/content/food-for-peace-library/haiti-workshop-environmental-mitigation-report-emr-irrigation-systems-rehabilitation.html
./library/resources/rmp/library/content/food-for-peace-library/title-ii-environmental-compliance-facesheet/view.html
./library/resources/rmp/library/content/food-for-peace-library/debris-removal-and-disposal-case-study.html
./library/resources/rmp/library/content/food-for-peace-library/title-ii-environmental-status-report.html
./library/resources/rmp/library/content/food-for-peace-library/sierra-leone-workshop-usaid-pesticide-procedures.html
./library/resources/rmp/library/content/food-for-peace-library/fy-2013-commodity-calculator-december-2012-february-2013.html
./library/resources/rmp/library/content/food-for-peace-library/sierra-leone-worskhop-ffp-monitoring-and-evaluation.html
./library/resources/rmp/library/content/food-for-peace-library/irrigation-and-soil-conservation-case-study.html
./library/resources/rmp/library/content/food-for-peace-library/debris-removal-and-disposal-case-study/view.html
./library/resources/rmp/library/content/Gender_and_Development/monitoringgovernmentbudgetscompliancecedaw_eng.pdf/view.html
./library/resources/rmp/library/content/Gender_and_Development/WID_Gender_Programs.pdf/view.html
./library/resources/rmp/library/content/Gender_and_Development/worldsurvey2004-women-migration.pdf/view.html
./library/resources/rmp/library/content/Gender_and_Development/benin_successstory_bestpractices_june2006.pdf/view.html
./library/resources/rmp/library/content/Gender_and_Development/resourcepackgenderaids_operationalguide_eng.pdf/view.html
./library/resources/rmp/library/content/Gender_and_Development/overview_market_access_women_2005.pdf/view.html
./library/resources/rmp/library/content/Gender_and_Development/transformingthenationalaidsresponse_summary_eng.pdf/view.html
./library/resources/rmp/library/content/Gender_and_Development/library-collection.html
./library/resources/rmp/library/content/Gender_and_Development/storybehindthenumbers_eng.pdf/view.html
./library/resources/rmp/library/content/Gender_and_Development/Womens_Rights.pdf/view.html
./library/resources/rmp/library/content/Gender_and_Development/newaidmodalitiesafrica_eng.pdf/view.html
./library/resources/rmp/library/content/Gender_and_Development/index.html
./library/resources/rmp/library/content/Gender_and_Development/multi_page-2.pdf/view.html
./library/resources/rmp/library/content/Gender_and_Development/towardsachievingmdgsinsudan_eng.pdf/view.html
./library/resources/rmp/library/content/Gender_and_Development/women-men-and-environmental-change-the-gender-dimensions-of-environmental-policies-and-programs.html
./library/resources/rmp/library/content/Gender_and_Development/eng.pdf/view.html
./library/resources/rmp/library/content/Gender_and_Development/harcourt-pp.pdf/view.html
./library/resources/rmp/library/content/Gender_and_Development/liberalization_gender_trade_fact_sheet_2005-2.pdf/view.html
./library/resources/rmp/library/content/Gender_and_Development/securing_the_peace.pdf/view.html
./library/resources/rmp/library/content/Gender_and_Development/webgenderhlth05eng.pdf/view.html
./library/resources/rmp/library/content/Gender_and_Development/i-reunion-nacional-sobre-investigacion-forestal-avances-y-pe.pdf/view.html
./library/resources/rmp/library/content/Gender_and_Development/v4e2tgug.pdf/view.html
./library/resources/rmp/library/content/Gender_and_Development/cga-indonesia-full-report.pdf/view.html
./library/resources/rmp/library/content/Gender_and_Development/gender_desert_leaf.pdf/view.html
./library/resources/rmp/library/content/Gender_and_Development/multi_page-3.pdf/view.html
./library/resources/rmp/library/content/Gender_and_Development/Women_and_Plants.pdf/view.html
./library/resources/rmp/library/content/Gender_and_Development/gender_desert.pdf/view.html
./library/resources/rmp/library/content/Gender_and_Development/pdacf877.pdf/view.html
./library/resources/rmp/library/content/Gender_and_Development/multi0page-2.pdf/view.html
./library/resources/rmp/library/content/Gender_and_Development/women-men-and-environmental-change-the-gender-dimensions-of-environmental-policies-and-programs/view.html
./library/resources/rmp/library/content/improving-grassroots-equity-forests-climate-change-manual-pdf.html
./library/resources/rmp/library/content/gender-community-forests-changing-landscape-thailand.html
./library/resources/rmp/library/content/Integrated_Pest_Management/ard_dp22_final-2.pdf/view.html
./library/resources/rmp/library/content/Integrated_Pest_Management/library-collection.html
./library/resources/rmp/library/content/Integrated_Pest_Management/gppp_pest_management_facility.pdf/view.html
./library/resources/rmp/library/content/Integrated_Pest_Management/irri_fpalis.pdf/view.html
./library/resources/rmp/library/content/Integrated_Pest_Management/index.html
./library/resources/rmp/library/content/Integrated_Pest_Management/ipm.pdf/view.html
./library/resources/rmp/library/content/Integrated_Pest_Management/sustain_pm.pdf/view.html
./library/resources/rmp/library/content/Integrated_Pest_Management/ipmfinal.pdf/view.html
./library/resources/rmp/library/content/tools/entrepreneurship-toolkit/view.html
./library/resources/rmp/library/content/tools/community-based-natural-forest-management-USAID-Lessons-Learned/library-collection.html
./library/resources/rmp/library/content/tools/community-based-natural-forest-management-USAID-Lessons-Learned/index.html
./library/resources/rmp/library/content/tools/community-based-natural-forest-management-USAID-Lessons-Learned/images.html
./library/resources/rmp/library/content/tools/community-based-natural-forest-management-USAID-Lessons-Learned/images/s-t-e-e.png/view.html
./library/resources/rmp/library/content/tools/community-based-natural-forest-management-USAID-Lessons-Learned/images/3-page-1-4pager.jpg/view.html
./library/resources/rmp/library/content/tools/community-based-natural-forest-management-USAID-Lessons-Learned/images/s-t-asia.png/view.html
./library/resources/rmp/library/content/tools/community-based-natural-forest-management-USAID-Lessons-Learned/images/vol3-280.jpg/view.html
./library/resources/rmp/library/content/tools/community-based-natural-forest-management-USAID-Lessons-Learned/images/s-t-nam.png/view.html
./library/resources/rmp/library/content/tools/community-based-natural-forest-management-USAID-Lessons-Learned/images/library-collection.html
./library/resources/rmp/library/content/tools/community-based-natural-forest-management-USAID-Lessons-Learned/images/x-t-afr.png/view.html
./library/resources/rmp/library/content/tools/community-based-natural-forest-management-USAID-Lessons-Learned/images/vol2-280.jpg/view.html
./library/resources/rmp/library/content/tools/community-based-natural-forest-management-USAID-Lessons-Learned/images/index.html
./library/resources/rmp/library/content/tools/community-based-natural-forest-management-USAID-Lessons-Learned/images/x-t-sam.png/view.html
./library/resources/rmp/library/content/tools/community-based-natural-forest-management-USAID-Lessons-Learned/images/s-t-austr.png/view.html
./library/resources/rmp/library/content/tools/community-based-natural-forest-management-USAID-Lessons-Learned/images/cd-cover-blackline.jpg/view.html
./library/resources/rmp/library/content/tools/community-based-natural-forest-management-USAID-Lessons-Learned/images/c-and-soam.jpg/view.html
./library/resources/rmp/library/content/tools/community-based-natural-forest-management-USAID-Lessons-Learned/images/2-page-1-vol1.jpg/view.html
./library/resources/rmp/library/content/tools/community-based-natural-forest-management-USAID-Lessons-Learned/cbnfm.html
./library/resources/rmp/library/content/tools/community-based-natural-forest-management-USAID-Lessons-Learned/LL_Vol-1FinalReport_RobClausen.pdf/view.html
./library/resources/rmp/library/content/tools/community-based-natural-forest-management-USAID-Lessons-Learned/cbnfm/cartilla-foresteria-comunitaria-2.pdf/view.html
./library/resources/rmp/library/content/tools/community-based-natural-forest-management-USAID-Lessons-Learned/cbnfm/library-collection.html
./library/resources/rmp/library/content/tools/community-based-natural-forest-management-USAID-Lessons-Learned/cbnfm/USAID-BDB-cd-2-data/we-did-this-ourselves-a-case-study-of-inafor-care-peace-corps-soil-conservation-and-forest-management-program-republic-of-guatemala.html
./library/resources/rmp/library/content/tools/community-based-natural-forest-management-USAID-Lessons-Learned/cbnfm/USAID-BDB-cd-2-data/guatemala-watershed.pdf.html
./library/resources/rmp/library/content/tools/community-based-natural-forest-management-USAID-Lessons-Learned/cbnfm/USAID-BDB-cd-2-data/china-liu.pdf/view.html
./library/resources/rmp/library/content/tools/community-based-natural-forest-management-USAID-Lessons-Learned/cbnfm/USAID-BDB-cd-2-data/cifor-indo-ch5.pdf/view.html
./library/resources/rmp/library/content/tools/community-based-natural-forest-management-USAID-Lessons-Learned/cbnfm/USAID-BDB-cd-2-data/guatemala-watershed.pdf/view.html
./library/resources/rmp/library/content/tools/community-based-natural-forest-management-USAID-Lessons-Learned/cbnfm/USAID-BDB-cd-2-data/bwindi-eval.pdf/view.html
./library/resources/rmp/library/content/tools/community-based-natural-forest-management-USAID-Lessons-Learned/cbnfm/USAID-BDB-cd-2-data/pnace638-senegal.pdf/view.html
./library/resources/rmp/library/content/tools/community-based-natural-forest-management-USAID-Lessons-Learned/cbnfm/USAID-BDB-cd-2-data/care-bwindi.pdf/view.html
./library/resources/rmp/library/content/tools/community-based-natural-forest-management-USAID-Lessons-Learned/cbnfm/USAID-BDB-cd-2-data/library-collection.html
./library/resources/rmp/library/content/tools/community-based-natural-forest-management-USAID-Lessons-Learned/cbnfm/USAID-BDB-cd-2-data/forest-degradation-in-nepal-institutional-context-and-policy-alternatives.html
./library/resources/rmp/library/content/tools/community-based-natural-forest-management-USAID-Lessons-Learned/cbnfm/USAID-BDB-cd-2-data/we-did-this-ourselves-a-case-study-of-inafor-care-peace-corps-soil-conservation-and-forest-management-program-republic-of-guatemala/view.html
./library/resources/rmp/library/content/tools/community-based-natural-forest-management-USAID-Lessons-Learned/cbnfm/USAID-BDB-cd-2-data/identifying-management-options-for-expiring-timber-license-agreement-areas.html
./library/resources/rmp/library/content/tools/community-based-natural-forest-management-USAID-Lessons-Learned/cbnfm/USAID-BDB-cd-2-data/forest-degradation-in-nepal-institutional-context-and-policy-alternatives/view.html
./library/resources/rmp/library/content/tools/community-based-natural-forest-management-USAID-Lessons-Learned/cbnfm/USAID-BDB-cd-2-data/identifying-management-options-for-expiring-timber-license-agreement-areas/view.html
./library/resources/rmp/library/content/tools/community-based-natural-forest-management-USAID-Lessons-Learned/cbnfm/USAID-BDB-cd-2-data/care-bwindi_copy.pdf/view.html
./library/resources/rmp/library/content/tools/community-based-natural-forest-management-USAID-Lessons-Learned/cbnfm/USAID-BDB-cd-2-data/balancing-acts-community-based-forest-management-and-national-law-in-asia-and-the-pacific/view.html
./library/resources/rmp/library/content/tools/community-based-natural-forest-management-USAID-Lessons-Learned/cbnfm/USAID-BDB-cd-2-data/namibia-callihan.pdf/view.html
./library/resources/rmp/library/content/tools/community-based-natural-forest-management-USAID-Lessons-Learned/cbnfm/USAID-BDB-cd-2-data/guinea-hagen.pdf/view.html
./library/resources/rmp/library/content/tools/community-based-natural-forest-management-USAID-Lessons-Learned/cbnfm/USAID-BDB-cd-2-data/forestry-and-the-environment-the-philippines-case-study/view.html
./library/resources/rmp/library/content/tools/community-based-natural-forest-management-USAID-Lessons-Learned/cbnfm/USAID-BDB-cd-2-data/forestry-in-asia-u.s.-aid2019s-experience/view.html
./library/resources/rmp/library/content/tools/community-based-natural-forest-management-USAID-Lessons-Learned/cbnfm/USAID-BDB-cd-2-data/communities-and-forest-management-in-east-kalimantan-pathway-to-environmental-stability/view.html
./library/resources/rmp/library/content/tools/community-based-natural-forest-management-USAID-Lessons-Learned/cbnfm/USAID-BDB-cd-2-data/final-report-aid-regional-forestry-advisor-for-asia-january-1982-2013-february-1985/view.html
./library/resources/rmp/library/content/tools/community-based-natural-forest-management-USAID-Lessons-Learned/cbnfm/USAID-BDB-cd-2-data/index.html
./library/resources/rmp/library/content/tools/community-based-natural-forest-management-USAID-Lessons-Learned/cbnfm/USAID-BDB-cd-2-data/cbnrm-biblio.pdf/view.html
./library/resources/rmp/library/content/tools/community-based-natural-forest-management-USAID-Lessons-Learned/cbnfm/USAID-BDB-cd-2-data/forestry-and-the-environment-nepal-case-study/view.html
./library/resources/rmp/library/content/tools/community-based-natural-forest-management-USAID-Lessons-Learned/cbnfm/USAID-BDB-cd-2-data/community-based-forest-management-at-a-crossroads-the-future-of-sustainable-forest-management-in-the-philippines/view.html
./library/resources/rmp/library/content/tools/community-based-natural-forest-management-USAID-Lessons-Learned/cbnfm/USAID-BDB-cd-2-data/care-dtc-final.pdf/view.html
./library/resources/rmp/library/content/tools/community-based-natural-forest-management-USAID-Lessons-Learned/cbnfm/USAID-BDB-cd-2-data/balancing-acts-community-based-forest-management-and-national-law-in-asia-and-the-pacific.html
./library/resources/rmp/library/content/tools/community-based-natural-forest-management-USAID-Lessons-Learned/cbnfm/USAID-BDB-cd-2-data/care-dtc-midterm.pdf/view.html
./library/resources/rmp/library/content/tools/community-based-natural-forest-management-USAID-Lessons-Learned/cbnfm/USAID-BDB-cd-2-data/ejido-world-bank.pdf/view.html
./library/resources/rmp/library/content/tools/community-based-natural-forest-management-USAID-Lessons-Learned/cbnfm/USAID-BDB-cd-2-data/gambia-gfmc.pdf/view.html
./library/resources/rmp/library/content/tools/community-based-natural-forest-management-USAID-Lessons-Learned/cbnfm/USAID-BDB-cd-2-data/india-guha.pdf/view.html
./library/resources/rmp/library/content/tools/community-based-natural-forest-management-USAID-Lessons-Learned/cbnfm/USAID-BDB-cd-2-data/guatemala-chemonics.pdf/view.html
./library/resources/rmp/library/content/tools/community-based-natural-forest-management-USAID-Lessons-Learned/cbnfm/USAID-BDB-cd-2-data/external-donors-and-community-based-management-of-mgori-forest-tanzania-what-happens-when-the-donors-leave.html
./library/resources/rmp/library/content/tools/community-based-natural-forest-management-USAID-Lessons-Learned/cbnfm/USAID-BDB-cd-2-data/forestry-and-the-environment-nepal-case-study.html
./library/resources/rmp/library/content/tools/community-based-natural-forest-management-USAID-Lessons-Learned/cbnfm/USAID-BDB-cd-2-data/final-programmatic-environmental-assessment-sustainable-forestry-program-for-papua-new-guinea-the-soloman-islands-and-vanuatu/view.html
./library/resources/rmp/library/content/tools/community-based-natural-forest-management-USAID-Lessons-Learned/cbnfm/USAID-BDB-cd-2-data/guatemala-mbr-biofor.pdf/view.html
./library/resources/rmp/library/content/tools/community-based-natural-forest-management-USAID-Lessons-Learned/cbnfm/USAID-BDB-cd-2-data/fm-peten.pdf/view.html
./library/resources/rmp/library/content/tools/community-based-natural-forest-management-USAID-Lessons-Learned/cbnfm/USAID-BDB-cd-2-data/forestry-and-the-environment-the-philippines-case-study.html
./library/resources/rmp/library/content/tools/community-based-natural-forest-management-USAID-Lessons-Learned/cbnfm/USAID-BDB-cd-2-data/pnacg908-nepal.pdf/view.html
./library/resources/rmp/library/content/tools/community-based-natural-forest-management-USAID-Lessons-Learned/cbnfm/USAID-BDB-cd-2-data/focuscountries.pdf/view.html
./library/resources/rmp/library/content/tools/community-based-natural-forest-management-USAID-Lessons-Learned/cbnfm/USAID-BDB-cd-2-data/external-donors-and-community-based-management-of-mgori-forest-tanzania-what-happens-when-the-donors-leave/view.html
./library/resources/rmp/library/content/tools/community-based-natural-forest-management-USAID-Lessons-Learned/cbnfm/USAID-BDB-cd-2-data/community-based-forest-management-at-a-crossroads-the-future-of-sustainable-forest-management-in-the-philippines.html
./library/resources/rmp/library/content/tools/community-based-natural-forest-management-USAID-Lessons-Learned/cbnfm/USAID-BDB-cd-2-data/empowering-local-resource-managers-in-the-public-forest-reserves-i.e.-the-pah-sa-nguan-of-the-kingdom-of-thailand/view.html
./library/resources/rmp/library/content/tools/community-based-natural-forest-management-USAID-Lessons-Learned/cbnfm/USAID-BDB-cd-2-data/communities-and-forest-management-in-east-kalimantan-pathway-to-environmental-stability.html
./library/resources/rmp/library/content/tools/community-based-natural-forest-management-USAID-Lessons-Learned/cbnfm/USAID-BDB-cd-2-data/central-africa-cifor.pdf/view.html
./library/resources/rmp/library/content/tools/community-based-natural-forest-management-USAID-Lessons-Learned/cbnfm/USAID-BDB-cd-2-data/final-report-aid-regional-forestry-advisor-for-asia-january-1982-2013-february-1985.html
./library/resources/rmp/library/content/tools/community-based-natural-forest-management-USAID-Lessons-Learned/cbnfm/USAID-BDB-cd-2-data/final-programmatic-environmental-assessment-sustainable-forestry-program-for-papua-new-guinea-the-soloman-islands-and-vanuatu.html
./library/resources/rmp/library/content/tools/community-based-natural-forest-management-USAID-Lessons-Learned/cbnfm/index.html
./library/resources/rmp/library/content/tools/community-based-natural-forest-management-USAID-Lessons-Learned/cbnfm/USAID-BDB-cd-2-data.html
./library/resources/rmp/library/content/tools/community-based-natural-forest-management-USAID-Lessons-Learned/cbnfm/i-reunion-nacional-sobre-investigacion-forestal-avances-y-pe.pdf/view.html
./library/resources/rmp/library/content/tools/community-based-natural-forest-management-USAID-Lessons-Learned/cbnfm/copy_of_cbnfm_keyword_withworksheets.xls/view.html
./library/resources/rmp/library/content/tools/community-based-natural-forest-management-USAID-Lessons-Learned/cbnfm/cbnfm-report.xls/view.html
./library/resources/rmp/library/content/tools/community-based-natural-forest-management-USAID-Lessons-Learned/cbnfm/cbnfm_keyword_withworksheets.xls/view.html
./library/resources/rmp/library/content/tools/community-based-natural-forest-management-USAID-Lessons-Learned/cbnfm/cartilla-foresteria-comunitaria-1.pdf/view.html
./library/resources/rmp/library/content/tools/biodiversity-conservation-tools/usaid-biodiversity-guide-for-staff-parnters/view.html
./library/resources/rmp/library/content/tools/biodiversity-conservation-tools/library-collection.html
./library/resources/rmp/library/content/tools/biodiversity-conservation-tools/is-our-project-succeeding-a-guide-to-threat-reduction-assessment-for-conservation/view.html
./library/resources/rmp/library/content/tools/biodiversity-conservation-tools/index.html
./library/resources/rmp/library/content/tools/biodiversity-conservation-tools/putting-conservation-in-context-cd/gender-issues/3-40b.pdf/view.html
./library/resources/rmp/library/content/tools/biodiversity-conservation-tools/putting-conservation-in-context-cd/gender-issues/a-gender-sensitive-study-of-perceptions-and-practices-in-and-around-bale-mountains-national-park-ethiopia/view.html
./library/resources/rmp/library/content/tools/biodiversity-conservation-tools/putting-conservation-in-context-cd/gender-issues/3-39b.pdf/view.html
./library/resources/rmp/library/content/tools/biodiversity-conservation-tools/putting-conservation-in-context-cd/gender-issues/3-39c.pdf/view.html
./library/resources/rmp/library/content/tools/biodiversity-conservation-tools/putting-conservation-in-context-cd/gender-issues/genero-conservacao-e-participacao-comunitaria-o-caso-do-parque-nacional-do-jau/view.html
./library/resources/rmp/library/content/tools/biodiversity-conservation-tools/putting-conservation-in-context-cd/gender-issues/genero-conservacion-y-participacion-comunitaria-el-caso-del-parque-nacional-jau/view.html
./library/resources/rmp/library/content/tools/biodiversity-conservation-tools/putting-conservation-in-context-cd/gender-issues/gender-equity-in-coastal-zone-management-experiences-from-tanga-tanzania/view.html
./library/resources/rmp/library/content/tools/biodiversity-conservation-tools/putting-conservation-in-context-cd/gender-issues/a-platform-for-action-for-the-sustainable-management-of-mangroves-in-the-gulf-of-fonseca/view.html
./library/resources/rmp/library/content/tools/biodiversity-conservation-tools/putting-conservation-in-context-cd/gender-issues/3-50.pdf/view.html
./library/resources/rmp/library/content/tools/biodiversity-conservation-tools/putting-conservation-in-context-cd/gender-issues/gender-conservation-and-community-participation-the-case-of-the-jau-national-park-brazil/view.html
./library/resources/rmp/library/content/tools/biodiversity-conservation-tools/putting-conservation-in-context-cd/gender-issues/3-2.pdf/view.html
./library/resources/rmp/library/content/tools/biodiversity-conservation-tools/putting-conservation-in-context-cd/gender-issues/library-collection.html
./library/resources/rmp/library/content/tools/biodiversity-conservation-tools/putting-conservation-in-context-cd/gender-issues/3-1.pdf/view.html
./library/resources/rmp/library/content/tools/biodiversity-conservation-tools/putting-conservation-in-context-cd/gender-issues/a-gender-sensitive-study-of-perceptions-and-practices-in-and-around-bale-mountains-national-park-ethiopia.html
./library/resources/rmp/library/content/tools/biodiversity-conservation-tools/putting-conservation-in-context-cd/gender-issues/lostgender07.pdf/view.html
./library/resources/rmp/library/content/tools/biodiversity-conservation-tools/putting-conservation-in-context-cd/gender-issues/lostgender04.pdf/view.html
./library/resources/rmp/library/content/tools/biodiversity-conservation-tools/putting-conservation-in-context-cd/gender-issues/gender-conservation-and-community-participation-the-case-of-the-jau-national-park-brazil.html
./library/resources/rmp/library/content/tools/biodiversity-conservation-tools/putting-conservation-in-context-cd/gender-issues/index.html
./library/resources/rmp/library/content/tools/biodiversity-conservation-tools/putting-conservation-in-context-cd/gender-issues/tr-e01-0.pdf/view.html
./library/resources/rmp/library/content/tools/biodiversity-conservation-tools/putting-conservation-in-context-cd/gender-issues/tr-e01-7.pdf/view.html
./library/resources/rmp/library/content/tools/biodiversity-conservation-tools/putting-conservation-in-context-cd/gender-issues/tr-e01-x.pdf/view.html
./library/resources/rmp/library/content/tools/biodiversity-conservation-tools/putting-conservation-in-context-cd/gender-issues/demographic-dynamics-gender-and-resource-use-in-the-galapagos-islands.html
./library/resources/rmp/library/content/tools/biodiversity-conservation-tools/putting-conservation-in-context-cd/gender-issues/3-40c.pdf/view.html
./library/resources/rmp/library/content/tools/biodiversity-conservation-tools/putting-conservation-in-context-cd/gender-issues/genero-conservacao-e-participacao-comunitaria-o-caso-do-parque-nacional-do-jau.html
./library/resources/rmp/library/content/tools/biodiversity-conservation-tools/putting-conservation-in-context-cd/gender-issues/tr-e01-5.pdf/view.html
./library/resources/rmp/library/content/tools/biodiversity-conservation-tools/putting-conservation-in-context-cd/gender-issues/lostgender03.pdf/view.html
./library/resources/rmp/library/content/tools/biodiversity-conservation-tools/putting-conservation-in-context-cd/gender-issues/lostgender08.pdf/view.html
./library/resources/rmp/library/content/tools/biodiversity-conservation-tools/putting-conservation-in-context-cd/gender-issues/tr-e01-2.pdf/view.html
./library/resources/rmp/library/content/tools/biodiversity-conservation-tools/putting-conservation-in-context-cd/gender-issues/tr-e01-6.pdf/view.html
./library/resources/rmp/library/content/tools/biodiversity-conservation-tools/putting-conservation-in-context-cd/gender-issues/lostgender06.pdf/view.html
./library/resources/rmp/library/content/tools/biodiversity-conservation-tools/putting-conservation-in-context-cd/gender-issues/3-32.pdf/view.html
./library/resources/rmp/library/content/tools/biodiversity-conservation-tools/putting-conservation-in-context-cd/gender-issues/gender-equity-in-coastal-zone-management-experiences-from-tanga-tanzania.html
./library/resources/rmp/library/content/tools/biodiversity-conservation-tools/putting-conservation-in-context-cd/gender-issues/lostgender01.pdf/view.html
./library/resources/rmp/library/content/tools/biodiversity-conservation-tools/putting-conservation-in-context-cd/gender-issues/gender-and-ecoregion-conservation.html
./library/resources/rmp/library/content/tools/biodiversity-conservation-tools/putting-conservation-in-context-cd/gender-issues/tr-e01-4.pdf/view.html
./library/resources/rmp/library/content/tools/biodiversity-conservation-tools/putting-conservation-in-context-cd/gender-issues/lostgender02.pdf/view.html
./library/resources/rmp/library/content/tools/biodiversity-conservation-tools/putting-conservation-in-context-cd/gender-issues/demographic-dynamics-gender-and-resource-use-in-the-galapagos-islands/view.html
./library/resources/rmp/library/content/tools/biodiversity-conservation-tools/putting-conservation-in-context-cd/gender-issues/3-30.pdf/view.html
./library/resources/rmp/library/content/tools/biodiversity-conservation-tools/putting-conservation-in-context-cd/gender-issues/3-36.pdf/view.html
./library/resources/rmp/library/content/tools/biodiversity-conservation-tools/putting-conservation-in-context-cd/gender-issues/3-40a.pdf/view.html
./library/resources/rmp/library/content/tools/biodiversity-conservation-tools/putting-conservation-in-context-cd/gender-issues/3-39a.pdf/view.html
./library/resources/rmp/library/content/tools/biodiversity-conservation-tools/putting-conservation-in-context-cd/gender-issues/lostgender09.pdf/view.html
./library/resources/rmp/library/content/tools/biodiversity-conservation-tools/putting-conservation-in-context-cd/gender-issues/gender-and-ecoregion-conservation/view.html
./library/resources/rmp/library/content/tools/biodiversity-conservation-tools/putting-conservation-in-context-cd/gender-issues/lostgender05.pdf/view.html
./library/resources/rmp/library/content/tools/biodiversity-conservation-tools/putting-conservation-in-context-cd/gender-issues/genero-conservacion-y-participacion-comunitaria-el-caso-del-parque-nacional-jau.html
./library/resources/rmp/library/content/tools/biodiversity-conservation-tools/putting-conservation-in-context-cd/gender-issues/tr-e01-3.pdf/view.html
./library/resources/rmp/library/content/tools/biodiversity-conservation-tools/putting-conservation-in-context-cd/gender-issues/a-platform-for-action-for-the-sustainable-management-of-mangroves-in-the-gulf-of-fonseca.html
./library/resources/rmp/library/content/tools/biodiversity-conservation-tools/putting-conservation-in-context-cd/gender-issues.html
./library/resources/rmp/library/content/tools/biodiversity-conservation-tools/usaid-biodiversity-guide-for-staff-parnters.html
./library/resources/rmp/library/content/tools/biodiversity-conservation-tools/is-our-project-succeeding-a-guide-to-threat-reduction-assessment-for-conservation.html
./library/resources/rmp/library/content/tools/biodiversity-conservation-tools/Environment_Gender_Guide.pdf/view.html
./library/resources/rmp/library/content/tools/cbnrm-bibliography.html
./library/resources/rmp/library/content/tools/compass-ii/related-resources-community-partnerships-for-sustainable-resource-management-compass-ii.html
./library/resources/rmp/library/content/tools/compass-ii/occasional-paper-compass-development-pathways.html
./library/resources/rmp/library/content/tools/compass-ii/collection-compass-info-on-rm-portal.html
./library/resources/rmp/library/content/tools/compass-ii/occasional-papers-community-partnerships-for-sustainable-resource-management-compass-ii.html
./library/resources/rmp/library/content/tools/compass-ii/redd-credits-boost-community-partnerships-for-biodiversity-conservation-in-malawi/view.html
./library/resources/rmp/library/content/tools/compass-ii/redd-credits-boost-community-partnerships-for-biodiversity-conservation-in-malawi.html
./library/resources/rmp/library/content/tools/compass-ii/library-collection.html
./library/resources/rmp/library/content/tools/compass-ii/index.html
./library/resources/rmp/library/content/tools/compass-ii/images.html
./library/resources/rmp/library/content/tools/compass-ii/occasional-paper-compass-development-pathways/view.html
./library/resources/rmp/library/content/tools/compass-ii/images/reddcredits.jpg/view.html
./library/resources/rmp/library/content/tools/compass-ii/images/library-collection.html
./library/resources/rmp/library/content/tools/compass-ii/images/index.html
./library/resources/rmp/library/content/tools/compass-ii/images/developmentpathways.jpg/view.html
./library/resources/rmp/library/content/tools/compass-ii/images/compass-ll.jpg/view.html
./library/resources/rmp/library/content/tools/compass-ii/images/nyikaconserv.jpg/view.html
./library/resources/rmp/library/content/tools/compass-ii/success-stories-compass-ii.html
./library/resources/rmp/library/content/tools/compass-ii/apiaries-and-memories-a-nyika-conservation-story/view.html
./library/resources/rmp/library/content/tools/compass-ii/community-partnerships-for-sustainable-resource-management-compass-ii-reports.html
./library/resources/rmp/library/content/tools/compass-ii/apiaries-and-memories-a-nyika-conservation-story.html
./library/resources/rmp/library/content/tools/community-based-natural-resource-management-in-africa-ARD-RAISE.html
./library/resources/rmp/library/content/tools/environmental-policy-and-institutional-strengthening-epiq-iqc/egyptian-environmental-policy-program-eepp-program-support-unit-psu-task-order-cd-vol-2/112a-middelta-state-env-ar.pdf/view.html
./library/resources/rmp/library/content/tools/environmental-policy-and-institutional-strengthening-epiq-iqc/egyptian-environmental-policy-program-eepp-program-support-unit-psu-task-order-cd-vol-2/egypt2019s-biodiversity-opportunities-and-constraints/view.html
./library/resources/rmp/library/content/tools/environmental-policy-and-institutional-strengthening-epiq-iqc/egyptian-environmental-policy-program-eepp-program-support-unit-psu-task-order-cd-vol-2/cairo-air-quality-crisis-management/view.html
./library/resources/rmp/library/content/tools/environmental-policy-and-institutional-strengthening-epiq-iqc/egyptian-environmental-policy-program-eepp-program-support-unit-psu-task-order-cd-vol-2/library-collection.html
./library/resources/rmp/library/content/tools/environmental-policy-and-institutional-strengthening-epiq-iqc/egyptian-environmental-policy-program-eepp-program-support-unit-psu-task-order-cd-vol-2/cairo-air-quality-crisis-management-arabic/view.html
./library/resources/rmp/library/content/tools/environmental-policy-and-institutional-strengthening-epiq-iqc/egyptian-environmental-policy-program-eepp-program-support-unit-psu-task-order-cd-vol-2/index.html
./library/resources/rmp/library/content/tools/environmental-policy-and-institutional-strengthening-epiq-iqc/egyptian-environmental-policy-program-eepp-program-support-unit-psu-task-order-cd-vol-2/epiq-reports-by-technical-area-environmental-and-economic-growth-linkages.html
./library/resources/rmp/library/content/tools/environmental-policy-and-institutional-strengthening-epiq-iqc/egyptian-environmental-policy-program-eepp-program-support-unit-psu-task-order-cd-vol-2/013-ministerial-rbo-decree.pdf/view.html
./library/resources/rmp/library/content/tools/environmental-policy-and-institutional-strengthening-epiq-iqc/egyptian-environmental-policy-program-eepp-program-support-unit-psu-task-order-cd-vol-2/a-survey-of-red-sea-tourists2019-and-tourism-operators2019-willingness-to-pay-for-coral-reef-conservation/view.html
./library/resources/rmp/library/content/tools/environmental-policy-and-institutional-strengthening-epiq-iqc/egyptian-environmental-policy-program-eepp-program-support-unit-psu-task-order-cd-vol-2/data-and-information-needs-for-red-sea-conservation-finance/view.html
./library/resources/rmp/library/content/tools/environmental-policy-and-institutional-strengthening-epiq-iqc/egyptian-environmental-policy-program-eepp-program-support-unit-psu-task-order-cd-vol-2/coastal-reconnaissance-of-the-giftun-islands/view.html
./library/resources/rmp/library/content/tools/environmental-policy-and-institutional-strengthening-epiq-iqc/egyptian-environmental-policy-program-eepp-program-support-unit-psu-task-order-cd-vol-2/egyptian-environmental-policy-program-egyptian-authorities-for-environmental-inspection-overlaps-gaps/view.html
./library/resources/rmp/library/content/tools/environmental-policy-and-institutional-strengthening-epiq-iqc/egyptian-environmental-policy-program-eepp-program-support-unit-psu-task-order-cd-vol-2/considerations-for-revising-air-quality-standards-in-egypt/view.html
./library/resources/rmp/library/content/tools/environmental-policy-and-institutional-strengthening-epiq-iqc/egyptian-environmental-policy-program-eepp-program-support-unit-psu-task-order-cd-vol-2.html
./library/resources/rmp/library/content/tools/library-collection.html
./library/resources/rmp/library/content/tools/index.html
./library/resources/rmp/library/content/tools/entrepreneurship-toolkit.html
./library/resources/rmp/library/content/tools/biodiversity-support-program/library-collection.html
./library/resources/rmp/library/content/tools/biodiversity-support-program/index.html
./library/resources/rmp/library/content/tools/biodiversity-support-program/copy_of_cbnfm/library-collection.html
./library/resources/rmp/library/content/tools/biodiversity-support-program/copy_of_cbnfm/USAID-BDB-cd-2-data/a-strategic-assessment-of-usaid-malawi2019s-natural-resources-program/view.html
./library/resources/rmp/library/content/tools/biodiversity-support-program/copy_of_cbnfm/USAID-BDB-cd-2-data/china-liu.pdf/view.html
./library/resources/rmp/library/content/tools/biodiversity-support-program/copy_of_cbnfm/USAID-BDB-cd-2-data/africa-ard.pdf/view.html
./library/resources/rmp/library/content/tools/biodiversity-support-program/copy_of_cbnfm/USAID-BDB-cd-2-data/cifor-indo-ch5.pdf/view.html
./library/resources/rmp/library/content/tools/biodiversity-support-program/copy_of_cbnfm/USAID-BDB-cd-2-data/bwindi-eval.pdf/view.html
./library/resources/rmp/library/content/tools/biodiversity-support-program/copy_of_cbnfm/USAID-BDB-cd-2-data/pnace638-senegal.pdf/view.html
./library/resources/rmp/library/content/tools/biodiversity-support-program/copy_of_cbnfm/USAID-BDB-cd-2-data/a-strategic-assessment-of-usaid-malawi2019s-natural-resources-program.html
./library/resources/rmp/library/content/tools/biodiversity-support-program/copy_of_cbnfm/USAID-BDB-cd-2-data/care-bwindi.pdf/view.html
./library/resources/rmp/library/content/tools/biodiversity-support-program/copy_of_cbnfm/USAID-BDB-cd-2-data/library-collection.html
./library/resources/rmp/library/content/tools/biodiversity-support-program/copy_of_cbnfm/USAID-BDB-cd-2-data/forest-degradation-in-nepal-institutional-context-and-policy-alternatives.html
./library/resources/rmp/library/content/tools/biodiversity-support-program/copy_of_cbnfm/USAID-BDB-cd-2-data/forest-degradation-in-nepal-institutional-context-and-policy-alternatives/view.html
./library/resources/rmp/library/content/tools/biodiversity-support-program/copy_of_cbnfm/USAID-BDB-cd-2-data/balancing-acts-community-based-forest-management-and-national-law-in-asia-and-the-pacific/view.html
./library/resources/rmp/library/content/tools/biodiversity-support-program/copy_of_cbnfm/USAID-BDB-cd-2-data/namibia-callihan.pdf/view.html
./library/resources/rmp/library/content/tools/biodiversity-support-program/copy_of_cbnfm/USAID-BDB-cd-2-data/forestry-and-the-environment-the-philippines-case-study/view.html
./library/resources/rmp/library/content/tools/biodiversity-support-program/copy_of_cbnfm/USAID-BDB-cd-2-data/forestry-in-asia-u.s.-aid2019s-experience/view.html
./library/resources/rmp/library/content/tools/biodiversity-support-program/copy_of_cbnfm/USAID-BDB-cd-2-data/communities-and-forest-management-in-east-kalimantan-pathway-to-environmental-stability/view.html
./library/resources/rmp/library/content/tools/biodiversity-support-program/copy_of_cbnfm/USAID-BDB-cd-2-data/final-report-aid-regional-forestry-advisor-for-asia-january-1982-2013-february-1985/view.html
./library/resources/rmp/library/content/tools/biodiversity-support-program/copy_of_cbnfm/USAID-BDB-cd-2-data/index.html
./library/resources/rmp/library/content/tools/biodiversity-support-program/copy_of_cbnfm/USAID-BDB-cd-2-data/cbnrm-biblio.pdf/view.html
./library/resources/rmp/library/content/tools/biodiversity-support-program/copy_of_cbnfm/USAID-BDB-cd-2-data/forestry-and-the-environment-nepal-case-study/view.html
./library/resources/rmp/library/content/tools/biodiversity-support-program/copy_of_cbnfm/USAID-BDB-cd-2-data/community-based-forest-management-at-a-crossroads-the-future-of-sustainable-forest-management-in-the-philippines/view.html
./library/resources/rmp/library/content/tools/biodiversity-support-program/copy_of_cbnfm/USAID-BDB-cd-2-data/care-dtc-final.pdf/view.html
./library/resources/rmp/library/content/tools/biodiversity-support-program/copy_of_cbnfm/USAID-BDB-cd-2-data/balancing-acts-community-based-forest-management-and-national-law-in-asia-and-the-pacific.html
./library/resources/rmp/library/content/tools/biodiversity-support-program/copy_of_cbnfm/USAID-BDB-cd-2-data/care-dtc-midterm.pdf/view.html
./library/resources/rmp/library/content/tools/biodiversity-support-program/copy_of_cbnfm/USAID-BDB-cd-2-data/ejido-world-bank.pdf/view.html
./library/resources/rmp/library/content/tools/biodiversity-support-program/copy_of_cbnfm/USAID-BDB-cd-2-data/gambia-gfmc.pdf/view.html
./library/resources/rmp/library/content/tools/biodiversity-support-program/copy_of_cbnfm/USAID-BDB-cd-2-data/guatemala-chemonics.pdf/view.html
./library/resources/rmp/library/content/tools/biodiversity-support-program/copy_of_cbnfm/USAID-BDB-cd-2-data/forest-charges-and-trusts-shared-benefits-with-a-clearer-definition-of-responsibilities/view.html
./library/resources/rmp/library/content/tools/biodiversity-support-program/copy_of_cbnfm/USAID-BDB-cd-2-data/Highlands-Agricultural-Development-Project/view.html
./library/resources/rmp/library/content/tools/biodiversity-support-program/copy_of_cbnfm/USAID-BDB-cd-2-data/forestry-and-the-environment-nepal-case-study.html
./library/resources/rmp/library/content/tools/biodiversity-support-program/copy_of_cbnfm/USAID-BDB-cd-2-data/final-programmatic-environmental-assessment-sustainable-forestry-program-for-papua-new-guinea-the-soloman-islands-and-vanuatu/view.html
./library/resources/rmp/library/content/tools/biodiversity-support-program/copy_of_cbnfm/USAID-BDB-cd-2-data/guatemala-mbr-biofor.pdf/view.html
./library/resources/rmp/library/content/tools/biodiversity-support-program/copy_of_cbnfm/USAID-BDB-cd-2-data/fm-peten.pdf/view.html
./library/resources/rmp/library/content/tools/biodiversity-support-program/copy_of_cbnfm/USAID-BDB-cd-2-data/budongo-plumptre.pdf/view.html
./library/resources/rmp/library/content/tools/biodiversity-support-program/copy_of_cbnfm/USAID-BDB-cd-2-data/forestry-and-the-environment-the-philippines-case-study.html
./library/resources/rmp/library/content/tools/biodiversity-support-program/copy_of_cbnfm/USAID-BDB-cd-2-data/pnacg908-nepal.pdf/view.html
./library/resources/rmp/library/content/tools/biodiversity-support-program/copy_of_cbnfm/USAID-BDB-cd-2-data/forest-charges-and-trusts-shared-benefits-with-a-clearer-definition-of-responsibilities.html
./library/resources/rmp/library/content/tools/biodiversity-support-program/copy_of_cbnfm/USAID-BDB-cd-2-data/community-based-forest-management-at-a-crossroads-the-future-of-sustainable-forest-management-in-the-philippines.html
./library/resources/rmp/library/content/tools/biodiversity-support-program/copy_of_cbnfm/USAID-BDB-cd-2-data/biofor-bibliography-database-user2019s-manual/view.html
./library/resources/rmp/library/content/tools/biodiversity-support-program/copy_of_cbnfm/USAID-BDB-cd-2-data/empowering-local-resource-managers-in-the-public-forest-reserves-i.e.-the-pah-sa-nguan-of-the-kingdom-of-thailand/view.html
./library/resources/rmp/library/content/tools/biodiversity-support-program/copy_of_cbnfm/USAID-BDB-cd-2-data/Highlands-Agricultural-Development-Project.html
./library/resources/rmp/library/content/tools/biodiversity-support-program/copy_of_cbnfm/USAID-BDB-cd-2-data/biofor-bibliography-database-user2019s-manual.html
./library/resources/rmp/library/content/tools/biodiversity-support-program/copy_of_cbnfm/USAID-BDB-cd-2-data/communities-and-forest-management-in-east-kalimantan-pathway-to-environmental-stability.html
./library/resources/rmp/library/content/tools/biodiversity-support-program/copy_of_cbnfm/USAID-BDB-cd-2-data/central-africa-cifor.pdf/view.html
./library/resources/rmp/library/content/tools/biodiversity-support-program/copy_of_cbnfm/USAID-BDB-cd-2-data/final-report-aid-regional-forestry-advisor-for-asia-january-1982-2013-february-1985.html
./library/resources/rmp/library/content/tools/biodiversity-support-program/copy_of_cbnfm/USAID-BDB-cd-2-data/10-african-nrm-practices.pdf/view.html
./library/resources/rmp/library/content/tools/biodiversity-support-program/copy_of_cbnfm/USAID-BDB-cd-2-data/final-programmatic-environmental-assessment-sustainable-forestry-program-for-papua-new-guinea-the-soloman-islands-and-vanuatu.html
./library/resources/rmp/library/content/tools/biodiversity-support-program/copy_of_cbnfm/index.html
./library/resources/rmp/library/content/tools/biodiversity-support-program/copy_of_cbnfm/USAID-BDB-cd-2-data.html
./library/resources/rmp/library/content/tools/biodiversity-support-program/copy_of_cbnfm.html
./library/resources/rmp/library/content/tools/community-based-natural-forest-management-USAID-Lessons-Learned.html
./library/resources/rmp/library/content/tools/biodiversity-conservation-tools.html
./library/resources/rmp/library/content/tools/environmental-policy-and-institutional-strengthening-epiq-iqc.html
./library/resources/rmp/library/content/tools/climate-change-associated-tools.html
./library/resources/rmp/library/content/tools/conflict-assessment-and-management-tools/conflict_timber/view.html
./library/resources/rmp/library/content/tools/conflict-assessment-and-management-tools/conflict_timber.html
./library/resources/rmp/library/content/tools/conflict-assessment-and-management-tools/library-collection.html
./library/resources/rmp/library/content/tools/conflict-assessment-and-management-tools/index.html
./library/resources/rmp/library/content/tools/conflict-assessment-and-management-tools/conducting-a-conflict-assessment-a-framework-for-strategy-and-program-development.html
./library/resources/rmp/library/content/tools/conflict-assessment-and-management-tools/conflict_land/view.html
./library/resources/rmp/library/content/tools/conflict-assessment-and-management-tools/conflict_minerals.html
./library/resources/rmp/library/content/tools/conflict-assessment-and-management-tools/conducting-a-conflict-assessment-a-framework-for-strategy-and-program-development/view.html
./library/resources/rmp/library/content/tools/conflict-assessment-and-management-tools/conflict_livelihoods/view.html
./library/resources/rmp/library/content/tools/conflict-assessment-and-management-tools/conflict_minerals/view.html
./library/resources/rmp/library/content/tools/conflict-assessment-and-management-tools/conflict_land.html
./library/resources/rmp/library/content/tools/conflict-assessment-and-management-tools/conflict_livelihoods.html
./library/resources/rmp/library/content/tools/disaster-assessment-and-response-tools/da_field_guide_2005.html
./library/resources/rmp/library/content/tools/disaster-assessment-and-response-tools/da_field_guide_2005/view.html
./library/resources/rmp/library/content/tools/disaster-assessment-and-response-tools/library-collection.html
./library/resources/rmp/library/content/tools/disaster-assessment-and-response-tools/index.html
./library/resources/rmp/library/content/tools/community-based-natural-resource-management-in-africa-ARD-RAISE/Purposepartners.doc/view.html
./library/resources/rmp/library/content/tools/community-based-natural-resource-management-in-africa-ARD-RAISE/CBNRMmaps.ppt/view.html
./library/resources/rmp/library/content/tools/community-based-natural-resource-management-in-africa-ARD-RAISE/library-collection.html
./library/resources/rmp/library/content/tools/community-based-natural-resource-management-in-africa-ARD-RAISE/Madagascar final.ppt.html
./library/resources/rmp/library/content/tools/community-based-natural-resource-management-in-africa-ARD-RAISE/sample-data-excel-files.html
./library/resources/rmp/library/content/tools/community-based-natural-resource-management-in-africa-ARD-RAISE/sample-data-excel-files/N_al Prot Areas.xls.html
./library/resources/rmp/library/content/tools/community-based-natural-resource-management-in-africa-ARD-RAISE/sample-data-excel-files/Forest ecosystems.xls/view.html
./library/resources/rmp/library/content/tools/community-based-natural-resource-management-in-africa-ARD-RAISE/sample-data-excel-files/Energy Prod.xls/view.html
./library/resources/rmp/library/content/tools/community-based-natural-resource-management-in-africa-ARD-RAISE/sample-data-excel-files/CO2 Indus.xls.html
./library/resources/rmp/library/content/tools/community-based-natural-resource-management-in-africa-ARD-RAISE/sample-data-excel-files/Land area and use.xls.html
./library/resources/rmp/library/content/tools/community-based-natural-resource-management-in-africa-ARD-RAISE/sample-data-excel-files/Fish S_D.xls.html
./library/resources/rmp/library/content/tools/community-based-natural-resource-management-in-africa-ARD-RAISE/sample-data-excel-files/Thr_Species2.xls/view.html
./library/resources/rmp/library/content/tools/community-based-natural-resource-management-in-africa-ARD-RAISE/sample-data-excel-files/CO2 Indus.xls/view.html
./library/resources/rmp/library/content/tools/community-based-natural-resource-management-in-africa-ARD-RAISE/sample-data-excel-files/Energy Balances.xls/view.html
./library/resources/rmp/library/content/tools/community-based-natural-resource-management-in-africa-ARD-RAISE/sample-data-excel-files/Land area and use.xls/view.html
./library/resources/rmp/library/content/tools/community-based-natural-resource-management-in-africa-ARD-RAISE/sample-data-excel-files/Water S_D.xls.html
./library/resources/rmp/library/content/tools/community-based-natural-resource-management-in-africa-ARD-RAISE/sample-data-excel-files/Int_al Prot Areas.xls.html
./library/resources/rmp/library/content/tools/community-based-natural-resource-management-in-africa-ARD-RAISE/sample-data-excel-files/library-collection.html
./library/resources/rmp/library/content/tools/community-based-natural-resource-management-in-africa-ARD-RAISE/sample-data-excel-files/Forest ecosystems.xls.html
./library/resources/rmp/library/content/tools/community-based-natural-resource-management-in-africa-ARD-RAISE/sample-data-excel-files/Water S_D.xls/view.html
./library/resources/rmp/library/content/tools/community-based-natural-resource-management-in-africa-ARD-RAISE/sample-data-excel-files/Int_al Prot Areas.xls/view.html
./library/resources/rmp/library/content/tools/community-based-natural-resource-management-in-africa-ARD-RAISE/sample-data-excel-files/index.html
./library/resources/rmp/library/content/tools/community-based-natural-resource-management-in-africa-ARD-RAISE/sample-data-excel-files/Forest resources.xls.html
./library/resources/rmp/library/content/tools/community-based-natural-resource-management-in-africa-ARD-RAISE/sample-data-excel-files/Thr_Species1.xls.html
./library/resources/rmp/library/content/tools/community-based-natural-resource-management-in-africa-ARD-RAISE/sample-data-excel-files/Energy Balances.xls.html
./library/resources/rmp/library/content/tools/community-based-natural-resource-management-in-africa-ARD-RAISE/sample-data-excel-files/Thr_Species1.xls/view.html
./library/resources/rmp/library/content/tools/community-based-natural-resource-management-in-africa-ARD-RAISE/sample-data-excel-files/Forest resources.xls/view.html
./library/resources/rmp/library/content/tools/community-based-natural-resource-management-in-africa-ARD-RAISE/sample-data-excel-files/Energy Prod.xls.html
./library/resources/rmp/library/content/tools/community-based-natural-resource-management-in-africa-ARD-RAISE/sample-data-excel-files/Fish S_D.xls/view.html
./library/resources/rmp/library/content/tools/community-based-natural-resource-management-in-africa-ARD-RAISE/sample-data-excel-files/End_Species Pgms.xls.html
./library/resources/rmp/library/content/tools/community-based-natural-resource-management-in-africa-ARD-RAISE/sample-data-excel-files/Minerals.xls/view.html
./library/resources/rmp/library/content/tools/community-based-natural-resource-management-in-africa-ARD-RAISE/sample-data-excel-files/End_Species Pgms.xls/view.html
./library/resources/rmp/library/content/tools/community-based-natural-resource-management-in-africa-ARD-RAISE/sample-data-excel-files/N_al Prot Areas.xls/view.html
./library/resources/rmp/library/content/tools/community-based-natural-resource-management-in-africa-ARD-RAISE/index.html
./library/resources/rmp/library/content/tools/community-based-natural-resource-management-in-africa-ARD-RAISE/images.html
./library/resources/rmp/library/content/tools/community-based-natural-resource-management-in-africa-ARD-RAISE/images/usaid-logo-sm.gif/view.html
./library/resources/rmp/library/content/tools/community-based-natural-resource-management-in-africa-ARD-RAISE/images/library-collection.html
./library/resources/rmp/library/content/tools/community-based-natural-resource-management-in-africa-ARD-RAISE/images/index.html
./library/resources/rmp/library/content/tools/community-based-natural-resource-management-in-africa-ARD-RAISE/images/ar220.jpg/view.html
./library/resources/rmp/library/content/tools/community-based-natural-resource-management-in-africa-ARD-RAISE/images/ar120.jpg/view.html
./library/resources/rmp/library/content/tools/community-based-natural-resource-management-in-africa-ARD-RAISE/images/cbnrm-cover.jpg/view.html
./library/resources/rmp/library/content/tools/community-based-natural-resource-management-in-africa-ARD-RAISE/RAISE-CBNRM.doc/view.html
./library/resources/rmp/library/content/tools/community-based-natural-resource-management-in-africa-ARD-RAISE/sample-data.html
./library/resources/rmp/library/content/tools/community-based-natural-resource-management-in-africa-ARD-RAISE/Instructions.doc/view.html
./library/resources/rmp/library/content/tools/community-based-natural-resource-management-in-africa-ARD-RAISE/Madagascar final.ppt/view.html
./library/resources/rmp/library/content/tools/community-based-natural-resource-management-in-africa-ARD-RAISE/CBNRM Web Sites.doc.html
./library/resources/rmp/library/content/tools/community-based-natural-resource-management-in-africa-ARD-RAISE/CBNRM Web Sites.doc/view.html
./library/resources/rmp/library/content/tools/disaster-assessment-and-response-tools.html
./library/resources/rmp/library/content/tools/conflict-assessment-and-management-tools.html
./library/resources/rmp/library/content/tools/biodiversity-support-program.html
./library/resources/rmp/library/content/tools/compass-ii.html
./library/resources/rmp/library/content/tools/climate-change-associated-tools/library-collection.html
./library/resources/rmp/library/content/tools/climate-change-associated-tools/index.html
./library/resources/rmp/library/content/tools/climate-change-associated-tools/assessing-vulnerabilities-to-the-effects-of-global-change-an-eight-step-approach.html
./library/resources/rmp/library/content/tools/climate-change-associated-tools/assessing-vulnerabilities-to-the-effects-of-global-change-an-eight-step-approach/view.html
./library/resources/rmp/library/content/cbnrm library .html
./library/resources/rmp/library/content/abcg-documents/abcg-bctf-meeting-minutes-on-innovative-actions-to-address-the-bushmeat-crisis.html
./library/resources/rmp/library/content/abcg-documents/index.html
./library/resources/rmp/library/content/abcg-documents/abcg-bctf-meeting-minutes-on-innovative-actions-to-address-the-bushmeat-crisis/view.html
./library/resources/rmp/library/content/abcg-documents/a-presentation-of-garoua-wildlife-college-ecole-de-faune-garoua-2010.html
./library/resources/rmp/library/content/abcg-documents/a-presentation-of-garoua-wildlife-college-ecole-de-faune-garoua-2010/view.html
./library/resources/rmp/library/content/analyse-filiere-charbon-bois-zones-usaid.html
./library/resources/rmp/library/content/improving-grassroots-equity-forests-climate-change-manual-pdf/view.html
./library/resources/rmp/library/content/biodiversity-conservation-and-forestry-programs-annual-report-2010/view.html
./library/resources/rmp/library/content/making-gender-count-leveraging-m-e-to-mainstream-gender.html
./library/resources/rmp/library/content/advancing-global-food-security-face-of-changing-climate/view.html
./library/resources/rmp/library/content/advancing-global-food-security-face-of-changing-climate.html
./library/resources/rmp/library/content/scoping-study-strengthening-women-management-forests-redd/view.html
./library/resources/rmp/library/content/executive-summary-synergies-nwp/view.html
./library/resources/rmp/library/content/conference-agenda-value-chain-dynamics-for-natural-products-cebu-2008.html
./library/resources/rmp/library/content/building-redd-lessons-learned-meeting.html
./library/resources/rmp/library/content/gender-community-forests-changing-landscape-thailand/view.html
./library/resources/rmp/library/content/tools.html
./library/resources/rmp/news-events/news-usaid-rmp-partner-newsletters.html
./library/resources/rmp/news-events/news-usaid-rmp-featured-stories.html
./library/resources/rmp/news-events/news-usaid-rmp-featured-stories/copy_of_state-of-the-forest-carbon-markets-2009-taking-root-branching-out.html
./library/resources/rmp/news-events/news-usaid-rmp-featured-stories/melting-glaciers-current-status-and-future-concerns.html
./library/resources/rmp/news-events/news-usaid-rmp-featured-stories/rmp-news-events-news-usaid-rmp-featured-stories.html
./library/resources/rmp/news-events/news-usaid-rmp-featured-stories/turning-point.html
./library/resources/rmp/news-events/news-usaid-rmp-featured-stories/transforming-the-kenyan-dairy-feeds-system-to-improve-farmer-productivity-and-livelihoods.html
./library/resources/rmp/news-events/news-usaid-rmp-featured-stories/melting-glaciers-current-status-and-future-concerns/view.html
./library/resources/rmp/news-events/news-usaid-rmp-featured-stories/index.html
./library/resources/rmp/news-events/news-usaid-rmp-featured-stories/wildlife-conservation-and-natural-resource-management-in-southern-sudan/view.html
./library/resources/rmp/news-events/news-usaid-rmp-featured-stories/safeguarding-the-world2019s-water-2008-report-on-usaid-water-sector-activities.html
./library/resources/rmp/news-events/news-usaid-rmp-featured-stories/safeguarding-the-world2019s-water-2008-report-on-usaid-water-sector-activities/view.html
./library/resources/rmp/news-events/news-usaid-rmp-featured-stories/wildlife-conservation-and-natural-resource-management-in-southern-sudan.html
./library/resources/rmp/news-events/news-usaid-rmp-featured-stories/management-expenses-of-environmental-funds-a-cost-review-of-eai-and-tfca-funds.html
./library/resources/rmp/news-events/news-usaid-rmp-featured-stories/transforming-the-kenyan-dairy-feeds-system-to-improve-farmer-productivity-and-livelihoods/view.html
./library/resources/rmp/news-events/news-usaid-rmp-featured-stories/turning-point/view.html
./library/resources/rmp/news-events/news-usaid-rmp-featured-stories/paradise-lost-madagascar.html
./library/resources/rmp/news-events/news-usaid-rmp-featured-stories/climate-change-property-rights-resource-governance-emerging-implications-for-usg-policies-and-programming.html
./library/resources/rmp/news-events/news-usaid-rmp-featured-stories/paradise-lost-madagascar/view.html
./library/resources/rmp/news-events/news-usaid-rmp-featured-stories/management-expenses-of-environmental-funds-a-cost-review-of-eai-and-tfca-funds/view.html
./library/resources/rmp/news-events/news-usaid-rmp-featured-stories/copy_of_state-of-the-forest-carbon-markets-2009-taking-root-branching-out/view.html
./library/resources/rmp/news-events/news-usaid-rmp-featured-stories/climate-change-property-rights-resource-governance-emerging-implications-for-usg-policies-and-programming/view.html
./library/resources/rmp/news-events/news-usaid-rmp-partner-newsletters/global-waters-1/usaid-global-waters-march-2011.html
./library/resources/rmp/news-events/news-usaid-rmp-partner-newsletters/global-waters-1/usaid-global-waters-october-2011/view.html
./library/resources/rmp/news-events/news-usaid-rmp-partner-newsletters/global-waters-1/rmp-news-events-news-usaid-rmp-partner-newsletters-global-waters-1.html
./library/resources/rmp/news-events/news-usaid-rmp-partner-newsletters/global-waters-1/usaid-global-waters-may-2011/view.html
./library/resources/rmp/news-events/news-usaid-rmp-partner-newsletters/global-waters-1/index.html
./library/resources/rmp/news-events/news-usaid-rmp-partner-newsletters/global-waters-1/usaid-global-waters-january-2012/view.html
./library/resources/rmp/news-events/news-usaid-rmp-partner-newsletters/global-waters-1/usaid-global-waters-december-2012.html
./library/resources/rmp/news-events/news-usaid-rmp-partner-newsletters/global-waters-1/usaid-global-waters-may-2011.html
./library/resources/rmp/news-events/news-usaid-rmp-partner-newsletters/global-waters-1/usaid-global-waters-october-2011.html
./library/resources/rmp/news-events/news-usaid-rmp-partner-newsletters/global-waters-1/usaid-global-waters-january-2012.html
./library/resources/rmp/news-events/news-usaid-rmp-partner-newsletters/global-waters-1/usaid-global-waters-august-2011.html
./library/resources/rmp/news-events/news-usaid-rmp-partner-newsletters/global-waters-1/usaid-global-waters-march-2011/view.html
./library/resources/rmp/news-events/news-usaid-rmp-partner-newsletters/global-waters-1/usaid-global-waters-december-2012/view.html
./library/resources/rmp/news-events/news-usaid-rmp-partner-newsletters/global-waters-1/usaid-global-waters-august-2011/view.html
./library/resources/rmp/news-events/news-usaid-rmp-partner-newsletters/usaid-new-this-month-february-2015.html
./library/resources/rmp/news-events/news-usaid-rmp-partner-newsletters/what-new-usaid-library-nov-2014.html
./library/resources/rmp/news-events/news-usaid-rmp-partner-newsletters/global-waters-1.html
./library/resources/rmp/news-events/news-usaid-rmp-partner-newsletters/usaid-nrm-winter-2015/view.html
./library/resources/rmp/news-events/news-usaid-rmp-partner-newsletters/usaid-ksc-ntm-august-2014.html
./library/resources/rmp/news-events/news-usaid-rmp-partner-newsletters/index.html
./library/resources/rmp/news-events/news-usaid-rmp-partner-newsletters/what-new-usaid-library-nov-2014/view.html
./library/resources/rmp/news-events/news-usaid-rmp-partner-newsletters/usaid-nrm-winter-2015.html
./library/resources/rmp/news-events/news-usaid-rmp-partner-newsletters/usaid-ksc-ntm-august-2014/view.html
./library/resources/rmp/news-events/news-usaid-rmp-partner-newsletters/usaid-new-this-month-february-2015/view.html
./library/resources/rmp/news-events/news-usaid-rmp-partner-newsletters/rmp-news-events-news-usaid-rmp-partner-newsletters.html
./library/resources/rmp/index.html
./library/resources/rmp/collections.html
./library/resources/rmp/groups/cbrlm/cbrlm-for-review/economic-analysis-land-use-livestock-wildlife-disease-management-caprivi-namibia/view.html
./library/resources/rmp/training/poverty-reduction-seminar/seminar-reading-list-1/property-rights-collective-action-and-poverty-the-role-of-institutions-for-poverty-reduction/view.html
./library/resources/rmp/training/poverty-reduction-seminar/seminar-reading-list-1/property-rights-collective-action-and-poverty-the-role-of-institutions-for-poverty-reduction.html
./library/resources/rmp/training/poverty-reduction-seminar/seminar-reading-list-1/the-economics-of-poverty-traps-and-persistent-poverty-an-asset-based-approach.html
./library/resources/rmp/training/poverty-reduction-seminar/seminar-reading-list-1/agriculture-and-rural-development-discussion-paper-1.html
./library/resources/rmp/training/poverty-reduction-seminar/seminar-reading-list-1/rmp-training-poverty-reduction-seminar-seminar-reading-list-1.html
./library/resources/rmp/training/poverty-reduction-seminar/seminar-reading-list-1/poverty-reduction-seminar/view.html
./library/resources/rmp/training/poverty-reduction-seminar/seminar-reading-list-1/pro-poor-economic-growth-research-studies-discussion-session2014february-25-2003-panel-4-agriculture-and-pro-poor-growth/view.html
./library/resources/rmp/training/poverty-reduction-seminar/seminar-reading-list-1/biodiversity-payment-where-it2019s-due/view.html
./library/resources/rmp/training/poverty-reduction-seminar/seminar-reading-list-1/indicators-to-monitor-progress-of-forest-law-enforcement-and-governance-initiatives-to-control-illegal-practices-in-the-forest-sector.html
./library/resources/rmp/training/poverty-reduction-seminar/seminar-reading-list-1/financial-incentives-to-communities-for-stewardship-of-environmental-resources-feasibility-study.html
./library/resources/rmp/training/poverty-reduction-seminar/seminar-reading-list-1/tools-for-civil-society-action-to-reduce-forest-corruption-drawing-lessons-from-transparency-international/view.html
./library/resources/rmp/training/poverty-reduction-seminar/seminar-reading-list-1/countingontheenvironmentforestincomesandtheruralpoor.pdf/view.html
./library/resources/rmp/training/poverty-reduction-seminar/seminar-reading-list-1/the-interplay-between-smallholder-farmers-and-fragile-tropical-agroecosystems-in-the-kenyan-highlands.html
./library/resources/rmp/training/poverty-reduction-seminar/seminar-reading-list-1/pnacr288.pdf/view.html
./library/resources/rmp/training/poverty-reduction-seminar/seminar-reading-list-1/biodiversity-payment-where-it2019s-due.html
./library/resources/rmp/training/poverty-reduction-seminar/seminar-reading-list-1/the-economics-of-poverty-traps-and-persistent-poverty-an-asset-based-approach/view.html
./library/resources/rmp/training/poverty-reduction-seminar/seminar-reading-list-1/agriculture-and-rural-development-discussion-paper-1/view.html
./library/resources/rmp/training/poverty-reduction-seminar/seminar-reading-list-1/agricultural-growth-is-the-key-to-poverty-alleviation-in-low-income-developing-countries.html
./library/resources/rmp/training/poverty-reduction-seminar/seminar-reading-list-1/2003tcmeetingsdurban.ppt/view.html
./library/resources/rmp/training/poverty-reduction-seminar/seminar-reading-list-1/eptd-discussion-paper-no.-41-strategies-for-sustainable-agricultural-development-in-the-east-african-highlands/view.html
./library/resources/rmp/training/poverty-reduction-seminar/seminar-reading-list-1/an-example-of-looking-at-a-stakeholder-in-the-case-study-through-the-lens-of-clientelism-swapo.html
./library/resources/rmp/training/poverty-reduction-seminar/seminar-reading-list-1/rural-poverty-dynamics-development-policy-implications/view.html
./library/resources/rmp/training/poverty-reduction-seminar/seminar-reading-list-1/market-based-conservation-and-local-benefits-the-case-of-argan-oil-in-morocco.html
./library/resources/rmp/training/poverty-reduction-seminar/seminar-reading-list-1/poverty_brief.pdf/view.html
./library/resources/rmp/training/poverty-reduction-seminar/seminar-reading-list-1/inequality-briefing-2002.html
./library/resources/rmp/training/poverty-reduction-seminar/seminar-reading-list-1/index.html
./library/resources/rmp/training/poverty-reduction-seminar/seminar-reading-list-1/inequality-briefing-briefing-paper-no-2-2-of-3-.-march-2002-why-inequality-matters-for-poverty/view.html
./library/resources/rmp/training/poverty-reduction-seminar/seminar-reading-list-1/market-based-conservation-and-local-benefits-the-case-of-argan-oil-in-morocco/view.html
./library/resources/rmp/training/poverty-reduction-seminar/seminar-reading-list-1/resolving-conflicts-by-building-governance-and-transparency-where-the-rubber-hits-the-road/view.html
./library/resources/rmp/training/poverty-reduction-seminar/seminar-reading-list-1/towards-improved-natural-resource-management-in-africa/view.html
./library/resources/rmp/training/poverty-reduction-seminar/seminar-reading-list-1/fractal-poverty-traps/view.html
./library/resources/rmp/training/poverty-reduction-seminar/seminar-reading-list-1/poverty-reduction-seminar.html
./library/resources/rmp/training/poverty-reduction-seminar/seminar-reading-list-1/financial-incentives-to-communities-for-stewardship-of-environmental-resources-feasibility-study/view.html
./library/resources/rmp/training/poverty-reduction-seminar/seminar-reading-list-1/resolving-conflicts-by-building-governance-and-transparency-where-the-rubber-hits-the-road.html
./library/resources/rmp/training/poverty-reduction-seminar/seminar-reading-list-1/rural-poverty-dynamics-development-policy-implications.html
./library/resources/rmp/training/poverty-reduction-seminar/seminar-reading-list-1/understanding-environment-conflict-and-cooperation.html
./library/resources/rmp/training/poverty-reduction-seminar/seminar-reading-list-1/pro-poor-economic-growth-research-studies-discussion-session2014february-25-2003-panel-4-agriculture-and-pro-poor-growth.html
./library/resources/rmp/training/poverty-reduction-seminar/seminar-reading-list-1/fractal-poverty-traps.html
./library/resources/rmp/training/poverty-reduction-seminar/seminar-reading-list-1/understanding-environment-conflict-and-cooperation/view.html
./library/resources/rmp/training/poverty-reduction-seminar/seminar-reading-list-1/inequality-briefing-briefing-paper-no-3-3-of-3-.-march-2002-responding-to-inequality/view.html
./library/resources/rmp/training/poverty-reduction-seminar/seminar-reading-list-1/preliminary-draft-agricultural-markets-and-the-rural-poor.html
./library/resources/rmp/training/poverty-reduction-seminar/seminar-reading-list-1/stochastic-wealth-dynamics-and-risk-management-among-a-poor-population.html
./library/resources/rmp/training/poverty-reduction-seminar/seminar-reading-list-1/inequality-briefing-2002/view.html
./library/resources/rmp/training/poverty-reduction-seminar/seminar-reading-list-1/preliminary-draft-agricultural-markets-and-the-rural-poor/view.html
./library/resources/rmp/training/poverty-reduction-seminar/seminar-reading-list-1/towards-improved-natural-resource-management-in-africa.html
./library/resources/rmp/training/poverty-reduction-seminar/seminar-reading-list-1/statusandevolutionofenvironmentalprioritiesinthepovertyreductionstrategies.pdf/view.html
./library/resources/rmp/training/poverty-reduction-seminar/seminar-reading-list-1/stochastic-wealth-dynamics-and-risk-management-among-a-poor-population/view.html
./library/resources/rmp/training/poverty-reduction-seminar/seminar-reading-list-1/the-interplay-between-smallholder-farmers-and-fragile-tropical-agroecosystems-in-the-kenyan-highlands/view.html
./library/resources/rmp/training/poverty-reduction-seminar/seminar-reading-list-1/an-example-of-looking-at-a-stakeholder-in-the-case-study-through-the-lens-of-clientelism-swapo/view.html
./library/resources/rmp/training/poverty-reduction-seminar/seminar-reading-list-1/agricultural-growth-is-the-key-to-poverty-alleviation-in-low-income-developing-countries/view.html
./library/resources/rmp/training/poverty-reduction-seminar/seminar-reading-list-1/indicators-to-monitor-progress-of-forest-law-enforcement-and-governance-initiatives-to-control-illegal-practices-in-the-forest-sector/view.html
./library/resources/rmp/training/poverty-reduction-seminar/seminar-reading-list-1/tools-for-civil-society-action-to-reduce-forest-corruption-drawing-lessons-from-transparency-international.html
./library/resources/rmp/training/poverty-reduction-seminar/index.html
./library/resources/rmp/training/poverty-reduction-seminar/namibia_case_study.pdf/view.html
./library/resources/rmp/training/poverty-reduction-seminar/seminar-reading-list-1.html
./library/resources/rmp/training/poverty-reduction-seminar/rmp-training-poverty-reduction-seminar.html
./library/resources/rmp/training/poverty-reduction-seminar/poverty-seminar-presentations/trade-environment-and-poverty/view.html
./library/resources/rmp/training/poverty-reduction-seminar/poverty-seminar-presentations/lamb.ppt/view.html
./library/resources/rmp/training/poverty-reduction-seminar/poverty-seminar-presentations/rmp-training-content-poverty-reduction-seminar-poverty-seminar-presentations.html
./library/resources/rmp/training/poverty-reduction-seminar/poverty-seminar-presentations/environment-conflict-and-cooperation-from-threat-to-opportunity/view.html
./library/resources/rmp/training/poverty-reduction-seminar/poverty-seminar-presentations/pryor.ppt/view.html
./library/resources/rmp/training/poverty-reduction-seminar/poverty-seminar-presentations/forests-as-economic-social-and-environmental-assets-for-communities-exiting-poverty-in-latin-america/view.html
./library/resources/rmp/training/poverty-reduction-seminar/poverty-seminar-presentations/assets-poverty-traps-and-rights/view.html
./library/resources/rmp/training/poverty-reduction-seminar/poverty-seminar-presentations/international-migration-and-development-linked-but-how/view.html
./library/resources/rmp/training/poverty-reduction-seminar/poverty-seminar-presentations/veit.ppt/view.html
./library/resources/rmp/training/poverty-reduction-seminar/poverty-seminar-presentations/eilerts.ppt/view.html
./library/resources/rmp/training/poverty-reduction-seminar/poverty-seminar-presentations/index.html
./library/resources/rmp/training/poverty-reduction-seminar/poverty-seminar-presentations/the-relation-between-poverty-and-resource-degradation/view.html
./library/resources/rmp/training/poverty-reduction-seminar/poverty-seminar-presentations/poverty-natural-resources-management/view.html
./library/resources/rmp/training/poverty-reduction-seminar/poverty-seminar-presentations/power-and-the-social-dimensions-of-poverty-and-natural-resource-management.html
./library/resources/rmp/training/poverty-reduction-seminar/poverty-seminar-presentations/impacts-of-investments-and-livelihood-strategies-in-less-favored-areas-evidence-from-asia-east-africa-and-central-america.html
./library/resources/rmp/training/poverty-reduction-seminar/poverty-seminar-presentations/k-warner.ppt/view.html
./library/resources/rmp/training/poverty-reduction-seminar/poverty-seminar-presentations/assets-poverty-traps-and-rights.html
./library/resources/rmp/training/poverty-reduction-seminar/poverty-seminar-presentations/improving-law-enforcement-and-governance-for-better-forest-outcomes/view.html
./library/resources/rmp/training/poverty-reduction-seminar/poverty-seminar-presentations/the-relation-between-poverty-and-resource-degradation.html
./library/resources/rmp/training/poverty-reduction-seminar/poverty-seminar-presentations/poverty-natural-resources-management.html
./library/resources/rmp/training/poverty-reduction-seminar/poverty-seminar-presentations/improving-law-enforcement-and-governance-for-better-forest-outcomes.html
./library/resources/rmp/training/poverty-reduction-seminar/poverty-seminar-presentations/impacts-of-investments-and-livelihood-strategies-in-less-favored-areas-evidence-from-asia-east-africa-and-central-america/view.html
./library/resources/rmp/training/poverty-reduction-seminar/poverty-seminar-presentations/the-apparent-201ccurse201d-of-natural-resources/view.html
./library/resources/rmp/training/poverty-reduction-seminar/poverty-seminar-presentations/mapping-ecosystem-services-and-poverty-in-kenya-preview-of-work-in-progress.html
./library/resources/rmp/training/poverty-reduction-seminar/poverty-seminar-presentations/international-migration-and-development-linked-but-how.html
./library/resources/rmp/training/poverty-reduction-seminar/poverty-seminar-presentations/environment-conflict-and-cooperation-from-threat-to-opportunity.html
./library/resources/rmp/training/poverty-reduction-seminar/poverty-seminar-presentations/the-apparent-201ccurse201d-of-natural-resources.html
./library/resources/rmp/training/poverty-reduction-seminar/poverty-seminar-presentations/power-and-the-social-dimensions-of-poverty-and-natural-resource-management/view.html
./library/resources/rmp/training/poverty-reduction-seminar/poverty-seminar-presentations/trade-environment-and-poverty.html
./library/resources/rmp/training/poverty-reduction-seminar/poverty-seminar-presentations/forests-as-economic-social-and-environmental-assets-for-communities-exiting-poverty-in-latin-america.html
./library/resources/rmp/training/poverty-reduction-seminar/poverty-seminar-presentations/mapping-ecosystem-services-and-poverty-in-kenya-preview-of-work-in-progress/view.html
./library/resources/rmp/training/poverty-reduction-seminar/poverty-seminar-presentations.html
./library/resources/rmp/training/poverty-reduction-seminar.html
./library/resources/rmp/training/st_training_tz/st_training/module-3-project-assessement-is-tourism-the-right-tool-pdf-564kb/view.html
./library/resources/rmp/training/st_training_tz/st_training/module-3-project-assessement-is-tourism-the-right-tool-pdf-564kb.html
./library/resources/rmp/training/st_training_tz/st_training/un-wto-global-code-of-ethics-for-sustainable-tourism-pdf-513kb.html
./library/resources/rmp/training/st_training_tz/st_training/module-5-project-design-presentation-pdf-1154kb/view.html
./library/resources/rmp/training/st_training_tz/st_training/handout-6-1-case-study-of-five-properties-in-jamaica-pdf-70kb/view.html
./library/resources/rmp/training/st_training_tz/st_training/module-4-project-design-ppt-23780kb/view.html
./library/resources/rmp/training/st_training_tz/st_training/handout-2-1-carribbean-open-trade-support-pdf-26kb.html
./library/resources/rmp/training/st_training_tz/st_training/handout-1-5-understanding-the-language-of-tourism-glossary-pdf-87kb.html
./library/resources/rmp/training/st_training_tz/st_training/module-5-project-design-presentation-ppt-16056kb.html
./library/resources/rmp/training/st_training_tz/st_training/handout-1-3-tourism-value-chain-pdf-284kb/view.html
./library/resources/rmp/training/st_training_tz/st_training/module-1-intro-to-tourism-ppt-5165kb.html
./library/resources/rmp/training/st_training_tz/st_training/module-5-guidelines-for-sustainable-tourism-pdf-458kb/view.html
./library/resources/rmp/training/st_training_tz/st_training/module-4-project-design-pdf-390kb/view.html
./library/resources/rmp/training/st_training_tz/st_training/handout-3-1-gettingstarted-pdf-1563kb.html
./library/resources/rmp/training/st_training_tz/st_training/module-2-usaid-and-tourism-presentation-pdf-474kb/view.html
./library/resources/rmp/training/st_training_tz/st_training/handout-3-2-samburu-ecolodge-project-background-pdf-48kb/view.html
./library/resources/rmp/training/st_training_tz/st_training/module-2-usaid-and-tourism-presentation-ppt-1433kb.html
./library/resources/rmp/training/st_training_tz/st_training/module-4-project-design-ppt-23780kb.html
./library/resources/rmp/training/st_training_tz/st_training/module-2-usaid-and-tourism-presentation-pdf-474kb.html
./library/resources/rmp/training/st_training_tz/st_training/module-5-project-design-presentation-ppt-16056kb/view.html
./library/resources/rmp/training/st_training_tz/st_training/module-4-project-design-pdf-390kb.html
./library/resources/rmp/training/st_training_tz/st_training/index.html
./library/resources/rmp/training/st_training_tz/st_training/module-5-guidelines-for-sustainable-tourism-pdf-458kb.html
./library/resources/rmp/training/st_training_tz/st_training/module-5-lessons-learned-from-ecuador-pdf-265kb/view.html
./library/resources/rmp/training/st_training_tz/st_training/module-7-presentation-ppt-2420kb/view.html
./library/resources/rmp/training/st_training_tz/st_training/handout-3-1-gettingstarted-pdf-1563kb/view.html
./library/resources/rmp/training/st_training_tz/st_training/handout-3-2-samburu-ecolodge-project-background-pdf-48kb.html
./library/resources/rmp/training/st_training_tz/st_training/module-5-lessons-learned-from-ecuador-pdf-265kb.html
./library/resources/rmp/training/st_training_tz/st_training/handout-2-1-carribbean-open-trade-support-pdf-26kb/view.html
./library/resources/rmp/training/st_training_tz/st_training/module-6-introduction-ppt-13379kb/view.html
./library/resources/rmp/training/st_training_tz/st_training/module-7-presentation-ppt-2420kb.html
./library/resources/rmp/training/st_training_tz/st_training/module-6-introduction-pdf-371kb.html
./library/resources/rmp/training/st_training_tz/st_training/sustainable-tourism-training-schedule-introduction-ppt/view.html
./library/resources/rmp/training/st_training_tz/st_training/un-wto-global-code-of-ethics-for-sustainable-tourism-pdf-513kb/view.html
./library/resources/rmp/training/st_training_tz/st_training/sustainable-tourism-training-schedule-introduction-pdf-170kb.html
./library/resources/rmp/training/st_training_tz/st_training/rmp-training-st-training-tz-st-training.html
./library/resources/rmp/training/st_training_tz/st_training/module-7-presentation-pdf-206kb/view.html
./library/resources/rmp/training/st_training_tz/st_training/module-6-introduction-ppt-13379kb.html
./library/resources/rmp/training/st_training_tz/st_training/handout-1-5-understanding-the-language-of-tourism-glossary-pdf-87kb/view.html
./library/resources/rmp/training/st_training_tz/st_training/handout-1-2-un-wto-sustainable-tourism-definitions-pdf-12kb.html
./library/resources/rmp/training/st_training_tz/st_training/handout-6-1-case-study-of-five-properties-in-jamaica-pdf-70kb.html
./library/resources/rmp/training/st_training_tz/st_training/module-1-intro-to-tourism-pdf-350kb.html
./library/resources/rmp/training/st_training_tz/st_training/handout-3-3-mozambique-tourism-program-objectives-pdf-26kb/view.html
./library/resources/rmp/training/st_training_tz/st_training/module-6-introduction-pdf-371kb/view.html
./library/resources/rmp/training/st_training_tz/st_training/handout-4-1-economic-growth-interventions-pdf-19kb.html
./library/resources/rmp/training/st_training_tz/st_training/module-2-usaid-and-tourism-presentation-ppt-1433kb/view.html
./library/resources/rmp/training/st_training_tz/st_training/handout-1-fromtourism-to-sustainable-tourism-pdf-12kb.html
./library/resources/rmp/training/st_training_tz/st_training/handout-1-fromtourism-to-sustainable-tourism-pdf-12kb/view.html
./library/resources/rmp/training/st_training_tz/st_training/module-3-project-assessement-is-tourism-the-right-tool-ppt-30025kb.html
./library/resources/rmp/training/st_training_tz/st_training/handout-4-1-economic-growth-interventions-pdf-19kb/view.html
./library/resources/rmp/training/st_training_tz/st_training/module-1-intro-to-tourism-pdf-350kb/view.html
./library/resources/rmp/training/st_training_tz/st_training/module-3-project-assessement-is-tourism-the-right-tool-ppt-30025kb/view.html
./library/resources/rmp/training/st_training_tz/st_training/module-5-project-design-presentation-pdf-1154kb.html
./library/resources/rmp/training/st_training_tz/st_training/handout-1-2-un-wto-sustainable-tourism-definitions-pdf-12kb/view.html
./library/resources/rmp/training/st_training_tz/st_training/module-1-intro-to-tourism-ppt-5165kb/view.html
./library/resources/rmp/training/st_training_tz/st_training/sustainable-tourism-training-schedule-introduction-ppt.html
./library/resources/rmp/training/st_training_tz/st_training/module-7-presentation-pdf-206kb.html
./library/resources/rmp/training/st_training_tz/st_training/handout-1-3-tourism-value-chain-pdf-284kb.html
./library/resources/rmp/training/st_training_tz/st_training/sustainable-tourism-training-schedule-introduction-pdf-170kb/view.html
./library/resources/rmp/training/st_training_tz/st_training/handout-3-3-mozambique-tourism-program-objectives-pdf-26kb.html
./library/resources/rmp/training/st_training_tz/st_training.html
./library/resources/rmp/training/content.html
./library/resources/rmp/training/content/21-april-04-abcg-ccc-human-migration-and-conservation-reference-list/view.html
./library/resources/rmp/training/content/nmo-course/view.html
./library/resources/rmp/training/content/using-a-team-approach-to-build-a-bushmeat-network-in-eastern-africa-and-implement-pilot-projects/view.html
./library/resources/rmp/training/content/using-a-team-approach-to-build-a-bushmeat-network-in-eastern-africa-and-implement-pilot-projects.html
./library/resources/rmp/training/content/leadership-for-fisheries-management-course-2014/view.html
./library/resources/rmp/training/content/case-study-3-abcg-general-communications-activities.html
./library/resources/rmp/training/content/case-study-3-abcg-general-communications-activities/view.html
./library/resources/rmp/training/content/rmp-training-content.html
./library/resources/rmp/training/content/a-move-from-minor-to-major-competing-discourses-of-non-timber-forest-products-in-india.html
./library/resources/rmp/training/content/leadership-for-fisheries-management-course-2014.html
./library/resources/rmp/training/content/from-awareness-to-action-sharing-lessons-learned-for-african-conservation/view.html
./library/resources/rmp/training/content/index.html
./library/resources/rmp/training/content/from-awareness-to-action-sharing-lessons-learned-for-african-conservation.html
./library/resources/rmp/training/content/indigenous-medicine-hiv-aids-and-medicinal-plant-resources.html
./library/resources/rmp/training/content/selected-list-of-anti-corruption-training-courses.html
./library/resources/rmp/training/content/21-april-04-abcg-ccc-human-migration-and-conservation-reference-list.html
./library/resources/rmp/training/content/beyond-the-beach-quick-reference-guide-for-competing-in-the-sustainable-tourism-market.html
./library/resources/rmp/training/content/usfws-wildlife-without-borders-africa-mentor-fellowship-program-mid-term-report-august-2008/view.html
./library/resources/rmp/training/content/open-africa-inbound-tourism-model.html
./library/resources/rmp/training/content/selected-list-of-anti-corruption-training-courses/view.html
./library/resources/rmp/training/content/joint-presentation-on-bushmeat-pilot-project-implementation-by-usfws-mentor-fellows/view.html
./library/resources/rmp/training/content/beyond-the-beach-quick-reference-guide-for-competing-in-the-sustainable-tourism-market/view.html
./library/resources/rmp/training/content/usfws-wildlife-without-borders-africa-mentor-fellowship-program-mid-term-report-august-2008.html
./library/resources/rmp/training/content/indigenous-medicine-hiv-aids-and-medicinal-plant-resources/view.html
./library/resources/rmp/training/content/3rd-african-drought-adaptation-forum-report/view.html
./library/resources/rmp/training/content/usfs-mission-report-water-resources-in-tabora-and-rukwa-regions-tanzania-june-2009.html
./library/resources/rmp/training/content/open-africa-inbound-tourism-model/view.html
./library/resources/rmp/training/content/usfs-mission-report-water-resources-in-tabora-and-rukwa-regions-tanzania-june-2009/view.html
./library/resources/rmp/training/content/nmo-course.html
./library/resources/rmp/training/content/3rd-african-drought-adaptation-forum-report.html
./library/resources/rmp/training/content/a-move-from-minor-to-major-competing-discourses-of-non-timber-forest-products-in-india/view.html
./library/resources/rmp/training/content/joint-presentation-on-bushmeat-pilot-project-implementation-by-usfws-mentor-fellows.html
./library/resources/rmp/training/content/abcg-report-on-hiv-aids-and-natural-resource-management-in-africa-findings-from-kenya-namibia-south-africa-and-uganda-by-dr.-jane-dwasi/view.html
./library/resources/rmp/collections/folder-for-the-environment-collections/community-based-natural-forest-management.html
./library/resources/rmp/collections/folder-for-the-environment-collections/index.html
./library/resources/rmp/collections/folder-for-the-environment-collections/community-based-natural-resource-management-cbnrm.html
./library/resources/rmp/collections/index.html
./library/resources/rmp/collections/folder-for-the-environment-collections.html
./library/resources/rmp/collections/forestry-document-collection.html
./library/resources/on-the-front-lines-of-human-orangutan-conflict-mitigation/view.html
./library/resources/7-guia-de-formacao-monitoracao-boas-practicas.pdf/view.html
./library/resources/cru-trumon-turning-conflict-into-coexistence/view.html
./library/resources/5-guia-conciso-do-kit-ferramentas-para-monitorar-fpic.pdf/view.html
./library/resources/marco-evaluacion-opcional-del-impacto-social.pdf/view.html
./library/resources/biodiversity-policy-update-listening-session-feedback-may16.pdf/view.html
./library/resources/final-report-biodiversity-understanding-in-infrastructure-and-landscape-development-pdf.html
./library/resources/mi2-del-fy21-3-2-1-a-ebp-job-aid_final_508-85.pdf/view.html
./library/resources/owr-fact-sheet.pdf.html
./library/resources/usaid-fse-factsheet-cgf-2021.pdf/view.html
./library/resources/guide-des-meilleures-pratiques-en-matiere-de-formation-et-de-suivi.pdf/view.html
./library/resources/guia-concisa-del-conjunto-de-herramientas-de-usaid-para-monitorear-la-participacion-verificar-clpi.pdf.html
./library/resources/guidance-on-monitoring-fpic.pdf/view.html
./library/resources/5a-2_community-engagement-how-to-guide_30mar22_508.pdf.html
./library/resources/forests-and-food-security-what2019s-gender-got-to-do-with-it/view.html
./library/resources/amazonvisionreport_final-508.pdf/view.html
./library/resources/cru-trumon-turning-conflict-into-coexistence.html
./library/resources/jpc-honduras-memoria-de-implementacion-2021.pdf.html
./library/resources/enviro-crimes-coca-activity-ucayali-exec-summ.pdf/view.html
./library/resources/silos-solutions-one-health-fact-sheet.pdf.html
./library/resources/the-community-based-landscape-connectivity-model-a-collaborative-approach-to-secure-protect-and-sustain-kwakuchinja-wildlife-connectivity.pdf/view.html
./library/resources/ie106-dpw1-1045-cambodia-pes.pdf/view.html
./library/resources/ecotourism-for-orangutan-conservation.html
./library/resources/usaid-ocean-related-programming-factsheet.pdf.html
./library/resources/final-fact-sheet_nosy-manga-february-2022_english_03_07_2022.pdf.html
./library/resources/expedition-to-search-for-birds-of-paradise/view.html
./library/resources/5-guia-conciso-do-kit-ferramentas-para-monitorar-fpic.pdf.html
./library/resources/insect-farming-for-global-development.html
./library/resources/impact-evaluation-feasibility-southern-africa-ecco.pdf/view.html
./library/resources/4-orientacao-usaid-monitoracao-de-fpic.pdf/view.html
./library/resources/iuu-2-pager_508-37.pdf/view.html
./library/resources/mr-jali-protector-of-leuser.html
./library/resources/silos-solutions-one-health-fact-sheet.pdf/view.html
./library/resources/lessons-learned-technical-brief-smart-patrols-and-protected-area-management/view.html
./library/resources/usaid-social-impact-assessment-508.pdf/view.html
./library/resources/what-is-usaids-amazon-vision.html
./library/resources/good-practices-guide-pause-and-reflect.pdf/view.html
./library/resources/usaid-amazon-vision-report-508.pdf.html
./library/resources/mecanismo-de-reclamacion-reparacion-para-las-actividades-en-areas-protegidas.pdf.html
./library/resources/making-a-difference-capturing-the-charismatic.html
./library/resources/reduced-impact-logging-a-commitment-towards-sustainability/view.html
./library/resources/pining-wildlife-nostalgia/view.html
./library/resources/projected-climate-change-impacts-philippine.html
./library/resources/juntanza-guia-flashcards-2024.pdf.html
./library/resources/towards-gender-equitable-small-scale-fisheries-governance-and-development-a-handbook.html
./library/resources/lestari-fast-facts-on-its-biodiversity-conservation-work.html
./library/resources/facilitating-zero-deforestation-pledge-from-indonesian-essential-oils-industry.html
./library/resources/guide-de-lengagement-communautaire.pdf.html
./library/resources/cadre-devaluation-impact-social-optionnel.pdf/view.html
./library/resources/ingles-evaluacion-de-bosques-tropicales-y-diversidad-biologica-de-guatemala.pdf/view.html
./library/resources/usaid_enrm_framework.pdf/view.html
./library/resources/hearth-pse-research-summary-2024.pdf/view.html
./library/resources/lawe-cimanok-and-orangutan/view.html
./library/resources/index.html
./library/resources/mitigating-zoonotic-emergence-at-the-human-environment-interface-508-2021-10-002.pdf.html
./library/resources/mimika-gets-its-act-together-to-save-wildlife/view.html
./library/resources/biodiversity-policy-update-listening-session-feedback-may16.pdf.html
./library/resources/scapes-final-evaluation-new-file-type/view.html
./library/resources/rmp.html
./library/resources/guidance-on-monitoring-fpic.pdf.html
./library/resources/pause-and-reflect-toolkit.html
./library/resources/guide-concis-de-boite-a-outilspour-lesuivi-de-lengagement-et-du-processus-dobtention-clpi.pdf/view.html
./library/resources/fpic-360-monitoring-tool-jan22.xlsx/view.html
./library/resources/promoting-gender-equality-and-women2019s-empowerment-in-fisheries-and-aquaculture.html
./library/resources/5b-_grm-guidelines_30mar22_508.pdf.html
./library/resources/porlapesca-fs-english-27sep22.pdf/view.html
./library/resources/champions-of-the-forest.html
./library/resources/guia-de-practicas-recomendadas-para-la-capacitacion-el-monitoreo.pdf.html
./library/resources/enviro-crimes-coca-activity-ucayali-exec-summ.pdf.html
./library/resources/optional-toolkit-for-identifying-indigenous-peoples.pdf/view.html
./library/resources/usaid-bio-development-handbook-chapter-4/view.html
./library/resources/climate-resilient-biodiversity-stocktaking.pdf.html
./library/resources/lessons-learned-technical-brief-smart-patrols-and-protected-area-management.html
./library/resources/usaid-ocean-related-programming-factsheet.pdf/view.html
./library/resources/in-search-of-the-lost-gender-equity-in-protected-areas-2.html
./library/resources/5c-1_training-and-monitoring-best-practice-guide_30mar22_508.pdf/view.html
./library/resources/optional-toolkit-for-identifying-indigenous-peoples.pdf.html
./library/resources/usaid-ace-program-fact-sheet.pdf/view.html
./library/resources/juntanza-guia-worksheets-2024.pdf/view.html
./library/resources/on-the-front-lines-of-human-orangutan-conflict-mitigation.html
./library/resources/pa00xrtp.pdf/view.html
./library/resources/juntanza-guia-worksheets-2024.pdf.html
./library/resources/towards-gender-equitable-small-scale-fisheries-governance-and-development-a-handbook/view.html
./library/resources/USAID_BD_Handbook_CHIV_4_7.pdf/view.html
./library/resources/juntanza-guia-2024.pdf.html
./library/resources/usaid_mi2_pse-learning-brief_508v.pdf/view.html
./library/resources/usaid-a-decade-of-practicing-adaptive-management.pdf/view.html
./library/resources/pathways-for-usaid-action-iuuf-lac.pdf/view.html
./library/resources/cafec-garamba-chinko-fact-sheet.pdf.html
./library/resources/2024-usaid-position-statement-on-one-health.pdf/view.html
./library/resources/guia-de-usaid-para-el-monitoreo-del-clpi.pdf.html
./library/resources/2-envolvimento-das-comunidades-guia-de-instrucoes.pdf/view.html
./library/resources/linkages-between-the-natural-environment-and-select-nutritional-outcomes-evidence-from-usaid-supported-research-collaborations/view.html
./library/resources/guide-des-meilleures-pratiques-en-matiere-de-formation-et-de-suivi.pdf.html
./library/resources/mecanisme-reglement-des-griefs-decoulant-des-activities-les-zones-protegees.pdf.html
./library/resources/projected-climate-change-impacts-philippine/view.html
./library/resources/mimika-gets-its-act-together-to-save-wildlife.html
./library/resources/foreign-assistance-act-sections-118-119-tropical-forest-and-biodiversity-analysis-best-practices-guide.html
./library/resources/cadre-devaluation-impact-social-optionnel.pdf.html
./library/resources/abf-factsheet.pdf/view.html
./library/resources/concept-note-managing-deep-peatland-in-singkil-aceh-achieving-the-goals-of-greenhouse-gas-emission-reduction-and-biodiversity-conservation.html
./library/resources/pausa-reflexion-kit-de-herramientas.pdf/view.html
./library/resources/usaid-climate-strategy-2022-2030_final.pdf/view.html
./library/resources/usaid-paani-fact-sheet/view.html
./library/resources/5b-_grm-guidelines_30mar22_508.pdf/view.html
./library/resources/mi2-del-fy21-3-2-1-a-ebp-job-aid_final_508-85.pdf.html
./library/resources/lessons-learned-technical-brief-multi-layered-conservation-management-in-leuser-landscape/view.html
./library/resources/environment-energy-landscape-lac-analysis-of-trends.pdf/view.html
./library/resources/biodiversity-and-development-handbook-1.html
./library/resources/getting-past-gatekeeper-guide-program-communications.html
./library/resources/usaid-vision-report-carpe.pdf/view.html
./library/resources/118_119-bpg-annexes-a_b_c.docx/view.html
./library/resources/conjunto-de-herramientas-opcional-para-identificar-los-pueblos-indigenas.pdf.html
./library/resources/usaid-a-decade-of-practicing-adaptive-management.pdf.html
./library/resources/directives-sur-le-suivi-processus-dobtention-consentement-libre-prealable-eclaire.pdf.html
./library/resources/guide-de-lengagement-communautaire.pdf/view.html
./library/resources/guide-to-monitoring-fpic-toolkit.pdf/view.html
./library/resources/5a-1_community-engagement-reference-guide_30mar22_508.pdf/view.html
./library/resources/ecotourism-for-orangutan-conservation/view.html
./library/resources/USAID_BD_Handbook_CHIV_4.10.pdf/view.html
./library/resources/equal-opportunities-gender-justice-and-tenure-egt.html
./library/resources/juntanza-guia-2024.pdf/view.html
./library/resources/directives-sur-le-suivi-processus-dobtention-consentement-libre-prealable-eclaire.pdf/view.html
./library/resources/natural-wealth.html
./library/resources/pining-wildlife-nostalgia.html
./library/resources/ppa-factsheet-508.pdf/view.html
./library/resources/lessons-learned-technical-brief-multi-layered-conservation-management-in-leuser-landscape.html
./library/resources/integrating-gender-in-national-biodiversity-strategies-and-action-plans-pilot-project-process-and-initial-considerations.html
./library/resources/guide-concis-de-boite-a-outilspour-lesuivi-de-lengagement-et-du-processus-dobtention-clpi.pdf.html
./library/resources/cgf-sbcc-strategy.pdf/view.html
./library/resources/gender-mainstreaming-in-fisheries-management-a-training-manual.-the-usaid-ghana-sustainable-fisheries-management-project-sfmp/view.html
./library/resources/wsfs2020_01_crc_fin508.pdf/view.html
./library/resources/returning-33-reptiles-to-their-habitat.html
./library/resources/cbcwt-fact-sheet.pdf.html
./library/resources/marco-evaluacion-opcional-del-impacto-social.pdf.html
./library/resources/bd-annual-report-fy-2023.pdf/view.html
./library/resources/guia-de-participacion-comunitaria.pdf/view.html
./library/resources/jpc-honduras-memoria-de-implementacion-2021.pdf/view.html
./library/resources/cambodia-evaluation-webinar-mi2-slides.pdf.html
./library/resources/khetha-fact-sheet.pdf/view.html
./library/resources/1-guia-de-envolvimento-das-comunidades.pdf/view.html
./library/resources/conservation-enterprises-brief/view.html
./library/resources/nwp.pdf/view.html
./library/resources/owr-fact-sheet.pdf/view.html
./library/resources/energy-infrastructure-report-2023.pdf/view.html
./library/resources/marine-fact-sheet-24.html
./library/resources/putting-usaid-one-health-position-statement-in-practice.pdf.html
./library/resources/understanding-biodiversity-2013-development-integration-efforts-and-opportunities.html
./library/resources/usaid-amazon-vision-summary-508.pdf/view.html
./library/resources/in-search-of-the-lost-gender-equity-in-protected-areas-2/view.html
./library/resources/mi2-evaluation-report-2023.pdf/view.html
./library/resources/colombia-land-for-prosperity-impact-evaluation.pdf/view.html
./library/resources/usaid_enrm_factsheet_reforestation.pdf/view.html
./library/resources/pausa-reflexion-kit-de-herramientas.pdf.html
./library/resources/cambodia-evaluation-webinar-mi2-slides.pdf/view.html
./library/resources/usaid-social-impact-assessment-508.pdf.html
./library/resources/hariyo-ban-2-fact-sheet.pdf/view.html
./library/resources/mecanismo-de-reclamacion-reparacion-para-las-actividades-en-areas-protegidas.pdf/view.html
./library/resources/USAID_BD_Handbook_CHIV_4_8.pdf/view.html
./library/resources/making-a-difference-capturing-the-charismatic/view.html
./library/resources/mecanisme-reglement-des-griefs-decoulant-des-activities-les-zones-protegees.pdf/view.html
./library/resources/colombia-smvc-baseline-report.pdf/view.html
./library/resources/biodiversity-and-development-handbook-1/view.html
./library/resources/dietary-quality-and-tree-cover-in-africa.html
./library/resources/scioa-fs-english-16feb22.pdf/view.html
./library/resources/returning-33-reptiles-to-their-habitat/view.html
./library/resources/drivers-of-land-conversion-systems-approach.pdf/view.html
./library/resources/boite-outils-facultative-pour-lidentification-des-populations-autochtones.pdf.html
./library/resources/usaid_enrm_framework.pdf.html
./library/resources/fpic-360-monitoring-tool-jan22.xlsx.html
./library/resources/jpc-honduras-fact-sheet-2023.pdf/view.html
./library/resources/usaid_pse_factsheet.pdf/view.html
./library/resources/8-directrizes-principios-para-concepcao-integracao.pdf.html
./library/resources/retrospective-indonesia-nrm-program.pdf/view.html
./library/resources/insect-farming-for-global-development/view.html
./library/resources/pause-and-reflect-toolkit/view.html
./library/resources/pa00xbrb.pdf/view.html
./library/resources/concept-note-managing-deep-peatland-in-singkil-aceh-achieving-the-goals-of-greenhouse-gas-emission-reduction-and-biodiversity-conservation/view.html
./library/resources/guia-de-usaid-para-el-monitoreo-del-clpi.pdf/view.html
./library/resources/cafec-garamba-chinko-fact-sheet.pdf/view.html
./library/resources/8-directrizes-principios-para-concepcao-integracao.pdf/view.html
./library/resources/understanding-the-drivers-of-deforestation-and-the-policies-incentivizing-forest-conversion-in-forest-and-peatland-in-the-leuser-landscape/view.html
./library/resources/2024-usaid-position-statement-on-one-health.pdf.html
./library/resources/linkages-between-the-natural-environment-and-select-nutritional-outcomes-evidence-from-usaid-supported-research-collaborations.html
./library/resources/cifor2019s-gender-research-approaches-achievements-impacts/view.html
./library/resources/5c-1_training-and-monitoring-best-practice-guide_30mar22_508.pdf.html
./library/resources/amazon-rights-and-resources-7920.pdf/view.html
./library/resources/6-quadro-opcional-de-avaliacao-de-impacto-social.pdf.html
./library/resources/lestari-fast-facts-on-its-biodiversity-conservation-work/view.html
./library/resources/usaid-biodiversity-policy.html
./library/resources/4-orientacao-usaid-monitoracao-de-fpic.pdf.html
./library/resources/boite-outils-facultative-pour-lidentification-des-populations-autochtones.pdf/view.html
./library/resources/participacion-comunitaria-en-areas-protegias.pdf.html
./library/resources/usaid_enrm_factsheet_forest_conservation.pdf/view.html
./library/resources/understanding-the-drivers-of-deforestation-and-the-policies-incentivizing-forest-conversion-in-forest-and-peatland-in-the-leuser-landscape.html
./library/resources/final-fact-sheet_nosy-manga-february-2022_english_03_07_2022.pdf/view.html
./library/resources/promoting-gender-equality-and-women2019s-empowerment-in-fisheries-and-aquaculture/view.html
./library/resources/usaid-joins-the-one-trillion-trees-movement.html
./library/resources/usaid-trillion-trees-contribution.pdf/view.html
./library/resources/usaid-paani-fact-sheet.html
./library/resources/guia-de-practicas-recomendadas-para-la-capacitacion-el-monitoreo.pdf/view.html
./library/resources/cbcwt-fact-sheet.pdf/view.html
./library/resources/usaid-ace-program-fact-sheet.pdf.html
./library/resources/dietary-quality-and-tree-cover-in-africa/view.html
./library/resources/2-envolvimento-das-comunidades-guia-de-instrucoes.pdf.html
./library/resources/alt-livelihood-projects-local-threats-bio-improving-conservation-status-pdf.html
./library/resources/usaid-biodiversity-policy/index.html
./library/resources/lawe-cimanok-and-orangutan.html
./library/resources/expedition-to-search-for-birds-of-paradise.html
./library/resources/jpc-honduras-fact-sheet-2023.pdf.html
./library/resources/engagement-des-communautes-dans-les-activities-usaid-des-les-zones-protegees.pdf/view.html
./library/resources/equal-opportunities-gender-justice-and-tenure-egt/view.html
./library/resources/good-practices-guide-pause-and-reflect.pdf.html
./library/resources/wsfs2020_01_crc_fin508.pdf.html
./library/resources/alt-livelihood-projects-local-threats-bio-improving-conservation-status-pdf/view.html
./library/resources/forests-and-food-security-what2019s-gender-got-to-do-with-it.html
./library/resources/usaid-climate-strategy-2022-2030_final.pdf.html
./library/resources/facilitating-zero-deforestation-pledge-from-indonesian-essential-oils-industry/view.html
./library/resources/participacion-comunitaria-en-areas-protegias.pdf/view.html
./library/resources/usaid-cambodia-morodok-baitang-fact-sheet/index.html
./library/resources/usaid-cambodia-morodok-baitang-fact-sheet/view.html
./library/resources/guide-to-monitoring-fpic-toolkit.pdf.html
./library/resources/iucn-cce-factsheet-1.pdf/view.html
./library/resources/natural-wealth/view.html
./library/resources/guia-de-buenas-practicas-para-la-pausa-reflexion.pdf/view.html
./library/resources/6-quadro-opcional-de-avaliacao-de-impacto-social.pdf/view.html
./library/resources/climate-resilient-biodiversity-stocktaking.pdf/view.html
./library/resources/guia-de-participacion-comunitaria.pdf.html
./library/resources/mitigating-zoonotic-emergence-at-the-human-environment-interface-508-2021-10-002.pdf/view.html
./library/resources/ecofish-ii-activity-fact-sheet.pdf/view.html
./library/adaptive-management-resources.html
./library/wildlife-resources.html
./projects/mission-projects/conserving-coastal-ecosystems/coastal-images.html
./projects/mission-projects/conserving-coastal-ecosystems/conserving-coastal-ecosystems-landing-page.html
./projects/mission-projects/conserving-coastal-ecosystems/index.html
./projects/mission-projects/conserving-coastal-ecosystems/coastal-images/fishing-day.jpg/view.html
./projects/mission-projects/conserving-coastal-ecosystems/coastal-images/index.html
./projects/mission-projects/conserving-coastal-ecosystems/coastal-images/white-heron.jpg/view.html
./projects/mission-projects/conserving-coastal-ecosystems/coastal-images/zambuco-lagoon.jpg/view.html
./projects/mission-projects/conserving-coastal-ecosystems/coastal-images/white-heron-cropped.jpg/view.html
./projects/mission-projects/conserving-coastal-ecosystems/coastal-images/red-mangrove-afforestation.jpg/view.html
./projects/mission-projects/conserving-coastal-ecosystems/videos.html
./projects/mission-projects/conserving-coastal-ecosystems/videos/conserving-coastal-ecosystems-videos.html
./projects/mission-projects/conserving-coastal-ecosystems/videos/index.html
./projects/mission-projects/fish-right.html
./projects/mission-projects/index.html
./projects/mission-projects/mission-projects.html
./projects/mission-projects/illegal-unreported-and-unregulated-iuu.html
./projects/mission-projects/sustainable-fishing-for-food-security-and-resilient-communities-in-the-philippines.html
./projects/mission-projects/usfs-international-programs-honduras/usfs-international-programs-honduras-landing-page.html
./projects/mission-projects/usfs-international-programs-honduras/resources.html
./projects/mission-projects/usfs-international-programs-honduras/honduras-images.html
./projects/mission-projects/usfs-international-programs-honduras/index.html
./projects/mission-projects/usfs-international-programs-honduras/videos.html
./projects/mission-projects/usfs-international-programs-honduras/honduras-images/index.html
./projects/mission-projects/usfs-international-programs-honduras/honduras-images/usfs-logo-200px.png/view.html
./projects/mission-projects/usfs-international-programs-honduras/honduras-images/firefighters-2.jpg/view.html
./projects/mission-projects/usfs-international-programs-honduras/resources/index.html
./projects/mission-projects/usfs-international-programs-honduras/resources/usfs-international-programs-honduras-resources.html
./projects/mission-projects/usfs-international-programs-honduras/videos/index.html
./projects/mission-projects/usfs-international-programs-honduras/videos/usfs-international-programs-honduras-videos.html
./projects/mission-projects/biodiversity-conservation-program-in-the-amazon.html
./projects/mission-projects/fish-right/resources.html
./projects/mission-projects/fish-right/index.html
./projects/mission-projects/fish-right/fish-right-images/wefishright.jpg/view.html
./projects/mission-projects/fish-right/fish-right-images/sietepescados.jpg/view.html
./projects/mission-projects/fish-right/fish-right-images/uri-colored.png/view.html
./projects/mission-projects/fish-right/fish-right-images/index.html
./projects/mission-projects/fish-right/fish-right-images/womeninclusion.jpg/view.html
./projects/mission-projects/fish-right/fish-right-images/fish-for-the-future-2.jpg/view.html
./projects/mission-projects/fish-right/fish-right-images/it-takes-a-village.webp/view.html
./projects/mission-projects/fish-right/fish-right-images/da-bfar-logo.jpg/view.html
./projects/mission-projects/fish-right/fish-right-landing-page.html
./projects/mission-projects/fish-right/fish-right-videos/usaid-fish-right-legacy-part-5-mpan-establishment-and-strengthening.html
./projects/mission-projects/fish-right/fish-right-videos/usaid-fish-right-legacy-part-1-why-fish-right.html
./projects/mission-projects/fish-right/fish-right-videos/usaid-fish-right-legacy-part-10-lessons-learned-way-forward.html
./projects/mission-projects/fish-right/fish-right-videos/usaid-fish-right-legacy-part-3-constituency-building.html
./projects/mission-projects/fish-right/fish-right-videos/index.html
./projects/mission-projects/fish-right/fish-right-videos/fish-right-videos-collection.html
./projects/mission-projects/fish-right/fish-right-videos/usaid-fish-right-legacy-part-7-resilient-and-sustainable-landscapes.html
./projects/mission-projects/fish-right/fish-right-videos/usaid-fish-right-legacy-part-9-illegal-unreported-and-unregulated-fishing.html
./projects/mission-projects/fish-right/fish-right-videos/usaid-fish-right-legacy-part-8-supply-chain-improvement-with-translations.html
./projects/mission-projects/fish-right/fish-right-videos/usaid-fish-right-legacy-part-6-right-sizing.html
./projects/mission-projects/fish-right/fish-right-videos/usaid-fish-right-legacy-part-2-institutional-convergence-and-innovations.html
./projects/mission-projects/fish-right/fish-right-videos/usaid-fish-right-legacy-part-4-science-based-management.html
./projects/mission-projects/fish-right/fish-right-images.html
./projects/mission-projects/fish-right/resources/usaid-fish-right-blue-swimming-crab-partnership.pdf.html
./projects/mission-projects/fish-right/resources/fish-right-resources.html
./projects/mission-projects/fish-right/resources/crm-poster-fishright-philippines.pdf/view.html
./projects/mission-projects/fish-right/resources/handbook-for-peer-educators-promoting-sustainable-fisheries.pdf.html
./projects/mission-projects/fish-right/resources/from-challenge-to-opportunity-philippines.pdf/view.html
./projects/mission-projects/fish-right/resources/usaid-fish-right-blue-swimming-crab-partnership.pdf/view.html
./projects/mission-projects/fish-right/resources/index.html
./projects/mission-projects/fish-right/resources/first-responsible-seafood-summit.pdf/view.html
./projects/mission-projects/fish-right/resources/fma11-management-framework.pdf/view.html
./projects/mission-projects/fish-right/resources/wps-cso-summit-highlights.pdf/view.html
./projects/mission-projects/fish-right/resources/first-responsible-seafood-summit.pdf.html
./projects/mission-projects/fish-right/resources/wps-cso-summit-highlights.pdf.html
./projects/mission-projects/fish-right/resources/file.html
./projects/mission-projects/fish-right/resources/file/view.html
./projects/mission-projects/fish-right/resources/handbook-for-peer-educators-promoting-sustainable-fisheries.pdf/view.html
./projects/mission-projects/fish-right/resources/cisf-fishright-crm-case-study.pdf/view.html
./projects/mission-projects/fish-right/fish-right-videos.html
./projects/mission-projects/usaid-pro-bosques/index.html
./projects/mission-projects/usaid-pro-bosques/media.html
./projects/mission-projects/usaid-pro-bosques/press-releases.html
./projects/mission-projects/usaid-pro-bosques/publications/index.html
./projects/mission-projects/usaid-pro-bosques/publications/25jun2019-probosques-infografia-cadena-de-valor-madera-ingles-v.pdf/view.html
./projects/mission-projects/usaid-pro-bosques/publications/linea-base-suministro-de-madera-2019-usaid-pro-bosques.pdf/view.html
./projects/mission-projects/usaid-pro-bosques/publications/linea-base-suministro-de-madera-2019-usaid-pro-bosques.pdf.html
./projects/mission-projects/usaid-pro-bosques/publications/25jun2019-probosques-infografia-cadena-de-valor-madera-ingles-v.pdf.html
./projects/mission-projects/usaid-pro-bosques/publications/publications.html
./projects/mission-projects/usaid-pro-bosques/activity-components.html
./projects/mission-projects/usaid-pro-bosques/press-releases/index.html
./projects/mission-projects/usaid-pro-bosques/press-releases/press-releases.html
./projects/mission-projects/usaid-pro-bosques/media/libro-operaciones-titulos-habilitantes-mochila-forestal-osinfor.html
./projects/mission-projects/usaid-pro-bosques/media/index.html
./projects/mission-projects/usaid-pro-bosques/usaid-pro-bosques-home.html
./projects/mission-projects/usaid-pro-bosques/publications.html
./projects/mission-projects/usaid-pro-bosques/activity-components/component-2-forest-competitiveness/index.html
./projects/mission-projects/usaid-pro-bosques/activity-components/component-2-forest-competitiveness/component-2-forest-competitiveness.html
./projects/mission-projects/usaid-pro-bosques/activity-components/component-3-indigenous-empowerment.html
./projects/mission-projects/usaid-pro-bosques/activity-components/index.html
./projects/mission-projects/usaid-pro-bosques/activity-components/component-3-indigenous-empowerment/component-3-indigenous-empowerment.html
./projects/mission-projects/usaid-pro-bosques/activity-components/component-3-indigenous-empowerment/index.html
./projects/mission-projects/usaid-pro-bosques/activity-components/activity-components.html
./projects/mission-projects/usaid-pro-bosques/activity-components/component-2-forest-competitiveness.html
./projects/mission-projects/usaid-pro-bosques/activity-components/component-1-forest-governance-sustainability/index.html
./projects/mission-projects/usaid-pro-bosques/activity-components/component-1-forest-governance-sustainability/component-1-forest-governance-sustainability.html
./projects/mission-projects/usaid-pro-bosques/activity-components/component-1-forest-governance-sustainability.html
./projects/mission-projects/conserving-coastal-ecosystems.html
./projects/mission-projects/usaid-pro-bosques.html
./projects/mission-projects/usfs-international-programs-honduras.html
./projects/mission-projects/tackling-environmental-crime-in-madagascar2019s-rain-forests.html
./projects/index.html
./projects/mission-projects.html
./projects/projects-landing.html
./projects/current-global-projects/tnrc/resources.html
./projects/current-global-projects/tnrc/tnrc-blog/index.html
./projects/current-global-projects/tnrc/tnrc-blog/tnrc-blog.html
./projects/current-global-projects/tnrc/index.html
./projects/current-global-projects/tnrc/targeting-natural-resource-corruption-tnrc-1.html
./projects/current-global-projects/tnrc/resources/internal-controls-illegal-wildlife-trade.html
./projects/current-global-projects/tnrc/resources/corruption-in-cbc-lessons.pdf/view.html
./projects/current-global-projects/tnrc/resources/supply-chains-guide.pdf/view.html
./projects/current-global-projects/tnrc/resources/targeting-natural-resource-corruption-project-overview.html
./projects/current-global-projects/tnrc/resources/community-forestry-peru.pdf/view.html
./projects/current-global-projects/tnrc/resources/introductory-overview-a-political-ecology-lens-for-addressing-corruption-in-conservation-and-natural-resource-management.pdf.html
./projects/current-global-projects/tnrc/resources/tnrc-open-govt-partnerships-guide.pdf/view.html
./projects/current-global-projects/tnrc/resources/open-governance.pdf/view.html
./projects/current-global-projects/tnrc/resources/final-report-tgnr-english.pdf/view.html
./projects/current-global-projects/tnrc/resources/topicbrief-natural-resources-human-rights-and-corruption-what-are-the-connections.pdf.html
./projects/current-global-projects/tnrc/resources/social-norms-behavior-change.pdf/view.html
./projects/current-global-projects/tnrc/resources/855jgtda1c_r3_principles_of_good_acd_es.pdf/view.html
./projects/current-global-projects/tnrc/resources/executive-summary-tgnr-final.pdf/view.html
./projects/current-global-projects/tnrc/resources/tnrc-resources-collection.html
./projects/current-global-projects/tnrc/resources/internal-controls-illegal-wildlife-trade/view.html
./projects/current-global-projects/tnrc/resources/targeting-natural-resource-corruption-project-overview/view.html
./projects/current-global-projects/tnrc/resources/accessing-harvesting-and-trading-in-wildlife-corruption-in-the-use-of-permits-and-allocation-of-access-rights.pdf/view.html
./projects/current-global-projects/tnrc/resources/targeting-natural-resource-corruption-associate-award-support.html
./projects/current-global-projects/tnrc/resources/index.html
./projects/current-global-projects/tnrc/resources/tnrc-ecourse-engaging-the-financial-sector-to-reduce-money-laundering-and-corruption-linked-to-wildlife-trade.html
./projects/current-global-projects/tnrc/resources/pathways-renewable-resource-corruption.pdf/view.html
./projects/current-global-projects/tnrc/resources/building-accountable-resource-governance-institutions.pdf/view.html
./projects/current-global-projects/tnrc/resources/illicit-financial-flows.pdf/view.html
./projects/current-global-projects/tnrc/resources/communities-inclusion-guide.pdf/view.html
./projects/current-global-projects/tnrc/resources/tnrc_kenya_benefit_sharing.pdf/view.html
./projects/current-global-projects/tnrc/resources/introductory-overview-a-political-ecology-lens-for-addressing-corruption-in-conservation-and-natural-resource-management.pdf/view.html
./projects/current-global-projects/tnrc/resources/corruption-risk-assessments.pdf/view.html
./projects/current-global-projects/tnrc/resources/reducing-corruption2019s-impact-on-natural-resources-how-does-a-gender-lens-help.pdf/view.html
./projects/current-global-projects/tnrc/resources/corruption-oriented-sit-analysis.pdf/view.html
./projects/current-global-projects/tnrc/resources/tanzania-timber-tracker.pdf/view.html
./projects/current-global-projects/tnrc/resources/tnrc_mel_for_anticorruption.pdf/view.html
./projects/current-global-projects/tnrc/resources/corruption-risks-sustainable-livelihoods-guide.pdf/view.html
./projects/current-global-projects/tnrc/resources/reducing-corruption2019s-impact-on-natural-resources-how-does-a-gender-lens-help.pdf.html
./projects/current-global-projects/tnrc/resources/political-economy-law-enforcement.pdf/view.html
./projects/current-global-projects/tnrc/resources/topicbrief-natural-resources-human-rights-and-corruption-what-are-the-connections.pdf/view.html
./projects/current-global-projects/tnrc/resources/situation-analysis.pdf/view.html
./projects/current-global-projects/tnrc/resources/topic-brief-enrolling-the-local-community-based-anti-corruption-efforts-and-institutional-capture.pdf/view.html
./projects/current-global-projects/tnrc/resources/targeting-natural-resource-corruption-associate-award-support/view.html
./projects/current-global-projects/tnrc/resources/illegal-rhino-horn-supply-chain-guide.pdf/view.html
./projects/current-global-projects/tnrc/resources/resumen-ejecutivo-tgnr-final.pdf/view.html
./projects/current-global-projects/tnrc/resources/topic-brief-addressing-corruption-in-cites-documentation-processes.pdf/view.html
./projects/current-global-projects/tnrc/resources/monitoring-wildlife-crime-cases-justice-system.pdf/view.html
./projects/current-global-projects/tnrc/resources/law-enforcement-crim-justice.pdf/view.html
./projects/current-global-projects/tnrc/tnrc-blog.html
./projects/current-global-projects/ace.html
./projects/current-global-projects/w-traps.html
./projects/current-global-projects/global-projects.html
./projects/current-global-projects/agent/resources.html
./projects/current-global-projects/agent/index.html
./projects/current-global-projects/agent/advancing-gender-in-the-environment-agent.html
./projects/current-global-projects/agent/resources/tfa2020-gender-inclusion-resource-guide-file.pdf/view.html
./projects/current-global-projects/agent/resources/zambia-climate-change-gender-action-plan-ccgap-zm-report.html
./projects/current-global-projects/agent/resources/gender-based-violence-and-environment-linkages-the-violence-of-inequality.pdf/view.html
./projects/current-global-projects/agent/resources/cameroon-ghana-uganda2019s-gender-redd-roadmaps-a-national-policy-level-initiative.html
./projects/current-global-projects/agent/resources/cameroon-ghana-uganda2019s-gender-redd-roadmaps-a-national-policy-level-initiative/view.html
./projects/current-global-projects/agent/resources/dr-ccgap-web.pdf/view.html
./projects/current-global-projects/agent/resources/index.html
./projects/current-global-projects/agent/resources/agent-fy18report-v2-web_0.pdf/view.html
./projects/current-global-projects/agent/resources/dr-ccgap-web.pdf.html
./projects/current-global-projects/agent/resources/hariyo-ban-redd-for-economic-development-in-nepal-a-national-local-level-initiative.html
./projects/current-global-projects/agent/resources/trees-for-global-benefit-empowering-ugandan-women-with-land-concessions-and-tree-planting-benefits-a-local-level-implementation-initiative.html
./projects/current-global-projects/agent/resources/trees-for-global-benefit-empowering-ugandan-women-with-land-concessions-and-tree-planting-benefits-a-local-level-implementation-initiative/view.html
./projects/current-global-projects/agent/resources/2020-iucn-agent-fy19-report.pdf.html
./projects/current-global-projects/agent/resources/zambia-climate-change-gender-action-plan-ccgap-zm-report/view.html
./projects/current-global-projects/agent/resources/gender-and-redd-learning-exchange-13-15-may-2014-technical-workshop-summary-report.html
./projects/current-global-projects/agent/resources/advancing-gender-in-the-environment-gender-in-fisheries2014a-sea-of-opportunities.html
./projects/current-global-projects/agent/resources/advancing-gender-in-the-environment-gender-in-fisheries2014a-sea-of-opportunities/view.html
./projects/current-global-projects/agent/resources/gender-and-redd-learning-exchange-13-15-may-2014-technical-workshop-summary-report/view.html
./projects/current-global-projects/agent/resources/the-african-women2019s-network-for-community-management-of-forests-refacof-empowering-african-women-to-influence-redd.html
./projects/current-global-projects/agent/resources/pagcc_version_visualizacion_diseno_copy.pdf/view.html
./projects/current-global-projects/agent/resources/pagcc_version_visualizacion_diseno_copy.pdf.html
./projects/current-global-projects/agent/resources/2020-iucn-agent-fy19-report.pdf/view.html
./projects/current-global-projects/agent/resources/the-african-women2019s-network-for-community-management-of-forests-refacof-empowering-african-women-to-influence-redd/view.html
./projects/current-global-projects/agent/resources/agent-fy18report-v2-web_0.pdf.html
./projects/current-global-projects/agent/resources/hariyo-ban-redd-for-economic-development-in-nepal-a-national-local-level-initiative/view.html
./projects/current-global-projects/agent/resources/agent-resources-collection.html
./projects/current-global-projects/ace/advancing-capacity-for-the-environment.html
./projects/current-global-projects/ace/ace-images/icons/ocean-plastic-pollution-icon.svg/view.html
./projects/current-global-projects/ace/ace-images/icons/index.html
./projects/current-global-projects/ace/ace-images/icons/infrastructure-icon.svg/view.html
./projects/current-global-projects/ace/ace-images/trg-logo.png/view.html
./projects/current-global-projects/ace/ace-images/index.html
./projects/current-global-projects/ace/ace-images/icons.html
./projects/current-global-projects/ace/index.html
./projects/current-global-projects/ace/ace-images.html
./projects/current-global-projects/hearth/hearth-evidence.html
./projects/current-global-projects/hearth/hearth-images/tsiro-baseline-report-cover.jpg/view.html
./projects/current-global-projects/hearth/hearth-images/hearth-partnerships-as-of-oct-2022.png/view.html
./projects/current-global-projects/hearth/hearth-images/index.html
./projects/current-global-projects/hearth/hearth-images/f5_bean-sorter-face-paint.jpg/view.html
./projects/current-global-projects/hearth/hearth-images/impact-evaluation-feasibility-report-cover.jpg/view.html
./projects/current-global-projects/hearth/hearth-images/img_1959.jpg/view.html
./projects/current-global-projects/hearth/hearth-resources.html
./projects/current-global-projects/hearth/index.html
./projects/current-global-projects/hearth/hearth-evidence/hearth-evidence-collection.html
./projects/current-global-projects/hearth/hearth-evidence/index.html
./projects/current-global-projects/hearth/hearth-project-landing-page.html
./projects/current-global-projects/hearth/hearth-images.html
./projects/current-global-projects/hearth/hearth-resources/tsiro-baseline-survey.pdf/view.html
./projects/current-global-projects/hearth/hearth-resources/tsiro-baseline-survey.pdf.html
./projects/current-global-projects/hearth/hearth-resources/nosymanga-baseline-report.pdf/view.html
./projects/current-global-projects/hearth/hearth-resources/hearth-resources-collection.html
./projects/current-global-projects/hearth/hearth-resources/index.html
./projects/current-global-projects/hearth/hearth-resources/zambia-kafue-ie-fa-report.pdf/view.html
./projects/current-global-projects/hearth/hearth-resources/usaid_hearth_factsheet.pdf.html
./projects/current-global-projects/hearth/hearth-resources/usaid_hearth_factsheet.pdf/view.html
./projects/current-global-projects/index.html
./projects/current-global-projects/w-traps/resources.html
./projects/current-global-projects/w-traps/index.html
./projects/current-global-projects/w-traps/w-traps-wildlife-trafficking-response-assessment-and-priority-setting.html
./projects/current-global-projects/w-traps/w-traps-images.html
./projects/current-global-projects/w-traps/w-traps-images/index.html
./projects/current-global-projects/w-traps/w-traps-images/rhino-mama-baby.jpg/view.html
./projects/current-global-projects/w-traps/w-traps-images/confiscated-tusks.jpg/view.html
./projects/current-global-projects/w-traps/w-traps-images/animal-snares.jpg/view.html
./projects/current-global-projects/w-traps/w-traps-images/fisherman-lake-niassa.jpg/view.html
./projects/current-global-projects/w-traps/w-traps-images/imagex_preview.jpg/view.html
./projects/current-global-projects/w-traps/w-traps-images/baby-gorilla-bwindi.jpg/view.html
./projects/current-global-projects/w-traps/w-traps-images/parrots.jpg/view.html
./projects/current-global-projects/w-traps/w-traps-images/wtraps-overview.jpg/view.html
./projects/current-global-projects/w-traps/resources/brazil_wildlife_trafficking_assessment.pdf/view.html
./projects/current-global-projects/w-traps/resources/index.html
./projects/current-global-projects/w-traps/resources/wildlife-traps_2pager_a4.pdf/view.html
./projects/current-global-projects/taskup.html
./projects/current-global-projects/hearth.html
./projects/current-global-projects/integrated-natural-resource-management-inrm/inrm-resources-1.html
./projects/current-global-projects/integrated-natural-resource-management-inrm/usaid-hearth-monitoring-and-evaluation-toolkit-2022-4-508.pdf/view.html
./projects/current-global-projects/integrated-natural-resource-management-inrm/usaid-hearth-monitoring-and-evaluation-toolkit-2022-4-508.pdf.html
./projects/current-global-projects/integrated-natural-resource-management-inrm/index.html
./projects/current-global-projects/integrated-natural-resource-management-inrm/inrm-images.html
./projects/current-global-projects/integrated-natural-resource-management-inrm/inrm-resources/usaid-hearth-m_e-toolkit-module-ce-benefits_508.docx/view.html
./projects/current-global-projects/integrated-natural-resource-management-inrm/inrm-resources/usaid-hearth-m_e-toolkit-module-gender-equality-_-social-inclusion_508.pdf/view.html
./projects/current-global-projects/integrated-natural-resource-management-inrm/inrm-resources/usaid-hearth-m_e-toolkit-module-ce-benefits_508.pdf/view.html
./projects/current-global-projects/integrated-natural-resource-management-inrm/inrm-resources/usaid-hearth-m_e-toolkit-module-resilience_508.pdf/view.html
./projects/current-global-projects/integrated-natural-resource-management-inrm/inrm-resources/usaid-hearth-m_e-toolkit-module-health_508.docx/view.html
./projects/current-global-projects/integrated-natural-resource-management-inrm/inrm-resources/usaid-hearth-m_e-toolkit-module-ce-benefits_508.pdf.html
./projects/current-global-projects/integrated-natural-resource-management-inrm/inrm-resources/inrm_fact_sheet_final.pdf/view.html
./projects/current-global-projects/integrated-natural-resource-management-inrm/inrm-resources/usaid-hearth-m_e-toolkit-module-private-sector-engagement_508.pdf/view.html
./projects/current-global-projects/integrated-natural-resource-management-inrm/inrm-resources/usaid-hearth-m_e-toolkit-module-governance_508.pdf.html
./projects/current-global-projects/integrated-natural-resource-management-inrm/inrm-resources/usaid-hearth-m_e-toolkit-module-resilience_508.docx/view.html
./projects/current-global-projects/integrated-natural-resource-management-inrm/inrm-resources/usaid-hearth-m_e-toolkit-module-biophysical_508.pdf.html
./projects/current-global-projects/integrated-natural-resource-management-inrm/inrm-resources/linkages-participatory-nrm-democratic-outcomes/view.html
./projects/current-global-projects/integrated-natural-resource-management-inrm/inrm-resources/usaid-hearth-m_e-toolkit-module-gender-equality-_-social-inclusion_508.pdf.html
./projects/current-global-projects/integrated-natural-resource-management-inrm/inrm-resources/usaid-zambia-kafue-ie-fa-report/view.html
./projects/current-global-projects/integrated-natural-resource-management-inrm/inrm-resources/usaid-hearth-m_e-toolkit-module-biophysical_508.pdf/view.html
./projects/current-global-projects/integrated-natural-resource-management-inrm/inrm-resources/2023-pnrm-democratic-outcomes-technical-note.pdf/view.html
./projects/current-global-projects/integrated-natural-resource-management-inrm/inrm-resources/index.html
./projects/current-global-projects/integrated-natural-resource-management-inrm/inrm-resources/lrg-biodiversity-reference-sheet-2022-5-508.pdf.html
./projects/current-global-projects/integrated-natural-resource-management-inrm/inrm-resources/usaid-hearth-m_e-toolkit-module-governance_508.pdf/view.html
./projects/current-global-projects/integrated-natural-resource-management-inrm/inrm-resources/usaid-hearth-m_e-toolkit-module-kap_508.docx/view.html
./projects/current-global-projects/integrated-natural-resource-management-inrm/inrm-resources/usaid-hearth-m_e-toolkit-module-gender-equality-_-social-inclusion_508.docx/view.html
./projects/current-global-projects/integrated-natural-resource-management-inrm/inrm-resources/usaid-hearth-m_e-toolkit-module-agriculture-_-land_508.pdf.html
./projects/current-global-projects/integrated-natural-resource-management-inrm/inrm-resources/usaid-hearth-m_e-toolkit-module-socio-economic-well-being_508.pdf/view.html
./projects/current-global-projects/integrated-natural-resource-management-inrm/inrm-resources/usaid-hearth-m_e-toolkit-module-health_508.pdf/view.html
./projects/current-global-projects/integrated-natural-resource-management-inrm/inrm-resources/usaid-hearth-m_e-toolkit-module-biophysical_508.docx/view.html
./projects/current-global-projects/integrated-natural-resource-management-inrm/inrm-resources/usaid-hearth-m_e-toolkit-module-socio-economic-well-being_508.pdf.html
./projects/current-global-projects/integrated-natural-resource-management-inrm/inrm-resources/env-defenders-in-colombia-2022-9-6-508.pdf/view.html
./projects/current-global-projects/integrated-natural-resource-management-inrm/inrm-resources/usaid-hearth-m_e-toolkit-module-socio-economic-well-being_508.docx/view.html
./projects/current-global-projects/integrated-natural-resource-management-inrm/inrm-resources/usaid-hearth-m_e-toolkit-module-kap_508.pdf/view.html
./projects/current-global-projects/integrated-natural-resource-management-inrm/inrm-resources/usaid_hearth_learning-agenda_508.pdf.html
./projects/current-global-projects/integrated-natural-resource-management-inrm/inrm-resources/usaid-hearth-m_e-toolkit-module-governance_508.docx/view.html
./projects/current-global-projects/integrated-natural-resource-management-inrm/inrm-resources/lrg-biodiversity-reference-sheet-2022-5-508.pdf/view.html
./projects/current-global-projects/integrated-natural-resource-management-inrm/inrm-resources/linkages-participatory-nrm-democratic-outcomes.html
./projects/current-global-projects/integrated-natural-resource-management-inrm/inrm-resources/2023-pnrm-democratic-outcomes-technical-brief.pdf/view.html
./projects/current-global-projects/integrated-natural-resource-management-inrm/inrm-resources/usaid-hearth-m_e-toolkit-module-food-security-_-nutrition_508.pdf.html
./projects/current-global-projects/integrated-natural-resource-management-inrm/inrm-resources/usaid-hearth-m_e-toolkit-module-food-security-_-nutrition_508.docx/view.html
./projects/current-global-projects/integrated-natural-resource-management-inrm/inrm-resources/usaid-hearth-m_e-toolkit-module-health_508.pdf.html
./projects/current-global-projects/integrated-natural-resource-management-inrm/inrm-resources/usaid-hearth-m_e-toolkit-module-agriculture-_-land-_508.docx/view.html
./projects/current-global-projects/integrated-natural-resource-management-inrm/inrm-resources/usaid-hearth-m_e-toolkit-module-private-sector-engagement_508.pdf.html
./projects/current-global-projects/integrated-natural-resource-management-inrm/inrm-resources/usaid-hearth-m_e-toolkit-module-food-security-_-nutrition_508.pdf/view.html
./projects/current-global-projects/integrated-natural-resource-management-inrm/inrm-resources/usaid-hearth-m_e-toolkit-module-private-sector-engagement_508.docx/view.html
./projects/current-global-projects/integrated-natural-resource-management-inrm/inrm-resources/usaid-zambia-kafue-ie-fa-report.html
./projects/current-global-projects/integrated-natural-resource-management-inrm/inrm-resources/usaid_hearth_learning-agenda_508.pdf/view.html
./projects/current-global-projects/integrated-natural-resource-management-inrm/inrm-resources/usaid-hearth-m_e-toolkit-module-agriculture-_-land_508.pdf/view.html
./projects/current-global-projects/integrated-natural-resource-management-inrm/inrm-resources/usaid-hearth-m_e-toolkit-module-kap_508.pdf.html
./projects/current-global-projects/integrated-natural-resource-management-inrm/inrm-resources.html
./projects/current-global-projects/integrated-natural-resource-management-inrm/inrm-images/cbc-logo.png/view.html
./projects/current-global-projects/integrated-natural-resource-management-inrm/inrm-images/galapagos-tortoise.jpg/view.html
./projects/current-global-projects/integrated-natural-resource-management-inrm/inrm-images/icons/diversity-icon-white.png/view.html
./projects/current-global-projects/integrated-natural-resource-management-inrm/inrm-images/icons/index.html
./projects/current-global-projects/integrated-natural-resource-management-inrm/inrm-images/ecuador-children-at-water-tap.jpg/view.html
./projects/current-global-projects/integrated-natural-resource-management-inrm/inrm-images/index.html
./projects/current-global-projects/integrated-natural-resource-management-inrm/inrm-images/aerial-helka-in-circle.jpg/view.html
./projects/current-global-projects/integrated-natural-resource-management-inrm/inrm-images/photo-no-6-patrol-in-river.jpg/view.html
./projects/current-global-projects/integrated-natural-resource-management-inrm/inrm-images/amazon-deforestation.jpg/view.html
./projects/current-global-projects/integrated-natural-resource-management-inrm/inrm-images/icons.html
./projects/current-global-projects/integrated-natural-resource-management-inrm/inrm-images/drc-baby-bonobo.jpg/view.html
./projects/current-global-projects/integrated-natural-resource-management-inrm/inrm-images/guyana-waterfall.jpg/view.html
./projects/current-global-projects/integrated-natural-resource-management-inrm/inrm-images/patrol-in-river-2.jpg/view.html
./projects/current-global-projects/integrated-natural-resource-management-inrm/inrm-images/pakistan-fisherman-counting-his-catch.jpg/view.html
./projects/current-global-projects/integrated-natural-resource-management-inrm/inrm-images/rwandaphoto-1751.jpg/view.html
./projects/current-global-projects/integrated-natural-resource-management-inrm/inrm-home.html
./projects/current-global-projects/integrated-natural-resource-management-inrm.html
./projects/current-global-projects/tnrc.html
./projects/current-global-projects/taskup/index.html
./projects/current-global-projects/taskup/taskup.html
./projects/current-global-projects/agent.html
./projects/completed-projects/routes.html
./projects/completed-projects/gcp.html
./projects/completed-projects/measuring-impact.html
./projects/completed-projects/seek.html
./projects/completed-projects/nwp.html
./projects/completed-projects/seek/resources.html
./projects/completed-projects/seek/index.html
./projects/completed-projects/seek/resources/seek-resources.html
./projects/completed-projects/seek/resources/combating-wildlife-trafficking-four-pager/view.html
./projects/completed-projects/seek/resources/index.html
./projects/completed-projects/seek/resources/combating-wildlife-trafficking-four-pager.html
./projects/completed-projects/seek/sharing-environment-and-energy-knowledge-seek-1.html
./projects/completed-projects/forest-carbon-markets-and-communities-fcmc-project/partners/index.html
./projects/completed-projects/forest-carbon-markets-and-communities-fcmc-project/partners/partner-organizations.html
./projects/completed-projects/forest-carbon-markets-and-communities-fcmc-project/@@search-form.html
./projects/completed-projects/forest-carbon-markets-and-communities-fcmc-project/task-areas/mrv.html
./projects/completed-projects/forest-carbon-markets-and-communities-fcmc-project/task-areas/ccic/index.html
./projects/completed-projects/forest-carbon-markets-and-communities-fcmc-project/task-areas/ccic/Workshop Materials.html
./projects/completed-projects/forest-carbon-markets-and-communities-fcmc-project/task-areas/ccic/cross-cutting-issues-and-coordination.html
./projects/completed-projects/forest-carbon-markets-and-communities-fcmc-project/task-areas/ses.html
./projects/completed-projects/forest-carbon-markets-and-communities-fcmc-project/task-areas/ses/index.html
./projects/completed-projects/forest-carbon-markets-and-communities-fcmc-project/task-areas/ses/ses-home.html
./projects/completed-projects/forest-carbon-markets-and-communities-fcmc-project/task-areas/ses/taller-regional-salvaguardas-ambientales-de-redd-en-la-amazonia-andina-1.html
./projects/completed-projects/forest-carbon-markets-and-communities-fcmc-project/task-areas/ses/ses-workshops.html
./projects/completed-projects/forest-carbon-markets-and-communities-fcmc-project/task-areas/mrv/index.html
./projects/completed-projects/forest-carbon-markets-and-communities-fcmc-project/task-areas/mrv/mrv-home.html
./projects/completed-projects/forest-carbon-markets-and-communities-fcmc-project/task-areas/leds/index.html
./projects/completed-projects/forest-carbon-markets-and-communities-fcmc-project/task-areas/leds/leds-home.html
./projects/completed-projects/forest-carbon-markets-and-communities-fcmc-project/task-areas/fcm/index.html
./projects/completed-projects/forest-carbon-markets-and-communities-fcmc-project/task-areas/fcm/fcm-home.html
./projects/completed-projects/forest-carbon-markets-and-communities-fcmc-project/task-areas/leds.html
./projects/completed-projects/forest-carbon-markets-and-communities-fcmc-project/task-areas/ccic.html
./projects/completed-projects/forest-carbon-markets-and-communities-fcmc-project/task-areas/fcm.html
./projects/completed-projects/forest-carbon-markets-and-communities-fcmc-project/resources.html
./projects/completed-projects/forest-carbon-markets-and-communities-fcmc-project/sitemap.html
./projects/completed-projects/forest-carbon-markets-and-communities-fcmc-project/index.html
./projects/completed-projects/forest-carbon-markets-and-communities-fcmc-project/about/fcmc-publications-list-1/view.html
./projects/completed-projects/forest-carbon-markets-and-communities-fcmc-project/about/index.html
./projects/completed-projects/forest-carbon-markets-and-communities-fcmc-project/about/about-page.html
./projects/completed-projects/forest-carbon-markets-and-communities-fcmc-project/about/fcmc-publications-list-1.html
./projects/completed-projects/forest-carbon-markets-and-communities-fcmc-project/contact-info.html
./projects/completed-projects/forest-carbon-markets-and-communities-fcmc-project/partners.html
./projects/completed-projects/forest-carbon-markets-and-communities-fcmc-project/accessibility-info.html
./projects/completed-projects/forest-carbon-markets-and-communities-fcmc-project/homepage.html
./projects/completed-projects/forest-carbon-markets-and-communities-fcmc-project/task-areas.html
./projects/completed-projects/forest-carbon-markets-and-communities-fcmc-project/resources/technical-guidance-for-jurisdictional-and-nested-redd-programs/view.html
./projects/completed-projects/forest-carbon-markets-and-communities-fcmc-project/resources/orientacion-para-el-diseno-de-programas-jurisdiccionales-y-anidados-de-redd.html
./projects/completed-projects/forest-carbon-markets-and-communities-fcmc-project/resources/understanding-land-use-in-the-unfccc.html
./projects/completed-projects/forest-carbon-markets-and-communities-fcmc-project/resources/shifting-cultivation-gender-and-redd-in-cameroon-and-the-democratic-republic-of-congo/view.html
./projects/completed-projects/forest-carbon-markets-and-communities-fcmc-project/resources/CF_Asia_Brief.pdf/view.html
./projects/completed-projects/forest-carbon-markets-and-communities-fcmc-project/resources/mangroves-in-west-africa-a-policy-brief/view.html
./projects/completed-projects/forest-carbon-markets-and-communities-fcmc-project/resources/CF_Africa_Brief.pdf/view.html
./projects/completed-projects/forest-carbon-markets-and-communities-fcmc-project/resources/benefit-sharing-and-redd-considerations-and-options-for-effective-design-and-operation-1.html
./projects/completed-projects/forest-carbon-markets-and-communities-fcmc-project/resources/status-of-climate-finance-and-redd-under-the-unfccc/view.html
./projects/completed-projects/forest-carbon-markets-and-communities-fcmc-project/resources/status-of-climate-finance-and-redd-under-the-unfccc.html
./projects/completed-projects/forest-carbon-markets-and-communities-fcmc-project/resources/demonstration-of-semi-automated-approaches-for-monitoring-national-tropical-deforestation.html
./projects/completed-projects/forest-carbon-markets-and-communities-fcmc-project/resources/les-mangroves-en-afrique-de-louest-note-d-orientation.html
./projects/completed-projects/forest-carbon-markets-and-communities-fcmc-project/resources/near-real-time-alert-systems-for-community-based-mrv-in-colombia-connecting-national-forest-monitoring-with-cars-and-communities-in-caqueta/view.html
./projects/completed-projects/forest-carbon-markets-and-communities-fcmc-project/resources/Safeguards_and_Bilateral_Finance.pdf/view.html
./projects/completed-projects/forest-carbon-markets-and-communities-fcmc-project/resources/Mangroves_Climate_Change_Brief.pdf/view.html
./projects/completed-projects/forest-carbon-markets-and-communities-fcmc-project/resources/Results_Based_Finance.pdf/view.html
./projects/completed-projects/forest-carbon-markets-and-communities-fcmc-project/resources/les-mangroves-en-afrique-de-louest-note-d-orientation/view.html
./projects/completed-projects/forest-carbon-markets-and-communities-fcmc-project/resources/Carbonolexico-Spanish V1-0.pdf.html
./projects/completed-projects/forest-carbon-markets-and-communities-fcmc-project/resources/shifting-cultivation-gender-and-redd-in-cameroon-and-the-democratic-republic-of-congo.html
./projects/completed-projects/forest-carbon-markets-and-communities-fcmc-project/resources/supporting-redd-in-developing-countries-a-review-of-policy-options/view.html
./projects/completed-projects/forest-carbon-markets-and-communities-fcmc-project/resources/Biodiversity_Standards_Synthesis.pdf/view.html
./projects/completed-projects/forest-carbon-markets-and-communities-fcmc-project/resources/AGRC_Brief_Spanish.pdf/view.html
./projects/completed-projects/forest-carbon-markets-and-communities-fcmc-project/resources/demonstration-of-semi-automated-approaches-for-monitoring-national-tropical-deforestation/view.html
./projects/completed-projects/forest-carbon-markets-and-communities-fcmc-project/resources/Guatemala_LEDS_English.pdf/view.html
./projects/completed-projects/forest-carbon-markets-and-communities-fcmc-project/resources/AB32_Report.pdf/view.html
./projects/completed-projects/forest-carbon-markets-and-communities-fcmc-project/resources/final-report-forest-carbon-markets-and-communities-fcmc-program.html
./projects/completed-projects/forest-carbon-markets-and-communities-fcmc-project/resources/redd-supply-and-demand-2015-2025.html
./projects/completed-projects/forest-carbon-markets-and-communities-fcmc-project/resources/LEDS_Brochure_Spanish.pdf/view.html
./projects/completed-projects/forest-carbon-markets-and-communities-fcmc-project/resources/supporting-redd-in-developing-countries-a-review-of-policy-options.html
./projects/completed-projects/forest-carbon-markets-and-communities-fcmc-project/resources/Biodiversity_Standards_Synthesis_Spanish.pdf/view.html
./projects/completed-projects/forest-carbon-markets-and-communities-fcmc-project/resources/semi-automated-approaches-for-monitoring-national-deforestation.html
./projects/completed-projects/forest-carbon-markets-and-communities-fcmc-project/resources/appuyer-la-redd-dans-les-pays-en-developpement-examen-des-options-en-matiere-de-politiques-1.html
./projects/completed-projects/forest-carbon-markets-and-communities-fcmc-project/resources/AGRC_Competencies_Framework.pdf/view.html
./projects/completed-projects/forest-carbon-markets-and-communities-fcmc-project/resources/CF_Africa.pdf/view.html
./projects/completed-projects/forest-carbon-markets-and-communities-fcmc-project/resources/experiences-in-capacity-building-on-forest-monitoring-at-the-national-level-the-fcmc-peru-mrv-activity/view.html
./projects/completed-projects/forest-carbon-markets-and-communities-fcmc-project/resources/Emerging_Compliance_Summary.pdf/view.html
./projects/completed-projects/forest-carbon-markets-and-communities-fcmc-project/resources/CF_Asia.pdf/view.html
./projects/completed-projects/forest-carbon-markets-and-communities-fcmc-project/resources/manual-de-medicion-reporte-y-verificacion-mrv-de-redd-version-2.0/view.html
./projects/completed-projects/forest-carbon-markets-and-communities-fcmc-project/resources/manual-de-medicion-reporte-y-verificacion-mrv-de-redd-version-2.0-resumen/view.html
./projects/completed-projects/forest-carbon-markets-and-communities-fcmc-project/resources/final-report-forest-carbon-markets-and-communities-fcmc-program/view.html
./projects/completed-projects/forest-carbon-markets-and-communities-fcmc-project/resources/benefit-sharing-and-redd-considerations-and-options-for-effective-design-and-operation-1/view.html
./projects/completed-projects/forest-carbon-markets-and-communities-fcmc-project/resources/East_Africa_Brief.pdf/view.html
./projects/completed-projects/forest-carbon-markets-and-communities-fcmc-project/resources/index.html
./projects/completed-projects/forest-carbon-markets-and-communities-fcmc-project/resources/Colombia_Finance_Report.pdf/view.html
./projects/completed-projects/forest-carbon-markets-and-communities-fcmc-project/resources/apoio-a-redd-em-paises-em-desenvolvimento-uma-analise-das-opcoes-de-politicas.html
./projects/completed-projects/forest-carbon-markets-and-communities-fcmc-project/resources/apoio-a-redd-em-paises-em-desenvolvimento-uma-analise-das-opcoes-de-politicas/view.html
./projects/completed-projects/forest-carbon-markets-and-communities-fcmc-project/resources/appuyer-la-redd-dans-les-pays-en-developpement-examen-des-options-en-matiere-de-politiques.html
./projects/completed-projects/forest-carbon-markets-and-communities-fcmc-project/resources/guidance-for-jurisdictional-and-nested-redd-program-design.html
./projects/completed-projects/forest-carbon-markets-and-communities-fcmc-project/resources/toward-zero-deforestation-oil-palm-in-peru-understanding-actors-markets-and-barriers/view.html
./projects/completed-projects/forest-carbon-markets-and-communities-fcmc-project/resources/appuyer-la-redd-dans-les-pays-en-developpement-examen-des-options-en-matiere-de-politiques/view.html
./projects/completed-projects/forest-carbon-markets-and-communities-fcmc-project/resources/Mangroves_Report.pdf/view.html
./projects/completed-projects/forest-carbon-markets-and-communities-fcmc-project/resources/la-culture-itinerante-le-genre-et-la-redd-au-cameroun-et-en-republique-democratique-du-congo/view.html
./projects/completed-projects/forest-carbon-markets-and-communities-fcmc-project/resources/redd-supply-and-demand-2015-2025/view.html
./projects/completed-projects/forest-carbon-markets-and-communities-fcmc-project/resources/redd-safeguards-in-peru-an-overview-of-implementation-2013-2014/view.html
./projects/completed-projects/forest-carbon-markets-and-communities-fcmc-project/resources/redd-safeguards-in-peru-an-overview-of-implementation-2013-2014.html
./projects/completed-projects/forest-carbon-markets-and-communities-fcmc-project/resources/AGRC_Brief.pdf/view.html
./projects/completed-projects/forest-carbon-markets-and-communities-fcmc-project/resources/supporting-zero-deforestation-cattle-in-colombia.html
./projects/completed-projects/forest-carbon-markets-and-communities-fcmc-project/resources/supporting-zero-deforestation-cattle-in-colombia/view.html
./projects/completed-projects/forest-carbon-markets-and-communities-fcmc-project/resources/incentivizing-no-deforestation-palm-oil-production-in-liberia-and/view.html
./projects/completed-projects/forest-carbon-markets-and-communities-fcmc-project/resources/manuel-de-mesure-notification-et-verification-mnv-de-la-redd.html
./projects/completed-projects/forest-carbon-markets-and-communities-fcmc-project/resources/CF_Africa_French.pdf/view.html
./projects/completed-projects/forest-carbon-markets-and-communities-fcmc-project/resources/shifting-cultivation-gender-and-redd-in-cameroon-and-the-democratic-republic-of-the-congo-folder/shifting-cultivation-gender-redd-cameroon-drc.html
./projects/completed-projects/forest-carbon-markets-and-communities-fcmc-project/resources/shifting-cultivation-gender-and-redd-in-cameroon-and-the-democratic-republic-of-the-congo-folder/index.html
./projects/completed-projects/forest-carbon-markets-and-communities-fcmc-project/resources/shifting-cultivation-gender-and-redd-in-cameroon-and-the-democratic-republic-of-the-congo-folder/Shifting_Cultivation.pdf/view.html
./projects/completed-projects/forest-carbon-markets-and-communities-fcmc-project/resources/Biodiversity_Standards_Synthesis_French.pdf/view.html
./projects/completed-projects/forest-carbon-markets-and-communities-fcmc-project/resources/Biodiversity_Standards_Brief_French.pdf/view.html
./projects/completed-projects/forest-carbon-markets-and-communities-fcmc-project/resources/manuel-de-mesure-notification-et-verification-mnv-de-la-redd-version-2.0-vue-densemble-1/view.html
./projects/completed-projects/forest-carbon-markets-and-communities-fcmc-project/resources/Biodiversity_Standards_Projects.pdf/view.html
./projects/completed-projects/forest-carbon-markets-and-communities-fcmc-project/resources/benefit-sharing-and-redd-considerations-and-options-for-effective-design-and-operation/view.html
./projects/completed-projects/forest-carbon-markets-and-communities-fcmc-project/resources/Mangrove_Reserves_Brief.pdf/view.html
./projects/completed-projects/forest-carbon-markets-and-communities-fcmc-project/resources/Shifting_Cultivation_Report.pdf/view.html
./projects/completed-projects/forest-carbon-markets-and-communities-fcmc-project/resources/ISTF_Presentation.pdf/view.html
./projects/completed-projects/forest-carbon-markets-and-communities-fcmc-project/resources/Biodiversity_Standards_National.pdf/view.html
./projects/completed-projects/forest-carbon-markets-and-communities-fcmc-project/resources/manuel-de-mesure-notification-et-verification-mnv-de-la-redd-version-2.0/view.html
./projects/completed-projects/forest-carbon-markets-and-communities-fcmc-project/resources/appuyer-la-redd-dans-les-pays-en-developpement-examen-des-options-en-matiere-de-politiques-1/view.html
./projects/completed-projects/forest-carbon-markets-and-communities-fcmc-project/resources/shifting-cultivation-gender-and-redd-in-cameroon-and-the-democratic-republic-of-the-congo-folder.html
./projects/completed-projects/forest-carbon-markets-and-communities-fcmc-project/resources/la-culture-itinerante-le-genre-et-la-redd-au-cameroun-et-en-republique-democratique-du-congo.html
./projects/completed-projects/forest-carbon-markets-and-communities-fcmc-project/resources/LEDS_Brochure.pdf/view.html
./projects/completed-projects/forest-carbon-markets-and-communities-fcmc-project/resources/incentivizing-no-deforestation-palm-oil-production-in-liberia-and.html
./projects/completed-projects/forest-carbon-markets-and-communities-fcmc-project/resources/mangroves-in-west-africa-a-policy-brief.html
./projects/completed-projects/forest-carbon-markets-and-communities-fcmc-project/resources/Carbonolexico-Spanish V1-0.pdf/view.html
./projects/completed-projects/forest-carbon-markets-and-communities-fcmc-project/resources/toward-zero-deforestation-oil-palm-in-peru-understanding-actors-markets-and-barriers.html
./projects/completed-projects/forest-carbon-markets-and-communities-fcmc-project/resources/guidance-for-jurisdictional-and-nested-redd-program-design/view.html
./projects/completed-projects/forest-carbon-markets-and-communities-fcmc-project/resources/experiences-in-capacity-building-on-forest-monitoring-at-the-national-level-the-fcmc-peru-mrv-activity.html
./projects/completed-projects/forest-carbon-markets-and-communities-fcmc-project/resources/manuel-de-mesure-notification-et-verification-mnv-de-la-redd/view.html
./projects/completed-projects/forest-carbon-markets-and-communities-fcmc-project/resources/AB32_Brief_v2.0.pdf/view.html
./projects/completed-projects/forest-carbon-markets-and-communities-fcmc-project/resources/technical-guidance-for-jurisdictional-and-nested-redd-programs.html
./projects/completed-projects/forest-carbon-markets-and-communities-fcmc-project/resources/Guatemala_LEDS_Spanish.pdf/view.html
./projects/completed-projects/forest-carbon-markets-and-communities-fcmc-project/resources/MRV_Manual.pdf/view.html
./projects/completed-projects/forest-carbon-markets-and-communities-fcmc-project/resources/Land_Use_Guide_French.pdf/view.html
./projects/completed-projects/forest-carbon-markets-and-communities-fcmc-project/resources/Biodiversity_Standards_Brief_Spanish.pdf/view.html
./projects/completed-projects/forest-carbon-markets-and-communities-fcmc-project/resources/benefit-sharing-and-redd-considerations-and-options-for-effective-design-and-operation.html
./projects/completed-projects/forest-carbon-markets-and-communities-fcmc-project/resources/manual-de-medicion-reporte-y-verificacion-mrv-de-redd-2.0-resumen-para-los-responsables-de-politicas/view.html
./projects/completed-projects/forest-carbon-markets-and-communities-fcmc-project/resources/semi-automated-approaches-for-monitoring-national-deforestation/view.html
./projects/completed-projects/forest-carbon-markets-and-communities-fcmc-project/resources/MRV_Brochure.pdf/view.html
./projects/completed-projects/forest-carbon-markets-and-communities-fcmc-project/resources/orientacion-para-el-diseno-de-programas-jurisdiccionales-y-anidados-de-redd/view.html
./projects/completed-projects/forest-carbon-markets-and-communities-fcmc-project/resources/CF_Latin_America_Brief_Spanish.pdf/view.html
./projects/completed-projects/forest-carbon-markets-and-communities-fcmc-project/resources/Emerging_Compliance.pdf/view.html
./projects/completed-projects/forest-carbon-markets-and-communities-fcmc-project/about.html
./projects/completed-projects/project-archives.html
./projects/completed-projects/economics-of-natural-capital-in-east-africa/stories.html
./projects/completed-projects/economics-of-natural-capital-in-east-africa/07_natcap-handout-pamphlet_usaid-feb2022.pdf.html
./projects/completed-projects/economics-of-natural-capital-in-east-africa/stories/stories.html
./projects/completed-projects/economics-of-natural-capital-in-east-africa/stories/east-african-communities-embrace-benefits-of-nature-based-tourism.html
./projects/completed-projects/economics-of-natural-capital-in-east-africa/stories/east-african-communities-build-awareness-change-behavior.html
./projects/completed-projects/economics-of-natural-capital-in-east-africa/stories/east-african-communities-reduce-human-wildlife-conflicts.html
./projects/completed-projects/economics-of-natural-capital-in-east-africa/stories/index.html
./projects/completed-projects/economics-of-natural-capital-in-east-africa/05_natcap-policy-brief_policymakers_-protecting-east-africas-natural-capital-the-cost-of-inaction_usaid-apr2022.pdf/view.html
./projects/completed-projects/economics-of-natural-capital-in-east-africa/index.html
./projects/completed-projects/economics-of-natural-capital-in-east-africa/economics-of-natural-capital-in-east-africa-1.html
./projects/completed-projects/economics-of-natural-capital-in-east-africa/01_natcap-synthesis_protecting-east-africa2019s-natural-capital-the-cost-of-inaction_usaid508_feb2022.pdf.html
./projects/completed-projects/economics-of-natural-capital-in-east-africa/02_natcap-action-plan-natural-capital-in-east-africa_usaid508-jan2022.pdf.html
./projects/completed-projects/economics-of-natural-capital-in-east-africa/economic-value-of-east-africas-transboundary-wildlife-landscapes.pdf/view.html
./projects/completed-projects/economics-of-natural-capital-in-east-africa/06_natcap-policy-brief_private-sector_protecting-east-africas-natural-capital-the-cost-of-inaction_usaid-apr2022.pdf.html
./projects/completed-projects/economics-of-natural-capital-in-east-africa/05_natcap-policy-brief_policymakers_-protecting-east-africas-natural-capital-the-cost-of-inaction_usaid-apr2022.pdf.html
./projects/completed-projects/economics-of-natural-capital-in-east-africa/02_natcap-action-plan-natural-capital-in-east-africa_usaid508-jan2022.pdf/view.html
./projects/completed-projects/economics-of-natural-capital-in-east-africa/07_natcap-handout-pamphlet_usaid-feb2022.pdf/view.html
./projects/completed-projects/economics-of-natural-capital-in-east-africa/06_natcap-policy-brief_private-sector_protecting-east-africas-natural-capital-the-cost-of-inaction_usaid-apr2022.pdf/view.html
./projects/completed-projects/economics-of-natural-capital-in-east-africa/01_natcap-synthesis_protecting-east-africa2019s-natural-capital-the-cost-of-inaction_usaid508_feb2022.pdf/view.html
./projects/completed-projects/economics-of-natural-capital-in-east-africa/economic-value-of-east-africas-transboundary-wildlife-landscapes.pdf.html
./projects/completed-projects/eco.html
./projects/completed-projects/build/resources.html
./projects/completed-projects/build/build-biodiversity-understanding-in-infrastructure-and-landscape-development-collection.html
./projects/completed-projects/build/index.html
./projects/completed-projects/build/csf-blogs.html
./projects/completed-projects/build/resources/guia-nacional-valoracion-economica-patrimonio-natural.html
./projects/completed-projects/build/resources/pave-impenetrable-economic-analysis-ikumba-ruhija-alternatives-bwindi-impenetrable-national-park/view.html
./projects/completed-projects/build/resources/ecological-compensation-to-address-environmental-externalities-lessons-from-south-american-case-studies.html
./projects/completed-projects/build/resources/analisis-economico-carretera-pucallpa-cruzeiro-do-sul-csf-documento-discusion-num-3-junio-2012.html
./projects/completed-projects/build/resources/costs-benefits-inambari-river-hydroelectric-project/view.html
./projects/completed-projects/build/resources/cost-effectiveness-approach-routing-linear-infrastructure-csf-discussion-paper-no-7-february-2015/view.html
./projects/completed-projects/build/resources/moving-towards-greener-infrastructure-innovative-legal-solutions-common-challenges/view.html
./projects/completed-projects/build/resources/estimating-environmental-biodiversity-costs-oil-pipeline-murchison-falls-national-park-uganda-csf-discussion-paper-no-10-december-2015.html
./projects/completed-projects/build/resources/guidelines-economic-analysis-environmental-impacts-uganda.html
./projects/completed-projects/build/resources/costos-beneficios-proyecto-hidroelectrico-inambari.html
./projects/completed-projects/build/resources/guidelines-economic-analysis-environmental-impacts-uganda/view.html
./projects/completed-projects/build/resources/ecological-compensation-to-address-environmental-externalities-lessons-from-south-american-case-studies/view.html
./projects/completed-projects/build/resources/index.html
./projects/completed-projects/build/resources/economic-analysis-potential-ikumba-ruhija-road-alternatives-uganda-bwindi-impenetrable-national-park-csf-technical-series-35-april-2015/view.html
./projects/completed-projects/build/resources/costs-benefits-inambari-river-hydroelectric-project.html
./projects/completed-projects/build/resources/financial-mechanisms-environmental-compliance-infrastructure-projects-csf-discussion-paper-no-5-june-2013.html
./projects/completed-projects/build/resources/letter-global-strategy-road-building.html
./projects/completed-projects/build/resources/moving-towards-greener-infrastructure-innovative-legal-solutions-common-challenges.html
./projects/completed-projects/build/resources/letter-global-strategy-road-building/view.html
./projects/completed-projects/build/resources/impactos-economicos-construcao-hidreletrica-sao-luiz-do-tapajos.html
./projects/completed-projects/build/resources/impactos-economicos-construcao-hidreletrica-sao-luiz-do-tapajos/view.html
./projects/completed-projects/build/resources/moving-towards-greener-infrastructure-csf-discussion-paper-no-6-april-2014.html
./projects/completed-projects/build/resources/cost-effectiveness-approach-routing-linear-infrastructure-csf-discussion-paper-no-7-february-2015.html
./projects/completed-projects/build/resources/infrastructure-and-conservation-the-case-of-a-pucallpa-cruzeiro-do-sul-transport-link/view.html
./projects/completed-projects/build/resources/filtro-carreteras-analisis-estrategico-proyectos-viales-amazonia/view.html
./projects/completed-projects/build/resources/moving-towards-greener-infrastructure-csf-discussion-paper-no-6-april-2014/view.html
./projects/completed-projects/build/resources/analisis-economico-carretera-pucallpa-cruzeiro-do-sul-csf-documento-discusion-num-3-junio-2012/view.html
./projects/completed-projects/build/resources/right-priorities-africa-power-sector-evaluation-dams-under-the-programme-infrastructure-development-africa-pida.html
./projects/completed-projects/build/resources/infrastructure-and-conservation-the-case-of-a-pucallpa-cruzeiro-do-sul-transport-link.html
./projects/completed-projects/build/resources/estimating-environmental-biodiversity-costs-oil-pipeline-murchison-falls-national-park-uganda-csf-discussion-paper-no-10-december-2015/view.html
./projects/completed-projects/build/resources/pave-impenetrable-economic-analysis-ikumba-ruhija-alternatives-bwindi-impenetrable-national-park.html
./projects/completed-projects/build/resources/usaid-build-fact-sheet/view.html
./projects/completed-projects/build/resources/analisis-economico-socioambiental-proyectos-interconexion-pucallpa-cruzeiro-do-sul/view.html
./projects/completed-projects/build/resources/build-resources.html
./projects/completed-projects/build/resources/biodiversity-understanding-in-infrastructure-and-landscape-development-build-fact-sheet.html
./projects/completed-projects/build/resources/financial-mechanisms-environmental-compliance-infrastructure-projects-csf-discussion-paper-no-5-june-2013/view.html
./projects/completed-projects/build/resources/filtro-carreteras-analisis-estrategico-proyectos-viales-amazonia.html
./projects/completed-projects/build/resources/biodiversity-understanding-in-infrastructure-and-landscape-development-build-fact-sheet/view.html
./projects/completed-projects/build/resources/guia-nacional-valoracion-economica-patrimonio-natural/view.html
./projects/completed-projects/build/resources/analisis-economico-socioambiental-proyectos-interconexion-pucallpa-cruzeiro-do-sul.html
./projects/completed-projects/build/resources/usaid-build-fact-sheet.html
./projects/completed-projects/build/resources/economic-analysis-potential-ikumba-ruhija-road-alternatives-uganda-bwindi-impenetrable-national-park-csf-technical-series-35-april-2015.html
./projects/completed-projects/build/resources/right-priorities-africa-power-sector-evaluation-dams-under-the-programme-infrastructure-development-africa-pida/view.html
./projects/completed-projects/build/resources/costos-beneficios-proyecto-hidroelectrico-inambari/view.html
./projects/completed-projects/build/resources/biodiversity-understanding-in-infrastructure-and-landscape-development.html
./projects/completed-projects/build/resources/csf-project-page.html
./projects/completed-projects/salt.html
./projects/completed-projects/forest-carbon-markets-and-communities-fcmc-project.html
./projects/completed-projects/nwp/namibia-nwp-case-study/view.html
./projects/completed-projects/nwp/draft-products-discussions/nwp-systems-principles.html
./projects/completed-projects/nwp/draft-products-discussions/index.html
./projects/completed-projects/nwp/draft-products-discussions/nwp-systems-principles/view.html
./projects/completed-projects/nwp/bangladesh-case-study.html
./projects/completed-projects/nwp/nwp.html
./projects/completed-projects/nwp/namibia-nwp-case-study.html
./projects/completed-projects/nwp/rmp-dynamic-searches-nwp-literature/nwp-content-by-tag.html
./projects/completed-projects/nwp/rmp-dynamic-searches-nwp-literature/index.html
./projects/completed-projects/nwp/rmp-dynamic-searches-nwp-literature/nwp-for-review.html
./projects/completed-projects/nwp/rmp-dynamic-searches-nwp-literature/nwp-content-by-search-term.html
./projects/completed-projects/nwp/index.html
./projects/completed-projects/nwp/canned-searches.html
./projects/completed-projects/nwp/nwp-literature-for-review-discussion.html
./projects/completed-projects/nwp/bangladesh-case-study/view.html
./projects/completed-projects/nwp/nepal-nwp-case-study/view.html
./projects/completed-projects/nwp/nwp-literature-for-review-discussion/forest-conservation-and-leakage-evidence-from-mexicos-national-payments-for-watershed-services-program.html
./projects/completed-projects/nwp/nwp-literature-for-review-discussion/index.html
./projects/completed-projects/nwp/nwp-literature-for-review-discussion/forest-conservation-and-leakage-evidence-from-mexicos-national-payments-for-watershed-services-program/view.html
./projects/completed-projects/nwp/nwp-literature-for-review-discussion/usaid_dec_nwp_documents_oct_2013/PD-ACX-377.html
./projects/completed-projects/nwp/nwp-literature-for-review-discussion/pre-existing-rmp-documents-for-nwp-review.html
./projects/completed-projects/nwp/draft-products-discussions.html
./projects/completed-projects/nwp/nepal-nwp-case-study.html
./projects/completed-projects/nwp/rmp-dynamic-searches-nwp-literature.html
./projects/completed-projects/salt/resources.html
./projects/completed-projects/salt/seafood-alliance-for-legality-and-traceability-salt.html
./projects/completed-projects/salt/index.html
./projects/completed-projects/salt/resources/the-truth-about-electronic-traceability-lessons-learned-from-working-with-the-seafood-industry.html
./projects/completed-projects/salt/resources/summary-virgil-group-report-final.pdf/view.html
./projects/completed-projects/salt/resources/paving-over-the-global-gender-gap-in-fisheries-dispatch-from-the-philippines.html
./projects/completed-projects/salt/resources/partnerlab-report-final.pdf/view.html
./projects/completed-projects/salt/resources/index.html
./projects/completed-projects/salt/resources/salt-resources-collection.html
./projects/completed-projects/salt/resources/bait-to-plate-eng.jpg/view.html
./projects/completed-projects/salt/resources/demystifying-seafood-verification-q-a-with-traceability-experts.html
./projects/completed-projects/salt/resources/checklist-for-governments.pdf/view.html
./projects/completed-projects/salt/resources/covid-19-disruption-what-will-stick-case-study-of-seafood-traceability-in-southeast-asia-the-pacific-compressed.pdf/view.html
./projects/completed-projects/salt/resources/copy-of-u-s-retail-traceability-trends_may17.pdf/view.html
./projects/completed-projects/salt/resources/benefits-evaluator-for-seafood-traceability-tool.html
./projects/completed-projects/gsta/gsta-documents.html
./projects/completed-projects/gsta/project-development-for-sustainable-tourism-a-step-by-step-approach/view.html
./projects/completed-projects/gsta/art-gallery-brings-hope-and-motivation-to-local-artisans/view.html
./projects/completed-projects/gsta/community-ecotourism-initiative-becomes-an-enterprise-presenting-promising-opportunities-for-sustainable-development.html
./projects/completed-projects/gsta/tncs-threshold-of-sustainability-a-quick-guide-english-1.html
./projects/completed-projects/gsta/tourism-and-conservation-sustainable-models-and-strategies.html
./projects/completed-projects/gsta/ecotourism-attraction-combats-brain-drain.html
./projects/completed-projects/gsta/mountain-gorillas-join-facebook/view.html
./projects/completed-projects/gsta/communities-partake-in-agro-tour-initiative/view.html
./projects/completed-projects/gsta/growing-out-of-trouble/view.html
./projects/completed-projects/gsta/guide-to-assessing-and-designing-tourism-workforce-development-programs.html
./projects/completed-projects/gsta/gsta-documents/index.html
./projects/completed-projects/gsta/tourism-destination-management-achieving-sustainable-and-competitive-results/view.html
./projects/completed-projects/gsta/communities-taking-charge/view.html
./projects/completed-projects/gsta/creative-thoughts/view.html
./projects/completed-projects/gsta/community-conservation-areas-learn-about-sustainable-forest-management.html
./projects/completed-projects/gsta/powering-tourism-electrification-and-efficiency-options-for-rural-tourism-facilities.html
./projects/completed-projects/gsta/tourism-investment-and-finance-accessing-sustainable-funding-and-social-impact-capital.html
./projects/completed-projects/gsta/chocolate-tour-unites-community-and-improves-local-economic-opportunities.html
./projects/completed-projects/gsta/la-esperanza-de-los-calabazos/view.html
./projects/completed-projects/gsta/community-leaders-mean-business.html
./projects/completed-projects/gsta/creating-a-market-for-beauty.html
./projects/completed-projects/gsta/news-you-can-use/view.html
./projects/completed-projects/gsta/linking-biodiversity-and-benefits-in-ecuador/view.html
./projects/completed-projects/gsta/jewelry-workshop-provides-better-livelihoods-for-women/view.html
./projects/completed-projects/gsta/greening-the-desert-tree-by-tree/view.html
./projects/completed-projects/gsta/ethiopian-communities-mobilize-to-support-conservation-and-economic-development/view.html
./projects/completed-projects/gsta/community-finds-hope-in-agro-tourism-project.html
./projects/completed-projects/gsta/community-finds-hope-in-agro-tourism-project/view.html
./projects/completed-projects/gsta/gsta-ecuador-aets-associate-award-final/view.html
./projects/completed-projects/gsta/linking-biodiversity-and-benefits-in-ecuador.html
./projects/completed-projects/gsta/tourism-investment-and-finance-accessing-sustainable-funding-and-social-impact-capital/view.html
./projects/completed-projects/gsta/index.html
./projects/completed-projects/gsta/art-gallery-brings-hope-and-motivation-to-local-artisans.html
./projects/completed-projects/gsta/communities-taking-charge.html
./projects/completed-projects/gsta/community-ecotourism-initiative-becomes-an-enterprise-presenting-promising-opportunities-for-sustainable-development/view.html
./projects/completed-projects/gsta/journalists-journey.html
./projects/completed-projects/gsta/sustainable-tourism-enterprise-development-a-business-planning-approach.html
./projects/completed-projects/gsta/conserving-biodiversity-and-empowering-fishing-communities/view.html
./projects/completed-projects/gsta/community-run-hotel-duty-greene.-draws-tourism-to-pedernales/view.html
./projects/completed-projects/gsta/creating-a-market-for-beauty/view.html
./projects/completed-projects/gsta/community-leaders-mean-business/view.html
./projects/completed-projects/gsta/scientific-academic-volunteer-and-educational-travel-connecting-responsible-travelers-with-sustainable-destinations/view.html
./projects/completed-projects/gsta/ethiopian-communities-mobilize-to-support-conservation-and-economic-development.html
./projects/completed-projects/gsta/jewelry-workshop-provides-better-livelihoods-for-women.html
./projects/completed-projects/gsta/la-esperanza-de-los-calabazos.html
./projects/completed-projects/gsta/scientific-academic-volunteer-and-educational-travel-connecting-responsible-travelers-with-sustainable-destinations.html
./projects/completed-projects/gsta/guide-to-assessing-and-designing-tourism-workforce-development-programs/view.html
./projects/completed-projects/gsta/le-seuil-de-viabilite-du-tourisme-un-guide-rapide.html
./projects/completed-projects/gsta/project-development-for-sustainable-tourism-a-step-by-step-approach.html
./projects/completed-projects/gsta/le-seuil-de-viabilite-du-tourisme-un-guide-rapide/view.html
./projects/completed-projects/gsta/dune-fixation-in-mali/view.html
./projects/completed-projects/gsta/conserving-biodiversity-and-empowering-fishing-communities.html
./projects/completed-projects/gsta/community-conservation-areas-learn-about-sustainable-forest-management/view.html
./projects/completed-projects/gsta/tourism-workforce-development-a-guide-to-assessing-and-designing-programs.html
./projects/completed-projects/gsta/tncs-threshold-of-sustainability-a-quick-guide-english-1/view.html
./projects/completed-projects/gsta/journalists-journey/view.html
./projects/completed-projects/gsta/chocolate-tour-unites-community-and-improves-local-economic-opportunities/view.html
./projects/completed-projects/gsta/ecotourism-attraction-combats-brain-drain/view.html
./projects/completed-projects/gsta/news-you-can-use.html
./projects/completed-projects/gsta/building-today-to-protect-tomorrow.html
./projects/completed-projects/gsta/caiman-conservation/view.html
./projects/completed-projects/gsta/tourism-destination-management-achieving-sustainable-and-competitive-results.html
./projects/completed-projects/gsta/el-umbral-de-la-sostenibilidad-una-guia-rapida/view.html
./projects/completed-projects/gsta/http-rmportal.net-library-gsta-jewelry-workshop-provides-better-livelihoods-for-women-view/view.html
./projects/completed-projects/gsta/tourism-workforce-development-a-guide-to-assessing-and-designing-programs/view.html
./projects/completed-projects/gsta/building-today-to-protect-tomorrow/view.html
./projects/completed-projects/gsta/gsta.html
./projects/completed-projects/gsta/mountain-gorillas-join-facebook.html
./projects/completed-projects/gsta/global-tourism-achieving-sustainable-goals/view.html
./projects/completed-projects/gsta/greening-the-desert-tree-by-tree.html
./projects/completed-projects/gsta/creative-thoughts.html
./projects/completed-projects/gsta/dune-fixation-in-mali.html
./projects/completed-projects/gsta/tourism-and-conservation-sustainable-models-and-strategies/view.html
./projects/completed-projects/gsta/growing-out-of-trouble.html
./projects/completed-projects/gsta/caiman-conservation.html
./projects/completed-projects/gsta/global-tourism-achieving-sustainable-goals.html
./projects/completed-projects/gsta/communities-partake-in-agro-tour-initiative.html
./projects/completed-projects/gsta/powering-tourism-electrification-and-efficiency-options-for-rural-tourism-facilities/view.html
./projects/completed-projects/gsta/sustainable-tourism-enterprise-development-a-business-planning-approach/view.html
./projects/completed-projects/gsta/el-umbral-de-la-sostenibilidad-una-guia-rapida.html
./projects/completed-projects/gsta/gsta-ecuador-aets-associate-award-final.html
./projects/completed-projects/index.html
./projects/completed-projects/measuring-impact-2/projects/completed-projects/measuring-impact/evidence-in-action.html
./projects/completed-projects/measuring-impact-2/resources.html
./projects/completed-projects/measuring-impact-2/tools-and-approaches.html
./projects/completed-projects/measuring-impact-2/index.html
./projects/completed-projects/measuring-impact-2/learning-evidence/collaborative-learning-groups.html
./projects/completed-projects/measuring-impact-2/resources/assessment-of-biodiversity-integration-efforts-executive-summary.pdf.html
./projects/completed-projects/measuring-impact-2/resources/index.html
./projects/completed-projects/measuring-impact-2/resources/assessment-of-biodiversity-integration-efforts-executive-summary.pdf/view.html
./projects/completed-projects/measuring-impact-2/resources/mi2-project-resources-collection.html
./projects/completed-projects/measuring-impact-2/measuring-impact-2-landing-page.html
./projects/completed-projects/routes/routes-images-1/objective-4.jpg/view.html
./projects/completed-projects/routes/routes-images-1/sea-turtle-547163_1920-1.jpg/view.html
./projects/completed-projects/routes/routes-images-1/objective-1.jpg/view.html
./projects/completed-projects/routes/routes-images-1/routes_taking_off_chart-02.png/view.html
./projects/completed-projects/routes/routes-images-1/copyright_jamesmorgan_wwf-1.jpg/view.html
./projects/completed-projects/routes/routes-images-1/objective-2.jpg/view.html
./projects/completed-projects/routes/routes-images-1/objective-5.jpg/view.html
./projects/completed-projects/routes/routes-images-1/index.html
./projects/completed-projects/routes/routes-images-1/copy-of-routes-2019-2.png/view.html
./projects/completed-projects/routes/routes-images-1/routes-animated-globe-square.gif/view.html
./projects/completed-projects/routes/routes-images-1/casos-de-trafico-esp.png/view.html
./projects/completed-projects/routes/routes-images-1/elephants.jpg/view.html
./projects/completed-projects/routes/routes-images-1/convergence-of-jurisdiction-level-routes-reported-in-wildlife-and-non-wildlife-trafficking-instances-between-2015-and-2019-c-c4ads.png/view.html
./projects/completed-projects/routes/routes-images-1/orangutan-1950011.jpg/view.html
./projects/completed-projects/routes/routes-images-1/wtp-logo.png/view.html
./projects/completed-projects/routes/routes-images-1/copyright_jamesmorgan_wwf.jpg/view.html
./projects/completed-projects/routes/resources.html
./projects/completed-projects/routes/routes-images-1.html
./projects/completed-projects/routes/index.html
./projects/completed-projects/routes/routes-reducing-opportunities-for-unlawful-transport-of-endangered-species-collection.html
./projects/completed-projects/routes/reducing-opportunities-for-unlawful-transport-of-endangered-species-routes.html
./projects/completed-projects/routes/resources/routes_dos-and-donts.pdf/view.html
./projects/completed-projects/routes/resources/routes-resources-collection.html
./projects/completed-projects/routes/resources/routes_runwaytoextinction_fullreport.pdf.html
./projects/completed-projects/routes/resources/combatting_wildlife_trafficking_handbook.pdf/view.html
./projects/completed-projects/routes/resources/routes-taking-off-report.pdf.html
./projects/completed-projects/routes/resources/routes-handbook_jp-version.pdf/view.html
./projects/completed-projects/routes/resources/about-routes-2020.pdf/view.html
./projects/completed-projects/routes/resources/step-up-campaign-guide.pdf/view.html
./projects/completed-projects/routes/resources/routes_assessment_turkey.pdf/view.html
./projects/completed-projects/routes/resources/routes-partnership-closeout-resource-reference.pdf.html
./projects/completed-projects/routes/resources/routes-shared-skies-report.pdf/view.html
./projects/completed-projects/routes/resources/eng-anti-wildlife-trafficking-application-toolkit.pdf.html
./projects/completed-projects/routes/resources/airports-case-studies-april-2019.pdf/view.html
./projects/completed-projects/routes/resources/animal-smuggling-and-zoonoses.pdf.html
./projects/completed-projects/routes/resources/routes-in-plane-sight_final.pdf/view.html
./projects/completed-projects/routes/resources/index.html
./projects/completed-projects/routes/resources/best-practices-handling-escaped-animals-cabin-crew-4.pdf/view.html
./projects/completed-projects/routes/resources/routes-partnership-closeout-resource-reference.pdf/view.html
./projects/completed-projects/routes/resources/combatting_wildlife_trafficking_handbook.pdf.html
./projects/completed-projects/routes/resources/summary-flying-under-the-radar-wildlife-trafficking-in-the-air-transport-sector.html
./projects/completed-projects/routes/resources/routes-from-take-off-to-touch-down-final.pdf.html
./projects/completed-projects/routes/resources/routes_runwaytoextinction_fullreport.pdf/view.html
./projects/completed-projects/routes/resources/routes-shared-skies-report.pdf.html
./projects/completed-projects/routes/resources/routes-from-take-off-to-touch-down-final.pdf/view.html
./projects/completed-projects/routes/resources/routes_nextsteps_brochure.pdf/view.html
./projects/completed-projects/routes/resources/routes_how-to-take-action.pdf/view.html
./projects/completed-projects/routes/resources/routes-taking-off-report.pdf/view.html
./projects/completed-projects/routes/resources/flying-under-the-radar_final.pdf/view.html
./projects/completed-projects/routes/resources/routes_assessment_usa.pdf/view.html
./projects/completed-projects/routes/resources/routes-despegando_esp.pdf/view.html
./projects/completed-projects/routes/resources/routes_tigerelephantrhino_toolkit_2021.pdf/view.html
./projects/completed-projects/routes/resources/routes-despegando_esp.pdf.html
./projects/completed-projects/routes/resources/wildlife-awareness-days-card.pdf/view.html
./projects/completed-projects/routes/resources/animal-smuggling-and-zoonoses.pdf/view.html
./projects/completed-projects/routes/resources/springintoaction.pdf/view.html
./projects/completed-projects/routes/resources/how-airports-can-take-action.pdf/view.html
./projects/completed-projects/routes/resources/eng-anti-wildlife-trafficking-application-toolkit.pdf/view.html
./projects/completed-projects/routes/resources/routes_air-transport-and-wildlife-trafficking.pdf/view.html
./projects/completed-projects/routes/resources/flying-under-the-radar-summary-final.pdf/view.html
./projects/completed-projects/routes/resources/routes-talking-points.pdf/view.html
./projects/completed-projects/routes/resources/summary-flying-under-the-radar-wildlife-trafficking-in-the-air-transport-sector/view.html
./projects/completed-projects/routes/resources/routes_faqs-1.pdf/view.html
./projects/completed-projects/routes/resources/in-plane-sight-summary-final.pdf/view.html
./projects/completed-projects/routes/routes-videos.html
./projects/completed-projects/cbnrm/a-global-assessment-of-community-based-natural-resource-management.html
./projects/completed-projects/cbnrm/cbnrm-literature-review-sources/lessons-learnt-from-implementing-cbnrm-projects-in-south-africa/view.html
./projects/completed-projects/cbnrm/cbnrm-literature-review-sources/asia-pacific-forestry-sector-outlook-study.html
./projects/completed-projects/cbnrm/cbnrm-literature-review-sources/a-multi-sector-framework-for-assessing-community-based-forest-management-lessons-from-madagascar/view.html
./projects/completed-projects/cbnrm/cbnrm-literature-review-sources/two-decades-of-community-forestry-in-nepal-what-have-learned.html
./projects/completed-projects/cbnrm/cbnrm-literature-review-sources/11_27_cbnrm-document-review-form-20121116_05_location_fix-mc-fix1130/view.html
./projects/completed-projects/cbnrm/cbnrm-literature-review-sources/on-biodiversity-and-poverty-traps/view.html
./projects/completed-projects/cbnrm/cbnrm-literature-review-sources/social-capital-community-based-governance-and-resilience-in-an-african-artisana-river-fishery/view.html
./projects/completed-projects/cbnrm/cbnrm-literature-review-sources/forest-management-in-madagascar-an-historical-overview.html
./projects/completed-projects/cbnrm/cbnrm-literature-review-sources/la-experiencia-en-la-cooperativa-integral-agricola-santa-maria-chipur-sanimtaqa-r.l.html
./projects/completed-projects/cbnrm/cbnrm-literature-review-sources/adaptive-collaborative-management-of-community-forests-in-asia-experiences-from-nepal-indonesia-and-the-philippines/view.html
./projects/completed-projects/cbnrm/cbnrm-literature-review-sources/community-based-natural-resource-management-in-namibia-a-case-study/view.html
./projects/completed-projects/cbnrm/cbnrm-literature-review-sources/the-complex-links-between-governance-and-biodiversity-1.html
./projects/completed-projects/cbnrm/cbnrm-literature-review-sources/rethinking-community-based-conservation.html
./projects/completed-projects/cbnrm/cbnrm-literature-review-sources/how-does-techno-bureaucracy-impede-livelihood-innovations-in-community-forestry/view.html
./projects/completed-projects/cbnrm/cbnrm-literature-review-sources/people-are-not-happy-speaking-up-for-adaptive-natural-resource-governance-in-mahenye/view.html
./projects/completed-projects/cbnrm/cbnrm-literature-review-sources/conserving-tropical-biodiversity-amid-weak-institutions.html
./projects/completed-projects/cbnrm/cbnrm-literature-review-sources/on-biodiversity-and-poverty-traps.html
./projects/completed-projects/cbnrm/cbnrm-literature-review-sources/towards-understanding-household-level-forest-reliance-in-cambodia-2013-study-sites-methods-and-preliminary-findings.html
./projects/completed-projects/cbnrm/cbnrm-literature-review-sources/hausta-peru-pre-assessment-report.html
./projects/completed-projects/cbnrm/cbnrm-literature-review-sources/people-are-not-happy-speaking-up-for-adaptive-natural-resource-governance-in-mahenye.html
./projects/completed-projects/cbnrm/cbnrm-literature-review-sources/defining-political-community-and-rights-to-natural-resources-in-botswana.html
./projects/completed-projects/cbnrm/cbnrm-literature-review-sources/11_27_cbnrm-document-review-form-20121116_05_location_fix-mc-fix1130.html
./projects/completed-projects/cbnrm/cbnrm-literature-review-sources/challenges-facing-a-community-structure-to-implement-cbnrm-in-the-eastern-cape-south-africa.html
./projects/completed-projects/cbnrm/cbnrm-literature-review-sources/introduction-participation-and-the-collaborative-management-of-protected-areas-in-bangladesh.html
./projects/completed-projects/cbnrm/cbnrm-literature-review-sources/community-management-of-natural-resources-in-africa-impacts-experiences-and-future-directions-1/view.html
./projects/completed-projects/cbnrm/cbnrm-literature-review-sources/challenges-facing-a-community-structure-to-implement-cbnrm-in-the-eastern-cape-south-africa/view.html
./projects/completed-projects/cbnrm/cbnrm-literature-review-sources/cambodia-coastal-situational-analysis.html
./projects/completed-projects/cbnrm/cbnrm-literature-review-sources/multiple-forest-use-through-commercial-sport-hunting-lessons-from-a-community-based-model-from-the-peten-guatemala/view.html
./projects/completed-projects/cbnrm/cbnrm-literature-review-sources/conditions-associated-with-protected-area-success-in-conservation-and-poverty-reduction.html
./projects/completed-projects/cbnrm/cbnrm-literature-review-sources/PD-ACW-781.html
./projects/completed-projects/cbnrm/cbnrm-literature-review-sources/70f4d1c7-1145-4b7f-b52c-7534baaff394.html
./projects/completed-projects/cbnrm/cbnrm-literature-review-sources/review-of-community-forestry-and-community-fisheries-in-cambodia-report-prepared-for-the-natural-resource-management-and-livelihoods-programme/view.html
./projects/completed-projects/cbnrm/cbnrm-literature-review-sources/forest-concessions-in-the-maya-biosphere-reserve-guatemala-a-decade-later/view.html
./projects/completed-projects/cbnrm/cbnrm-literature-review-sources/evaluating-the-effectiveness-of-community-based-conservation-in-northern-kenya/view.html
./projects/completed-projects/cbnrm/cbnrm-literature-review-sources/lessons-learnt-from-implementing-cbnrm-projects-in-south-africa.html
./projects/completed-projects/cbnrm/cbnrm-literature-review-sources/cambodia-coastal-situational-analysis/view.html
./projects/completed-projects/cbnrm/cbnrm-literature-review-sources/rights-based-fisheries-governance-from-fishing-rights-to-human-rights-1.html
./projects/completed-projects/cbnrm/cbnrm-literature-review-sources/index.html
./projects/completed-projects/cbnrm/cbnrm-literature-review-sources/chance-change-and-choice-in-africa2019s-drylands.html
./projects/completed-projects/cbnrm/cbnrm-literature-review-sources/capitalisation-and-sharing-of-experiences-on-the-interaction-between-forest-policies-and-land-use-1/view.html
./projects/completed-projects/cbnrm/cbnrm-literature-review-sources/protected-areas-and-rights-movements-the-inadequacies-of-nepals-participatory-conservation.html
./projects/completed-projects/cbnrm/cbnrm-literature-review-sources/patronage-or-participation-community-based-natural-resource-management-reform-in-sub-saharan-africa-2/view.html
./projects/completed-projects/cbnrm/cbnrm-literature-review-sources/adaptive-collaborative-management-of-community-forests-in-asia-experiences-from-nepal-indonesia-and-the-philippines.html
./projects/completed-projects/cbnrm/cbnrm-literature-review-sources/community-forestry-redd-project-oddar-meanchey-cambodia/view.html
./projects/completed-projects/cbnrm/cbnrm-literature-review-sources/a-multi-sector-framework-for-assessing-community-based-forest-management-lessons-from-madagascar.html
./projects/completed-projects/cbnrm/cbnrm-literature-review-sources/hausta-peru-pre-assessment-report/view.html
./projects/completed-projects/cbnrm/cbnrm-literature-review-sources/the-economics-of-community-forest-management-in-madagascar-is-there-a-free-lunch.html
./projects/completed-projects/cbnrm/cbnrm-literature-review-sources/towards-understanding-household-level-forest-reliance-in-cambodia-2013-study-sites-methods-and-preliminary-findings/view.html
./projects/completed-projects/cbnrm/cbnrm-literature-review-sources/evaluating-the-effectiveness-of-community-based-conservation-in-northern-kenya-a-report-to-the-nature-conservancy/view.html
./projects/completed-projects/cbnrm/cbnrm-literature-review-sources/how-does-techno-bureaucracy-impede-livelihood-innovations-in-community-forestry.html
./projects/completed-projects/cbnrm/cbnrm-literature-review-sources/the-power-of-local-action-lessons-from-10-years-of-the-equator-prize-1/view.html
./projects/completed-projects/cbnrm/cbnrm-literature-review-sources/rural-livelihoods-poverty-reduction-and-food-security-in-southern-africa-is-cbnrm-the-answer/view.html
./projects/completed-projects/cbnrm/cbnrm-literature-review-sources/effect-of-local-cultural-context-on-the-success-of-community-based-conservation-interventions.html
./projects/completed-projects/cbnrm/cbnrm-literature-review-sources/appendix-s1.html
./projects/completed-projects/cbnrm/cbnrm-literature-review-sources/social-capital-community-based-governance-and-resilience-in-an-african-artisana-river-fishery.html
./projects/completed-projects/cbnrm/cbnrm-literature-review-sources/PD-ACW-197.html
./projects/completed-projects/cbnrm/cbnrm-literature-review-sources/powerless-spectators-coping-actors-and-adaptive-co-managers-a-sysnthesis-of-the-role-of-communities-in-ecosystem-management/view.html
./projects/completed-projects/cbnrm/cbnrm-literature-review-sources/conditions-associated-with-protected-area-success-in-conservation-and-poverty-reduction/view.html
./projects/completed-projects/cbnrm/cbnrm-literature-review-sources/asia-pacific-forestry-sector-outlook-study/view.html
./projects/completed-projects/cbnrm/cbnrm-literature-review-sources/powerless-spectators-coping-actors-and-adaptive-co-managers-a-sysnthesis-of-the-role-of-communities-in-ecosystem-management.html
./projects/completed-projects/cbnrm/cbnrm-literature-review-sources/patronage-or-participation-community-based-natural-resource-management-reform-in-sub-saharan-africa-2.html
./projects/completed-projects/cbnrm/cbnrm-literature-review-sources/high-value-forests-hidden-economies-and-elite-capture-evidence-from-forest-user-groups-in-nepals-terai.html
./projects/completed-projects/cbnrm/cbnrm-literature-review-sources/rethinking-community-based-conservation/view.html
./projects/completed-projects/cbnrm/cbnrm-literature-review-sources/introduction-participation-and-the-collaborative-management-of-protected-areas-in-bangladesh/view.html
./projects/completed-projects/cbnrm/cbnrm-literature-review-sources/peru-climate-change-vulnerability-and-adaptation-desktop-study.html
./projects/completed-projects/cbnrm/cbnrm-literature-review-sources/appendix-s1/view.html
./projects/completed-projects/cbnrm/cbnrm-literature-review-sources/adaptive-co-management-for-social2013ecological-complexity.html
./projects/completed-projects/cbnrm/cbnrm-literature-review-sources/promoting-equity-in-the-management-of-protected-areas-new-evidence-of-the-need-for-action.html
./projects/completed-projects/cbnrm/cbnrm-literature-review-sources/community-management-by-decree-lessons-from-cambodias-fisheries-reform.html
./projects/completed-projects/cbnrm/cbnrm-literature-review-sources/PN-AEA-316.html
./projects/completed-projects/cbnrm/cbnrm-literature-review-sources/turning-social-capital-into-natural-capital-changing-livelihoods-of-fishers-through-cbfm/view.html
./projects/completed-projects/cbnrm/cbnrm-literature-review-sources/country-profile-report-forestry-sector-in-nepal.html
./projects/completed-projects/cbnrm/cbnrm-literature-review-sources/the-economics-of-community-forest-management-in-madagascar-is-there-a-free-lunch/view.html
./projects/completed-projects/cbnrm/cbnrm-literature-review-sources/two-decades-of-community-forestry-in-nepal-what-have-learned/view.html
./projects/completed-projects/cbnrm/cbnrm-literature-review-sources/copy_of_co-management-concepts-and-methodological-implications.html
./projects/completed-projects/cbnrm/cbnrm-literature-review-sources/country-profile-report-forestry-sector-in-nepal/view.html
./projects/completed-projects/cbnrm/cbnrm-literature-review-sources/community-based-natural-resource-management-in-namibia-a-case-study.html
./projects/completed-projects/cbnrm/cbnrm-literature-review-sources/is-small-really-beautiful/view.html
./projects/completed-projects/cbnrm/cbnrm-literature-review-sources/a-decade-in-forest-management-and-planning-in-cambodia-a-synthesis-of-forestry-reviews-and-supportive-studies/view.html
./projects/completed-projects/cbnrm/cbnrm-literature-review-sources/participatory-forestry-in-the-gambia.html
./projects/completed-projects/cbnrm/cbnrm-literature-review-sources/rights-and-resources-initiative-cambodia/view.html
./projects/completed-projects/cbnrm/cbnrm-literature-review-sources/chance-change-and-choice-in-africa2019s-drylands/view.html
./projects/completed-projects/cbnrm/cbnrm-literature-review-sources/high-value-forests-hidden-economies-and-elite-capture-evidence-from-forest-user-groups-in-nepals-terai/view.html
./projects/completed-projects/cbnrm/cbnrm-literature-review-sources/promoting-equity-in-the-management-of-protected-areas-new-evidence-of-the-need-for-action/view.html
./projects/completed-projects/cbnrm/cbnrm-literature-review-sources/collaborative-forest-management-in-nepals-terai-policy-practice-and-contestation.html
./projects/completed-projects/cbnrm/cbnrm-literature-review-sources/democratic-decentralization-of-natural-resources-institutional-choice-and-discretionary-power-transfers-in-sub-saharan-africa.html
./projects/completed-projects/cbnrm/cbnrm-literature-review-sources/democratic-decentralization-of-natural-resources-institutional-choice-and-discretionary-power-transfers-in-sub-saharan-africa/view.html
./projects/completed-projects/cbnrm/cbnrm-literature-review-sources/the-complex-links-between-governance-and-biodiversity-1/view.html
./projects/completed-projects/cbnrm/cbnrm-literature-review-sources/community-based-natural-resource-management-stocktaking-assessment-zimbabwe-profile/view.html
./projects/completed-projects/cbnrm/cbnrm-literature-review-sources/forest-concessions-in-the-maya-biosphere-reserve-guatemala-a-decade-later.html
./projects/completed-projects/cbnrm/cbnrm-literature-review-sources/community-management-by-decree-lessons-from-cambodias-fisheries-reform/view.html
./projects/completed-projects/cbnrm/cbnrm-literature-review-sources/48-cantones-de-totonicapan-1/view.html
./projects/completed-projects/cbnrm/cbnrm-literature-review-sources/participatory-forestry-in-the-gambia/view.html
./projects/completed-projects/cbnrm/cbnrm-literature-review-sources/protected-areas-and-rights-movements-the-inadequacies-of-nepals-participatory-conservation/view.html
./projects/completed-projects/cbnrm/cbnrm-literature-review-sources/rights-based-fisheries-governance-from-fishing-rights-to-human-rights-1/view.html
./projects/completed-projects/cbnrm/cbnrm-literature-review-sources/a-decade-in-forest-management-and-planning-in-cambodia-a-synthesis-of-forestry-reviews-and-supportive-studies.html
./projects/completed-projects/cbnrm/cbnrm-literature-review-sources/PD-ACU-509.html
./projects/completed-projects/cbnrm/cbnrm-literature-review-sources/copy_of_co-management-concepts-and-methodological-implications/view.html
./projects/completed-projects/cbnrm/cbnrm-literature-review-sources/forest-management-in-madagascar-an-historical-overview/view.html
./projects/completed-projects/cbnrm/cbnrm-literature-review-sources/rural-livelihoods-poverty-reduction-and-food-security-in-southern-africa-is-cbnrm-the-answer.html
./projects/completed-projects/cbnrm/cbnrm-literature-review-sources/peru-climate-change-vulnerability-and-adaptation-desktop-study/view.html
./projects/completed-projects/cbnrm/cbnrm-literature-review-sources/is-small-really-beautiful.html
./projects/completed-projects/cbnrm/cbnrm-literature-review-sources/conserving-tropical-biodiversity-amid-weak-institutions/view.html
./projects/completed-projects/cbnrm/cbnrm-literature-review-sources/rights-and-resources-initiative-cambodia.html
./projects/completed-projects/cbnrm/cbnrm-literature-review-sources/multiple-forest-use-through-commercial-sport-hunting-lessons-from-a-community-based-model-from-the-peten-guatemala.html
./projects/completed-projects/cbnrm/cbnrm-literature-review-sources/bibliography-from-ksc.html
./projects/completed-projects/cbnrm/cbnrm-literature-review-sources/community-based-natural-resource-management-stocktaking-assessment-zimbabwe-profile.html
./projects/completed-projects/cbnrm/cbnrm-literature-review-sources/evaluating-the-effectiveness-of-community-based-conservation-in-northern-kenya-a-report-to-the-nature-conservancy.html
./projects/completed-projects/cbnrm/cbnrm-literature-review-sources/capitalisation-and-sharing-of-experiences-on-the-interaction-between-forest-policies-and-land-use-1.html
./projects/completed-projects/cbnrm/cbnrm-literature-review-sources/evaluating-the-effectiveness-of-community-based-conservation-in-northern-kenya.html
./projects/completed-projects/cbnrm/cbnrm-literature-review-sources/annex-i-to-local-cultural-context-pdf.html
./projects/completed-projects/cbnrm/cbnrm-literature-review-sources/community-management-of-natural-resources-in-africa-impacts-experiences-and-future-directions-1.html
./projects/completed-projects/cbnrm/cbnrm-literature-review-sources/adaptive-co-management-for-social2013ecological-complexity/view.html
./projects/completed-projects/cbnrm/cbnrm-literature-review-sources/community-forestry-redd-project-oddar-meanchey-cambodia.html
./projects/completed-projects/cbnrm/cbnrm-literature-review-sources/the-power-of-local-action-lessons-from-10-years-of-the-equator-prize-1.html
./projects/completed-projects/cbnrm/cbnrm-literature-review-sources/la-experiencia-en-la-cooperativa-integral-agricola-santa-maria-chipur-sanimtaqa-r.l/view.html
./projects/completed-projects/cbnrm/cbnrm-literature-review-sources/48-cantones-de-totonicapan-1.html
./projects/completed-projects/cbnrm/cbnrm-literature-review-sources/bibliography-from-ksc/view.html
./projects/completed-projects/cbnrm/cbnrm-literature-review-sources/defining-political-community-and-rights-to-natural-resources-in-botswana/view.html
./projects/completed-projects/cbnrm/cbnrm-literature-review-sources/collaborative-forest-management-in-nepals-terai-policy-practice-and-contestation/view.html
./projects/completed-projects/cbnrm/cbnrm-literature-review-sources/turning-social-capital-into-natural-capital-changing-livelihoods-of-fishers-through-cbfm.html
./projects/completed-projects/cbnrm/cbnrm-literature-review-sources/emerging-issues-in-community-forestry-in-nepal/view.html
./projects/completed-projects/cbnrm/cbnrm-literature-review-sources/annex-i-to-local-cultural-context-pdf/view.html
./projects/completed-projects/cbnrm/cbnrm-literature-review-sources/PN-AEA-332.html
./projects/completed-projects/cbnrm/cbnrm-literature-review-sources/emerging-issues-in-community-forestry-in-nepal.html
./projects/completed-projects/cbnrm/cbnrm-literature-review-sources/effect-of-local-cultural-context-on-the-success-of-community-based-conservation-interventions/view.html
./projects/completed-projects/cbnrm/index.html
./projects/completed-projects/cbnrm/canned-searches-dec-google-scholar.html
./projects/completed-projects/cbnrm/a-global-assessment-of-community-based-natural-resource-management/view.html
./projects/completed-projects/cbnrm/cbnrm-assessment-homepage.html
./projects/completed-projects/cbnrm/cbnrm-literature-review-sources.html
./projects/completed-projects/eco/resources.html
./projects/completed-projects/eco/eco-facilitation.html
./projects/completed-projects/eco/eco-environmental-communication-learning-and-outreach-collection.html
./projects/completed-projects/eco/eco-m-e.html
./projects/completed-projects/eco/index.html
./projects/completed-projects/eco/eco-competency-based-training.html
./projects/completed-projects/eco/eco-knowledge-management.html
./projects/completed-projects/eco/resources/biodiversity-conservation-and-forestry-programs.html
./projects/completed-projects/eco/resources/eco-resources-collection.html
./projects/completed-projects/eco/resources/index.html
./projects/completed-projects/eco/resources/biodiversity-conservation-and-forestry-programs-2016-report-fiscal-year-2015-results-and-funding/view.html
./projects/completed-projects/eco/resources/usaid2019s-biodiversity-conservation-and-forestry-programs-2016-annual-report-2/view.html
./projects/completed-projects/eco/resources/biodiversity-conservation-and-forestry-programs/view.html
./projects/completed-projects/eco/resources/usaid2019s-biodiversity-conservation-and-forestry-programs-2016-annual-report-2.html
./projects/completed-projects/eco/resources/biodiversity-conservation-and-forestry-programs-2016-report-fiscal-year-2015-results-and-funding.html
./projects/completed-projects/eco/eco-communications.html
./projects/completed-projects/hariyo-ban-program.html
./projects/completed-projects/translinks/translinks-2012/land-tenure-center.html
./projects/completed-projects/translinks/translinks-2012/land-tenure-center/secure-land-tenure-save-forests-tropical-deforestation-working-paper-7.html
./projects/completed-projects/translinks/translinks-2012/land-tenure-center/presentation-secure-land-tenure-save-forests-relationship-land-tenure-tropical-deforestation.html
./projects/completed-projects/translinks/translinks-2012/land-tenure-center/index.html
./projects/completed-projects/translinks/translinks-2012/land-tenure-center/eco-bursaries-as-incentives-for-conservation-around-arabuko-sokoke-forest-kenya/view.html
./projects/completed-projects/translinks/translinks-2012/land-tenure-center/lessons-land-tenure-forest-governance-redd-case-studies-from-africa-asia-and-latin-america/view.html
./projects/completed-projects/translinks/translinks-2012/land-tenure-center/eco-bursaries-as-incentives-for-conservation-around-arabuko-sokoke-forest-kenya.html
./projects/completed-projects/translinks/translinks-2012/land-tenure-center/lessons-land-tenure-forest-governance-redd-case-studies-from-africa-asia-and-latin-america.html
./projects/completed-projects/translinks/translinks-2012/land-tenure-center/presentation-secure-land-tenure-save-forests-relationship-land-tenure-tropical-deforestation/view.html
./projects/completed-projects/translinks/translinks-2012/land-tenure-center/secure-land-tenure-save-forests-tropical-deforestation-working-paper-7/view.html
./projects/completed-projects/translinks/translinks-2012/enterpriseworks-vita-relief-international.html
./projects/completed-projects/translinks/translinks-2012/earth-institute.html
./projects/completed-projects/translinks/translinks-2012/index.html
./projects/completed-projects/translinks/translinks-2012/translinks-products-2012.html
./projects/completed-projects/translinks/translinks-2012/Wildlife Conservation Society/index.html
./projects/completed-projects/translinks/translinks-2012/Wildlife Conservation Society/2012 PES Bundling and Stacking Workshop (Washington, DC, USA).html
./projects/completed-projects/translinks/translinks-2012/Wildlife Conservation Society/2012 PES Bundling and Stacking Workshop (Washington, DC, USA)/2012 PES Bundling and Stacking Workshop USA.html
./projects/completed-projects/translinks/translinks-2012/Wildlife Conservation Society/2012 PES Bundling and Stacking Workshop (Washington, DC, USA)/Paper_PESBundlingandStacking.pdf/view.html
./projects/completed-projects/translinks/translinks-2012/Wildlife Conservation Society/2012 PES Bundling and Stacking Workshop (Washington, DC, USA)/index.html
./projects/completed-projects/translinks/translinks-2012/Wildlife Conservation Society/2012 PES Bundling and Stacking Workshop (Washington, DC, USA)/Conference_AgendaPESBundlingStacking.pdf/view.html
./projects/completed-projects/translinks/translinks-2012/Wildlife Conservation Society.html
./projects/completed-projects/translinks/translinks-2012/forest-trends.html
./projects/completed-projects/translinks/comaco-video.html
./projects/completed-projects/translinks/translinks-collection.html
./projects/completed-projects/translinks/trainings.html
./projects/completed-projects/translinks/pes-biodiversity-1.html
./projects/completed-projects/translinks/forest-trends-translinks-products.html
./projects/completed-projects/translinks/2011.html
./projects/completed-projects/translinks/translinks-2010.html
./projects/completed-projects/translinks/2011/land-tenure-center.html
./projects/completed-projects/translinks/2011/land-tenure-center/ltfc-mgmt-workshop/is-it-possible-to-resolve-tenure-insecurity-at-redd-project-sites-evidence-from-brazil-cameroon-tanzania-indonesia-and-vietnam/view.html
./projects/completed-projects/translinks/2011/land-tenure-center/ltfc-mgmt-workshop/knowing-your-forest-rights-clarity-and-how-it-relates-to-harvesting-behavior.html
./projects/completed-projects/translinks/2011/land-tenure-center/ltfc-mgmt-workshop/carbon-rights-in-mozambique-a-case-study/view.html
./projects/completed-projects/translinks/2011/land-tenure-center/ltfc-mgmt-workshop/copy_of_redd-as-threat-to-tenure-security.-comments-for-ltc-workshop-on-land-tenure-and-forest-carbon-management.html
./projects/completed-projects/translinks/2011/land-tenure-center/ltfc-mgmt-workshop/carbon-rights-in-mozambique-a-case-study.html
./projects/completed-projects/translinks/2011/land-tenure-center/ltfc-mgmt-workshop/land-tenure-carbon-rights-and-livelihoods-in-the-brazilian-amazon-learning-from-four-incipient-redd-initiatives/view.html
./projects/completed-projects/translinks/2011/land-tenure-center/ltfc-mgmt-workshop/estimating-avoided-deforestation.html
./projects/completed-projects/translinks/2011/land-tenure-center/ltfc-mgmt-workshop/can-the-existing-tenure-system-foster-effective-redd-implementation-reflections-from-five-redd-projects-in-indonesia.html
./projects/completed-projects/translinks/2011/land-tenure-center/ltfc-mgmt-workshop/using-redd-for-leveraging-strong-long-term-forest-tenure-possibilities-and-obstacles/view.html
./projects/completed-projects/translinks/2011/land-tenure-center/ltfc-mgmt-workshop/changing-forests-overlapping-tenure-in-the-ecuadorian-amazon-implications-for-the-future-implementation-of-sociobosque.html
./projects/completed-projects/translinks/2011/land-tenure-center/ltfc-mgmt-workshop/using-redd-for-leveraging-strong-long-term-forest-tenure-possibilities-and-obstacles.html
./projects/completed-projects/translinks/2011/land-tenure-center/ltfc-mgmt-workshop/forest-commons-redd-and-tenure-security-in-africa-1/view.html
./projects/completed-projects/translinks/2011/land-tenure-center/ltfc-mgmt-workshop/index.html
./projects/completed-projects/translinks/2011/land-tenure-center/ltfc-mgmt-workshop/can-the-existing-tenure-system-foster-effective-redd-implementation-reflections-from-five-redd-projects-in-indonesia/view.html
./projects/completed-projects/translinks/2011/land-tenure-center/ltfc-mgmt-workshop/knowing-your-forest-rights-clarity-and-how-it-relates-to-harvesting-behavior/view.html
./projects/completed-projects/translinks/2011/land-tenure-center/ltfc-mgmt-workshop/is-it-possible-to-resolve-tenure-insecurity-at-redd-project-sites-evidence-from-brazil-cameroon-tanzania-indonesia-and-vietnam.html
./projects/completed-projects/translinks/2011/land-tenure-center/ltfc-mgmt-workshop/securing-indigenous-communal-land-rights-in-ecuador-2013-vital-foundation-for-direct-payment-forest-conservation-program.html
./projects/completed-projects/translinks/2011/land-tenure-center/ltfc-mgmt-workshop/securing-indigenous-communal-land-rights-in-ecuador-2013-vital-foundation-for-direct-payment-forest-conservation-program/view.html
./projects/completed-projects/translinks/2011/land-tenure-center/ltfc-mgmt-workshop/lessons-on-land-tenure-governance-and-redd-.-case-studies-from-africa-asia-and-latin-america/view.html
./projects/completed-projects/translinks/2011/land-tenure-center/ltfc-mgmt-workshop/threats-to-village-land-in-tanzania-implications-for-redd-benefits-sharing-arrangements/view.html
./projects/completed-projects/translinks/2011/land-tenure-center/ltfc-mgmt-workshop/changing-forests-and-overlapping-tenure-in-the-ecuadorian-amazon-implications-for-the-future-implementation-of-sociobosque/view.html
./projects/completed-projects/translinks/2011/land-tenure-center/ltfc-mgmt-workshop/land-tenure-carbon-rights-and-livelihoods-in-the-brazilian-amazon-learning-from-four-incipient-redd-initiatives.html
./projects/completed-projects/translinks/2011/land-tenure-center/ltfc-mgmt-workshop/Bushley-LTCWorkshopPresentation-21Oct2011-Final.pptx.html
./projects/completed-projects/translinks/2011/land-tenure-center/ltfc-mgmt-workshop/explaining-multiple-outcomes-on-forest-commons-livelihoods-carbon-biodiversity/view.html
./projects/completed-projects/translinks/2011/land-tenure-center/ltfc-mgmt-workshop/estimating-avoided-deforestation/view.html
./projects/completed-projects/translinks/2011/land-tenure-center/ltfc-mgmt-workshop/2011-LT-Forest-Carbon-Workshop-USA.html
./projects/completed-projects/translinks/2011/land-tenure-center/ltfc-mgmt-workshop/lessons-on-land-tenure-forest-governance-and-redd/view.html
./projects/completed-projects/translinks/2011/land-tenure-center/ltfc-mgmt-workshop/forest-commons-redd-and-tenure-security-in-africa.html
./projects/completed-projects/translinks/2011/land-tenure-center/ltfc-mgmt-workshop/forest-commons-redd-and-tenure-security-in-africa-1.html
./projects/completed-projects/translinks/2011/land-tenure-center/ltfc-mgmt-workshop/lessons-on-land-tenure-forest-governance-and-redd.html
./projects/completed-projects/translinks/2011/land-tenure-center/ltfc-mgmt-workshop/forest-commons-redd-and-tenure-security-in-africa/view.html
./projects/completed-projects/translinks/2011/land-tenure-center/ltfc-mgmt-workshop/pilot-redd-activities-in-cambodia-are-expected-to-improve-access-to-forest-resource-use-rights-and-land-tenure-for-local-communities/view.html
./projects/completed-projects/translinks/2011/land-tenure-center/ltfc-mgmt-workshop/Bushley-LTCWorkshopPresentation-21Oct2011-Final.pptx/view.html
./projects/completed-projects/translinks/2011/land-tenure-center/ltfc-mgmt-workshop/redd-in-lao-pdr-also-a-201cplus201d-for-forest-dependent-communities/view.html
./projects/completed-projects/translinks/2011/land-tenure-center/ltfc-mgmt-workshop/does-community-forestry-provide-a-suitable-platform-for-redd-a-case-study-from-oddar-meanchey-cambodia/view.html
./projects/completed-projects/translinks/2011/land-tenure-center/ltfc-mgmt-workshop/does-community-forestry-provide-a-suitable-platform-for-redd-a-case-study-from-oddar-meanchey-cambodia.html
./projects/completed-projects/translinks/2011/land-tenure-center/ltfc-mgmt-workshop/copy_of_redd-as-threat-to-tenure-security.-comments-for-ltc-workshop-on-land-tenure-and-forest-carbon-management/view.html
./projects/completed-projects/translinks/2011/land-tenure-center/ltfc-mgmt-workshop/threats-to-village-land-in-tanzania-implications-for-redd-benefits-sharing-arrangements.html
./projects/completed-projects/translinks/2011/land-tenure-center/ltfc-mgmt-workshop/a-case-study-of-market-based-conservation-tools-in-ecuador.html
./projects/completed-projects/translinks/2011/land-tenure-center/ltfc-mgmt-workshop/explaining-multiple-outcomes-on-forest-commons-livelihoods-carbon-biodiversity.html
./projects/completed-projects/translinks/2011/land-tenure-center/ltfc-mgmt-workshop/pilot-redd-activities-in-cambodia-are-expected-to-improve-access-to-forest-resource-use-rights-and-land-tenure-for-local-communities.html
./projects/completed-projects/translinks/2011/land-tenure-center/ltfc-mgmt-workshop/changing-forests-overlapping-tenure-in-the-ecuadorian-amazon-implications-for-the-future-implementation-of-sociobosque/view.html
./projects/completed-projects/translinks/2011/land-tenure-center/ltfc-mgmt-workshop/estimating-avoided-deforestation-by-protection-type-can-governance-plus-location-equal-forest-plus-livelihoods.html
./projects/completed-projects/translinks/2011/land-tenure-center/ltfc-mgmt-workshop/changing-forests-and-overlapping-tenure-in-the-ecuadorian-amazon-implications-for-the-future-implementation-of-sociobosque.html
./projects/completed-projects/translinks/2011/land-tenure-center/ltfc-mgmt-workshop/estimating-avoided-deforestation-by-protection-type-can-governance-plus-location-equal-forest-plus-livelihoods/view.html
./projects/completed-projects/translinks/2011/land-tenure-center/ltfc-mgmt-workshop/a-case-study-of-market-based-conservation-tools-in-ecuador/view.html
./projects/completed-projects/translinks/2011/land-tenure-center/ltfc-mgmt-workshop/redd-in-lao-pdr-also-a-201cplus201d-for-forest-dependent-communities.html
./projects/completed-projects/translinks/2011/land-tenure-center/ltfc-mgmt-workshop.html
./projects/completed-projects/translinks/2011/land-tenure-center/gobernanza-de-bosques-y-redd-estudios-de-caso-del-ecuador.html
./projects/completed-projects/translinks/2011/land-tenure-center/test-ltc-postcard/view.html
./projects/completed-projects/translinks/2011/land-tenure-center/gobernanza-de-bosques-y-redd-estudios-de-caso-del-ecuador/view.html
./projects/completed-projects/translinks/2011/land-tenure-center/index.html
./projects/completed-projects/translinks/2011/land-tenure-center/test-ltc-postcard.html
./projects/completed-projects/translinks/2011/enterpriseworks-vita-relief-international.html
./projects/completed-projects/translinks/2011/earth-institute/index.html
./projects/completed-projects/translinks/2011/earth-institute/2011-es-for-conservation-and-poverty-reduction-course-new-york-usa.html
./projects/completed-projects/translinks/2011/earth-institute/2011-es-for-conservation-and-poverty-reduction-course-new-york-usa/2011-CERC-PES-Course-USA.html
./projects/completed-projects/translinks/2011/earth-institute/2011-es-for-conservation-and-poverty-reduction-course-new-york-usa/index.html
./projects/completed-projects/translinks/2011/earth-institute/2011-es-for-conservation-and-poverty-reduction-course-new-york-usa/Syllabus_ESandPovertyReductionCourseWinter2011.pdf/view.html
./projects/completed-projects/translinks/2011/earth-institute.html
./projects/completed-projects/translinks/2011/forest-trends/social-and-biodiversity-impact-assessment-sbia-manual-for-redd-projects-part-1-2013-core-guidance-for-project-proponents/view.html
./projects/completed-projects/translinks/2011/forest-trends/state-of-the-voluntary-carbon-markets-2011-summary.html
./projects/completed-projects/translinks/2011/forest-trends/state-of-the-voluntary-carbon-markets-2011.html
./projects/completed-projects/translinks/2011/forest-trends/social-and-biodiversity-impact-assessment-sbia-manual-for-redd-projects-part-3-2013-biodiversity-impact-assessment-toolbox/view.html
./projects/completed-projects/translinks/2011/forest-trends/state-of-the-voluntary-carbon-markets-2011/view.html
./projects/completed-projects/translinks/2011/forest-trends/social-and-biodiversity-impact-assessment-sbia-manual-for-redd-projects-part-1-version-2-2013-core-guidance-for-project-proponents/view.html
./projects/completed-projects/translinks/2011/forest-trends/state-of-the-forest-carbon-markets-2011-from-canopy-to-currency/view.html
./projects/completed-projects/translinks/2011/forest-trends/index.html
./projects/completed-projects/translinks/2011/forest-trends/social-and-biodiversity-impact-assessment-sbia-manual-for-redd-projects-part-2-2013-social-impact-assessment-toolbox/view.html
./projects/completed-projects/translinks/2011/forest-trends/social-and-biodiversity-impact-assessment-sbia-manual-for-redd-projects-part-2-2013-social-impact-assessment-toolbox-spanish/view.html
./projects/completed-projects/translinks/2011/forest-trends/social-and-biodiversity-impact-assessment-sbia-manual-for-redd-projects-part-3-2013-biodiversity-impact-assessment-toolbox.html
./projects/completed-projects/translinks/2011/forest-trends/social-and-biodiversity-impact-assessment-sbia-manual-for-redd-projects-part-1-2013-core-guidance-for-project-proponents.html
./projects/completed-projects/translinks/2011/forest-trends/state-of-the-voluntary-carbon-markets-2011-summary/view.html
./projects/completed-projects/translinks/2011/forest-trends/surui-forest-carbon-project-v.1.0/view.html
./projects/completed-projects/translinks/2011/forest-trends/social-and-biodiversity-impact-assessment-sbia-manual-for-redd-projects-part-2-2013-social-impact-assessment-toolbox-spanish.html
./projects/completed-projects/translinks/2011/forest-trends/copy_of_surui-forest-carbon-project-v.1.0/view.html
./projects/completed-projects/translinks/2011/forest-trends/state-of-the-forest-carbon-markets-2011-from-canopy-to-currency.html
./projects/completed-projects/translinks/2011/forest-trends/social-and-biodiversity-impact-assessment-sbia-manual-for-redd-projects-part-1-version-2-2013-core-guidance-for-project-proponents.html
./projects/completed-projects/translinks/2011/forest-trends/social-and-biodiversity-impact-assessment-sbia-manual-for-redd-projects-part-2-2013-social-impact-assessment-toolbox.html
./projects/completed-projects/translinks/2011/enterpriseworks-vita-relief-international/index.html
./projects/completed-projects/translinks/2011/enterpriseworks-vita-relief-international/the-conservation-marketing-equation-a-manual-for-conservation-and-development-professionals-arabic/view.html
./projects/completed-projects/translinks/2011/enterpriseworks-vita-relief-international/the-conservation-marketing-equation-a-manual-for-conservation-and-development-professionals-arabic.html
./projects/completed-projects/translinks/2011/index.html
./projects/completed-projects/translinks/2011/wildlife-conservation-society/index.html
./projects/completed-projects/translinks/2011/wildlife-conservation-society/2011-Watershed-Modeling-and-Management-Workshop-Rwanda-Materials/Sept-15-16/technical-training-september-15-16-agenda.html
./projects/completed-projects/translinks/2011/wildlife-conservation-society/2011-Watershed-Modeling-and-Management-Workshop-Rwanda-Materials/Sept-15-16/soil erosion presentation_erika.pdf/view.html
./projects/completed-projects/translinks/2011/wildlife-conservation-society/2011-Watershed-Modeling-and-Management-Workshop-Rwanda-Materials/Sept-15-16/ARIESOverviewKigali.pdf.html
./projects/completed-projects/translinks/2011/wildlife-conservation-society/2011-Watershed-Modeling-and-Management-Workshop-Rwanda-Materials/Sept-15-16/Sep 15 2011 Africa Workshop WaSSI-CB_all new.pdf/view.html
./projects/completed-projects/translinks/2011/wildlife-conservation-society/2011-Watershed-Modeling-and-Management-Workshop-Rwanda-Materials/Sept-15-16/index.html
./projects/completed-projects/translinks/2011/wildlife-conservation-society/2011-Watershed-Modeling-and-Management-Workshop-Rwanda-Materials/Sept-15-16/soil erosion presentation_erika.pdf.html
./projects/completed-projects/translinks/2011/wildlife-conservation-society/2011-Watershed-Modeling-and-Management-Workshop-Rwanda-Materials/Sept-15-16/technical-training-september-15-16-agenda/view.html
./projects/completed-projects/translinks/2011/wildlife-conservation-society/2011-Watershed-Modeling-and-Management-Workshop-Rwanda-Materials/Sept-15-16/ARIESOverviewKigali.pdf/view.html
./projects/completed-projects/translinks/2011/wildlife-conservation-society/2011-Watershed-Modeling-and-Management-Workshop-Rwanda-Materials/Sept-15-16/Sep 15 2011 Africa Workshop WaSSI-CB_all new.pdf.html
./projects/completed-projects/translinks/2011/wildlife-conservation-society/2011-Watershed-Modeling-and-Management-Workshop-Rwanda-Materials/Proceedings_WatershedModelingWorkshopRwanda.pdf/view.html
./projects/completed-projects/translinks/2011/wildlife-conservation-society/2011-Watershed-Modeling-and-Management-Workshop-Rwanda-Materials/Sept-15-16.html
./projects/completed-projects/translinks/2011/wildlife-conservation-society/2011-Watershed-Modeling-and-Management-Workshop-Rwanda-Materials/Coversheet_2011WatershedWorkshopRwanda_Presentation.pdf/view.html
./projects/completed-projects/translinks/2011/wildlife-conservation-society/2011-Watershed-Modeling-and-Management-Workshop-Rwanda-Materials/Sept-13-14/results-and-recommendations-rwanda.html
./projects/completed-projects/translinks/2011/wildlife-conservation-society/2011-Watershed-Modeling-and-Management-Workshop-Rwanda-Materials/Sept-13-14/watershed-management-issues-at-project-site-in-zambia/view.html
./projects/completed-projects/translinks/2011/wildlife-conservation-society/2011-Watershed-Modeling-and-Management-Workshop-Rwanda-Materials/Sept-13-14/watershed-management-challenges-in-rwanda/view.html
./projects/completed-projects/translinks/2011/wildlife-conservation-society/2011-Watershed-Modeling-and-Management-Workshop-Rwanda-Materials/Sept-13-14/watershed-management-issues-at-project-site-in-zambia.html
./projects/completed-projects/translinks/2011/wildlife-conservation-society/2011-Watershed-Modeling-and-Management-Workshop-Rwanda-Materials/Sept-13-14/the-use-of-modeling-in-watershed-management-and-valuation/view.html
./projects/completed-projects/translinks/2011/wildlife-conservation-society/2011-Watershed-Modeling-and-Management-Workshop-Rwanda-Materials/Sept-13-14/results-and-recommendations-for-the-luangwa-valley-zambia.html
./projects/completed-projects/translinks/2011/wildlife-conservation-society/2011-Watershed-Modeling-and-Management-Workshop-Rwanda-Materials/Sept-13-14/watershed-management-issues-at-project-site-in-tanzania.html
./projects/completed-projects/translinks/2011/wildlife-conservation-society/2011-Watershed-Modeling-and-Management-Workshop-Rwanda-Materials/Sept-13-14/index.html
./projects/completed-projects/translinks/2011/wildlife-conservation-society/2011-Watershed-Modeling-and-Management-Workshop-Rwanda-Materials/Sept-13-14/copy_of_modeling-and-managing-watershed-workshop-agenda-september-13-14-2011.html
./projects/completed-projects/translinks/2011/wildlife-conservation-society/2011-Watershed-Modeling-and-Management-Workshop-Rwanda-Materials/Sept-13-14/national-pilot-case-study-for-nb-dss-testing-understanding-the-water-use-in-the-nyabarongo-river-basin-development/view.html
./projects/completed-projects/translinks/2011/wildlife-conservation-society/2011-Watershed-Modeling-and-Management-Workshop-Rwanda-Materials/Sept-13-14/national-pilot-case-study-for-nb-dss-testing-understanding-the-water-use-in-the-nyabarongo-river-basin-development.html
./projects/completed-projects/translinks/2011/wildlife-conservation-society/2011-Watershed-Modeling-and-Management-Workshop-Rwanda-Materials/Sept-13-14/results-and-recommendations-tanzania/view.html
./projects/completed-projects/translinks/2011/wildlife-conservation-society/2011-Watershed-Modeling-and-Management-Workshop-Rwanda-Materials/Sept-13-14/kivu-and-ruzizi-river-basin-authority-a-new-initiative-for-integrated-water-resources-management-at-a-regional-scale.html
./projects/completed-projects/translinks/2011/wildlife-conservation-society/2011-Watershed-Modeling-and-Management-Workshop-Rwanda-Materials/Sept-13-14/nile-equatorial-lakes-subsidiary-action-program-1/view.html
./projects/completed-projects/translinks/2011/wildlife-conservation-society/2011-Watershed-Modeling-and-Management-Workshop-Rwanda-Materials/Sept-13-14/results-and-recommendations-rwanda/view.html
./projects/completed-projects/translinks/2011/wildlife-conservation-society/2011-Watershed-Modeling-and-Management-Workshop-Rwanda-Materials/Sept-13-14/results-and-recommendations-for-the-luangwa-valley-zambia/view.html
./projects/completed-projects/translinks/2011/wildlife-conservation-society/2011-Watershed-Modeling-and-Management-Workshop-Rwanda-Materials/Sept-13-14/results-and-recommendations-tanzania.html
./projects/completed-projects/translinks/2011/wildlife-conservation-society/2011-Watershed-Modeling-and-Management-Workshop-Rwanda-Materials/Sept-13-14/modeling-ecosystem-services-water-quantity-and-quality-overview-of-wassi-cb-and-invest.html
./projects/completed-projects/translinks/2011/wildlife-conservation-society/2011-Watershed-Modeling-and-Management-Workshop-Rwanda-Materials/Sept-13-14/modeling-ecosystem-services-water-quantity-and-quality-overview-of-wassi-cb-and-invest/view.html
./projects/completed-projects/translinks/2011/wildlife-conservation-society/2011-Watershed-Modeling-and-Management-Workshop-Rwanda-Materials/Sept-13-14/copy_of_modeling-and-managing-watershed-workshop-agenda-september-13-14-2011/view.html
./projects/completed-projects/translinks/2011/wildlife-conservation-society/2011-Watershed-Modeling-and-Management-Workshop-Rwanda-Materials/Sept-13-14/the-use-of-modeling-in-watershed-management-and-valuation.html
./projects/completed-projects/translinks/2011/wildlife-conservation-society/2011-Watershed-Modeling-and-Management-Workshop-Rwanda-Materials/Sept-13-14/kivu-and-ruzizi-river-basin-authority-a-new-initiative-for-integrated-water-resources-management-at-a-regional-scale/view.html
./projects/completed-projects/translinks/2011/wildlife-conservation-society/2011-Watershed-Modeling-and-Management-Workshop-Rwanda-Materials/Sept-13-14/watershed-management-challenges-in-rwanda.html
./projects/completed-projects/translinks/2011/wildlife-conservation-society/2011-Watershed-Modeling-and-Management-Workshop-Rwanda-Materials/Sept-13-14/nile-equatorial-lakes-subsidiary-action-program-1.html
./projects/completed-projects/translinks/2011/wildlife-conservation-society/2011-Watershed-Modeling-and-Management-Workshop-Rwanda-Materials/Sept-13-14/watershed-management-issues-at-project-site-in-tanzania/view.html
./projects/completed-projects/translinks/2011/wildlife-conservation-society/2011-Watershed-Modeling-and-Management-Workshop-Rwanda-Materials/Sept-13-14.html
./projects/completed-projects/translinks/2011/wildlife-conservation-society/2011-Watershed-Modeling-and-Management-Workshop-Rwanda.html
./projects/completed-projects/translinks/2011/wildlife-conservation-society/final-report-usda-forest-service-technical-assistance-program-project-summary-jan-to-sept-2011.html
./projects/completed-projects/translinks/2011/wildlife-conservation-society/final-report-usda-forest-service-technical-assistance-program-project-summary-jan-to-sept-2011/view.html
./projects/completed-projects/translinks/2011/wildlife-conservation-society.html
./projects/completed-projects/translinks/2011/translinks-products-2011.html
./projects/completed-projects/translinks/2011/forest-trends.html
./projects/completed-projects/translinks/wildlife-friendly-enterprise.html
./projects/completed-projects/translinks/wildlife-conservation-society-translinks-products/index.html
./projects/completed-projects/translinks/Briefs.html
./projects/completed-projects/translinks/land-tenure-center-translinks-products.html
./projects/completed-projects/translinks/case-studies.html
./projects/completed-projects/translinks/pes-carbon.html
./projects/completed-projects/translinks/health.html
./projects/completed-projects/translinks/final-document-nested-approaches-to-redd.html
./projects/completed-projects/translinks/index.html
./projects/completed-projects/translinks/natural-resource-science.html
./projects/completed-projects/translinks/pes-marine.html
./projects/completed-projects/translinks/workshops.html
./projects/completed-projects/translinks/translinks-2007.html
./projects/completed-projects/translinks/country-studies.html
./projects/completed-projects/translinks/Brochures.html
./projects/completed-projects/translinks/translinks-promoting-transformations-nwp-final-report/index.html
./projects/completed-projects/translinks/translinks-promoting-transformations-nwp-final-report/view.html
./projects/completed-projects/translinks/translinks-2008/land-tenure-center.html
./projects/completed-projects/translinks/translinks-2008/land-tenure-center/incentivos-a-cambio-de-servicios-ambientales-y-colectividad-de-latenecia-de-la-tierra-lecciones-de-ecuador-e-indonesia/view.html
./projects/completed-projects/translinks/translinks-2008/land-tenure-center/incentivos-a-cambio-de-servicios-ambientales-y-colectividad-de-latenecia-de-la-tierra-lecciones-de-ecuador-e-indonesia.html
./projects/completed-projects/translinks/translinks-2008/land-tenure-center/IncentiveCompatibleInstituionalDesign_Paper_LTC_2008.pdf/view.html
./projects/completed-projects/translinks/translinks-2008/land-tenure-center/RESandTenureLessonsEcuadorIndonesia_Paper_LTC_2008.pdf/view.html
./projects/completed-projects/translinks/translinks-2008/land-tenure-center/index.html
./projects/completed-projects/translinks/translinks-2008/land-tenure-center/CapitalOnTheMove_Report_LTC_2008.pdf/view.html
./projects/completed-projects/translinks/translinks-2008/land-tenure-center/ProPoorRewardsLessonsFromUS_Paper_LTC_2008.pdf/view.html
./projects/completed-projects/translinks/translinks-2008/land-tenure-center/DeforestationVsPovertyKibale_Report_WCSLTC_2008.pdf/view.html
./projects/completed-projects/translinks/translinks-2008/land-tenure-center/NewPastoralParadigm_LTC_2008.pdf/view.html
./projects/completed-projects/translinks/translinks-2008/land-tenure-center/StratTradeOffEco-Labels_Report_LTC_2008.pdf/view.html
./projects/completed-projects/translinks/translinks-2008/land-tenure-center/land-tenure-banner.jpg/view.html
./projects/completed-projects/translinks/translinks-2008/land-tenure-center/ProPoorPESWorkshop_Transcript_LTC_2008.pdf/view.html
./projects/completed-projects/translinks/translinks-2008/land-tenure-center/ProPoorPESProgram_Agenda_LTC_2008.pdf/view.html
./projects/completed-projects/translinks/translinks-2008/enterpriseworks-vita-relief-international.html
./projects/completed-projects/translinks/translinks-2008/earth-institute/index.html
./projects/completed-projects/translinks/translinks-2008/earth-institute/TheBiogeochemistryHumanWellbeing_Report_EarthInstitute_2008.pdf/view.html
./projects/completed-projects/translinks/translinks-2008/earth-institute.html
./projects/completed-projects/translinks/translinks-2008/forest-trends/PESPrimer_Report_KatoombaForestTrends_2008.pdf/view.html
./projects/completed-projects/translinks/translinks-2008/forest-trends/chi-tra-dich-vu-he-sinh-thai-khoi-111ong-thuc-hien-cam-nang.html
./projects/completed-projects/translinks/translinks-2008/forest-trends/chi-tra-dich-vu-he-sinh-thai-khoi-111ong-thuc-hien-cam-nang/view.html
./projects/completed-projects/translinks/translinks-2008/forest-trends/manual_pes_portuguese.pdf/view.html
./projects/completed-projects/translinks/translinks-2008/forest-trends/2008-katoomba-xiii-meeting-dar-es-salaam-and-morogoro-tanzania/KatoombaMtg_Agenda_Katoomba_2008.pdf/view.html
./projects/completed-projects/translinks/translinks-2008/forest-trends/2008-katoomba-xiii-meeting-dar-es-salaam-and-morogoro-tanzania/PreConfUSAIDIntroMarketsPymtsEcosystemServices_AgenaOutline_Katoomba_2008.pdf/view.html
./projects/completed-projects/translinks/translinks-2008/forest-trends/2008-katoomba-xiii-meeting-dar-es-salaam-and-morogoro-tanzania/index.html
./projects/completed-projects/translinks/translinks-2008/forest-trends/2008-katoomba-xiii-meeting-dar-es-salaam-and-morogoro-tanzania/USAIDPreconferenceParticipants_Katoomba_2008.pdf/view.html
./projects/completed-projects/translinks/translinks-2008/forest-trends/2008-katoomba-xiii-meeting-dar-es-salaam-and-morogoro-tanzania/2008KatoombaXIIITZ.jpg/view.html
./projects/completed-projects/translinks/translinks-2008/forest-trends/2008-katoomba-xiii-meeting-dar-es-salaam-and-morogoro-tanzania/SummaryofProceedings_USAIDKatoomba_2008.pdf/view.html
./projects/completed-projects/translinks/translinks-2008/forest-trends/2008-katoomba-xiii-meeting-dar-es-salaam-and-morogoro-tanzania/participants-list-for-the-tanzania-katoomba-pre-conference-meeting-for-usaid-and-partners/view.html
./projects/completed-projects/translinks/translinks-2008/forest-trends/2008-katoomba-xiii-meeting-dar-es-salaam-and-morogoro-tanzania/2008 Katoomba XIII Meeting Tanzania.html
./projects/completed-projects/translinks/translinks-2008/forest-trends/2008-katoomba-xiii-meeting-dar-es-salaam-and-morogoro-tanzania/participants-list-for-the-tanzania-katoomba-pre-conference-meeting-for-usaid-and-partners.html
./projects/completed-projects/translinks/translinks-2008/forest-trends/2008-katoomba-xiii-meeting-dar-es-salaam-and-morogoro-tanzania.html
./projects/completed-projects/translinks/translinks-2008/forest-trends/2008-katoomba-market-mechanism-meeting-chesapeake-bay-md-usa.html
./projects/completed-projects/translinks/translinks-2008/forest-trends/PES_Brochure_KatoombaForestTrends_2008.pdf/view.html
./projects/completed-projects/translinks/translinks-2008/forest-trends/index.html
./projects/completed-projects/translinks/translinks-2008/forest-trends/RoundtablePESSouthAfrica_Summary_KatoombaGroup_2008.pdf/view.html
./projects/completed-projects/translinks/translinks-2008/forest-trends/2008-katoomba-market-mechanism-meeting-chesapeake-bay-md-usa/MarketMechanismsImproveWaterQuatlityInChesapeake_PrivateMtgAgenda_KatoombaGroup_2008.pdf/view.html
./projects/completed-projects/translinks/translinks-2008/forest-trends/2008-katoomba-market-mechanism-meeting-chesapeake-bay-md-usa/global-katoomba-meeting-201cdeveloping-an-infrastructure-fund-for-the-planet201d/view.html
./projects/completed-projects/translinks/translinks-2008/forest-trends/2008-katoomba-market-mechanism-meeting-chesapeake-bay-md-usa/2008-Katoomba-Private-Meeting-Cheseapeak-Bay.html
./projects/completed-projects/translinks/translinks-2008/forest-trends/2008-katoomba-market-mechanism-meeting-chesapeake-bay-md-usa/index.html
./projects/completed-projects/translinks/translinks-2008/forest-trends/2008-katoomba-market-mechanism-meeting-chesapeake-bay-md-usa/GlobalMtgWashington_Agenda_KatoombaGroup_2008.pdf/view.html
./projects/completed-projects/translinks/translinks-2008/forest-trends/2008-katoomba-market-mechanism-meeting-chesapeake-bay-md-usa/global-katoomba-meeting-201cdeveloping-an-infrastructure-fund-for-the-planet201d.html
./projects/completed-projects/translinks/translinks-2008/forest-trends/2008-katoomba-market-mechanism-meeting-chesapeake-bay-md-usa/si.gif/view.html
./projects/completed-projects/translinks/translinks-2008/forest-trends/PESPrimerSpanish_Report_KatoombaForestTrends_2008.pdf/view.html
./projects/completed-projects/translinks/translinks-2008/enterpriseworks-vita-relief-international/ConservationMarketingEquation_Manual_EWV_2008.pdf/view.html
./projects/completed-projects/translinks/translinks-2008/enterpriseworks-vita-relief-international/2008-rattan-value-chain-workshop-palawan-philippines/copy_of_Conference_ProceedingsRattanValueChainPalawan1.jpg/view.html
./projects/completed-projects/translinks/translinks-2008/enterpriseworks-vita-relief-international/2008-rattan-value-chain-workshop-palawan-philippines/index.html
./projects/completed-projects/translinks/translinks-2008/enterpriseworks-vita-relief-international/2008-rattan-value-chain-workshop-palawan-philippines/the-rattan-potentials-of-pancol-multi-purpose-cooperative-taytay-palawan/view.html
./projects/completed-projects/translinks/translinks-2008/enterpriseworks-vita-relief-international/2008-rattan-value-chain-workshop-palawan-philippines/2008-Rattan-Value-Chain-Workshop-Philippines.html
./projects/completed-projects/translinks/translinks-2008/enterpriseworks-vita-relief-international/2008-rattan-value-chain-workshop-palawan-philippines/Conference_ProceedingsRattanValueChainPalawan1.jpg/view.html
./projects/completed-projects/translinks/translinks-2008/enterpriseworks-vita-relief-international/2008-rattan-value-chain-workshop-palawan-philippines/translinks-rattan-value-chain-workshop.html
./projects/completed-projects/translinks/translinks-2008/enterpriseworks-vita-relief-international/2008-rattan-value-chain-workshop-palawan-philippines/translinks-rattan-value-chain-workshop/view.html
./projects/completed-projects/translinks/translinks-2008/enterpriseworks-vita-relief-international/2008-rattan-value-chain-workshop-palawan-philippines/the-rattan-potentials-of-pancol-multi-purpose-cooperative-taytay-palawan.html
./projects/completed-projects/translinks/translinks-2008/enterpriseworks-vita-relief-international/index.html
./projects/completed-projects/translinks/translinks-2008/enterpriseworks-vita-relief-international/2008-value-chain-workshop-cebu-city-philippines/Presentation_ConservationMarketingEquation.pdf/view.html
./projects/completed-projects/translinks/translinks-2008/enterpriseworks-vita-relief-international/2008-value-chain-workshop-cebu-city-philippines/participants-list-for-the-translinks-cebu-value-chain-workshop.html
./projects/completed-projects/translinks/translinks-2008/enterpriseworks-vita-relief-international/2008-value-chain-workshop-cebu-city-philippines/EnvRuralDevProgram_NWPConf_GTZ_2007.ppt/view.html
./projects/completed-projects/translinks/translinks-2008/enterpriseworks-vita-relief-international/2008-value-chain-workshop-cebu-city-philippines/natural-products-supply-projects-and-funding-opportunities/view.html
./projects/completed-projects/translinks/translinks-2008/enterpriseworks-vita-relief-international/2008-value-chain-workshop-cebu-city-philippines/translinks-cebu-workshop-proceedings/view.html
./projects/completed-projects/translinks/translinks-2008/enterpriseworks-vita-relief-international/2008-value-chain-workshop-cebu-city-philippines/ngos-as-market-facilitator-lessons-learned-umfi-experience-linking-community-based-enterprises-with-the-mainstream-markets/view.html
./projects/completed-projects/translinks/translinks-2008/enterpriseworks-vita-relief-international/2008-value-chain-workshop-cebu-city-philippines/CebuFurnitureExportIndustry_NWPConf_CRIF_2007.ppt.html
./projects/completed-projects/translinks/translinks-2008/enterpriseworks-vita-relief-international/2008-value-chain-workshop-cebu-city-philippines/improving-value-chain-dynamics-for-natural-products-in-the-furniture-gifts-home-decor-and-fashion-accessories-industry.html
./projects/completed-projects/translinks/translinks-2008/enterpriseworks-vita-relief-international/2008-value-chain-workshop-cebu-city-philippines/Presentation_ConservationMarketingEquation.pdf.html
./projects/completed-projects/translinks/translinks-2008/enterpriseworks-vita-relief-international/2008-value-chain-workshop-cebu-city-philippines/cfif-supply-chain-strengthening-program/view.html
./projects/completed-projects/translinks/translinks-2008/enterpriseworks-vita-relief-international/2008-value-chain-workshop-cebu-city-philippines/cfif-supply-chain-strengthening-program.html
./projects/completed-projects/translinks/translinks-2008/enterpriseworks-vita-relief-international/2008-value-chain-workshop-cebu-city-philippines/frame-philippines-rattan-value-chain-study.html
./projects/completed-projects/translinks/translinks-2008/enterpriseworks-vita-relief-international/2008-value-chain-workshop-cebu-city-philippines/palawan-its-potentals-on-rattan-and-other-ntfps-1/view.html
./projects/completed-projects/translinks/translinks-2008/enterpriseworks-vita-relief-international/2008-value-chain-workshop-cebu-city-philippines/Presentation_WelcomeValueChainWorkshopCebu.pdf.html
./projects/completed-projects/translinks/translinks-2008/enterpriseworks-vita-relief-international/2008-value-chain-workshop-cebu-city-philippines/palawan-its-potentals-on-rattan-and-other-ntfps/view.html
./projects/completed-projects/translinks/translinks-2008/enterpriseworks-vita-relief-international/2008-value-chain-workshop-cebu-city-philippines/updates-on-translinkslinking-natural-resources-economic-growthand-good-governance/view.html
./projects/completed-projects/translinks/translinks-2008/enterpriseworks-vita-relief-international/2008-value-chain-workshop-cebu-city-philippines/palawan-its-potentals-on-rattan-and-other-ntfps.html
./projects/completed-projects/translinks/translinks-2008/enterpriseworks-vita-relief-international/2008-value-chain-workshop-cebu-city-philippines/ngos-as-market-facilitator-lessons-learned-umfi-experience-linking-community-based-enterprises-with-the-mainstream-markets.html
./projects/completed-projects/translinks/translinks-2008/enterpriseworks-vita-relief-international/2008-value-chain-workshop-cebu-city-philippines/index.html
./projects/completed-projects/translinks/translinks-2008/enterpriseworks-vita-relief-international/2008-value-chain-workshop-cebu-city-philippines/2008-Value-Chain-Workshop-Philippines.html
./projects/completed-projects/translinks/translinks-2008/enterpriseworks-vita-relief-international/2008-value-chain-workshop-cebu-city-philippines/the-biological-base-of-the-furnishing-industry-our-forests-the-condition-of-our-raw-material-factories.html
./projects/completed-projects/translinks/translinks-2008/enterpriseworks-vita-relief-international/2008-value-chain-workshop-cebu-city-philippines/Presentation_WelcomeValueChainWorkshopCebu.pdf/view.html
./projects/completed-projects/translinks/translinks-2008/enterpriseworks-vita-relief-international/2008-value-chain-workshop-cebu-city-philippines/sustainable-indigenous-peoples-environment-friendly-enterprise-development-sipefed-translink-workshop-2008/view.html
./projects/completed-projects/translinks/translinks-2008/enterpriseworks-vita-relief-international/2008-value-chain-workshop-cebu-city-philippines/updates-on-translinkslinking-natural-resources-economic-growthand-good-governance.html
./projects/completed-projects/translinks/translinks-2008/enterpriseworks-vita-relief-international/2008-value-chain-workshop-cebu-city-philippines/the-irony-of-rattan-policies-and-the-impact-on-the-industry-and-producers/view.html
./projects/completed-projects/translinks/translinks-2008/enterpriseworks-vita-relief-international/2008-value-chain-workshop-cebu-city-philippines/the-irony-of-rattan-policies-and-the-impact-on-the-industry-and-producers.html
./projects/completed-projects/translinks/translinks-2008/enterpriseworks-vita-relief-international/2008-value-chain-workshop-cebu-city-philippines/palawan-its-potentals-on-rattan-and-other-ntfps-1.html
./projects/completed-projects/translinks/translinks-2008/enterpriseworks-vita-relief-international/2008-value-chain-workshop-cebu-city-philippines/participants-list-for-the-translinks-cebu-value-chain-workshop/view.html
./projects/completed-projects/translinks/translinks-2008/enterpriseworks-vita-relief-international/2008-value-chain-workshop-cebu-city-philippines/the-biological-base-of-the-furnishing-industry-our-forests-the-condition-of-our-raw-material-factories/view.html
./projects/completed-projects/translinks/translinks-2008/enterpriseworks-vita-relief-international/2008-value-chain-workshop-cebu-city-philippines/CebuFurnitureExportIndustry_NWPConf_CRIF_2007.ppt/view.html
./projects/completed-projects/translinks/translinks-2008/enterpriseworks-vita-relief-international/2008-value-chain-workshop-cebu-city-philippines/natural-products-supply-projects-and-funding-opportunities.html
./projects/completed-projects/translinks/translinks-2008/enterpriseworks-vita-relief-international/2008-value-chain-workshop-cebu-city-philippines/sustainable-indigenous-peoples-environment-friendly-enterprise-development-sipefed-translink-workshop-2008.html
./projects/completed-projects/translinks/translinks-2008/enterpriseworks-vita-relief-international/2008-value-chain-workshop-cebu-city-philippines/translinks-cebu-workshop-proceedings.html
./projects/completed-projects/translinks/translinks-2008/enterpriseworks-vita-relief-international/2008-value-chain-workshop-cebu-city-philippines/EnvRuralDevProgram_NWPConf_GTZ_2007.ppt.html
./projects/completed-projects/translinks/translinks-2008/enterpriseworks-vita-relief-international/2008-value-chain-workshop-cebu-city-philippines/frame-philippines-rattan-value-chain-study/view.html
./projects/completed-projects/translinks/translinks-2008/enterpriseworks-vita-relief-international/2008-value-chain-workshop-cebu-city-philippines/improving-value-chain-dynamics-for-natural-products-in-the-furniture-gifts-home-decor-and-fashion-accessories-industry/view.html
./projects/completed-projects/translinks/translinks-2008/enterpriseworks-vita-relief-international/2008-rattan-value-chain-workshop-palawan-philippines.html
./projects/completed-projects/translinks/translinks-2008/enterpriseworks-vita-relief-international/2008-value-chain-workshop-cebu-city-philippines.html
./projects/completed-projects/translinks/translinks-2008/index.html
./projects/completed-projects/translinks/translinks-2008/wildlife-conservation-society/GovernanceGlobalCarbonMarket_WorkingPaper_WCS_2008.pdf/view.html
./projects/completed-projects/translinks/translinks-2008/wildlife-conservation-society/TransLinksBamboo_Portrait_WCC_2008.pdf/view.html
./projects/completed-projects/translinks/translinks-2008/wildlife-conservation-society/WomenOfIsosoBolivia_CaseStudy_WCS_2008.pdf/view.html
./projects/completed-projects/translinks/translinks-2008/wildlife-conservation-society/ConservationEasementsPES_CaseStudy_TanzaniaSimanjiroPlains_WCS_2008.pdf/view.html
./projects/completed-projects/translinks/translinks-2008/wildlife-conservation-society/environment-and-poverty-efforts-in-kenya-to-get-the-policy-right.html
./projects/completed-projects/translinks/translinks-2008/wildlife-conservation-society/2008-UN-Carbon-Markets-Panel-REDD/index.html
./projects/completed-projects/translinks/translinks-2008/wildlife-conservation-society/2008-UN-Carbon-Markets-Panel-REDD/CoBenefitsCarbonMarkets_People_EnvSpringLectureSeries_CSDWCS_2008.pdf/view.html
./projects/completed-projects/translinks/translinks-2008/wildlife-conservation-society/2008-UN-Carbon-Markets-Panel-REDD/Handout_CSDPanel_WCS_2008.pdf/view.html
./projects/completed-projects/translinks/translinks-2008/wildlife-conservation-society/TurkeySportHuntingGuatemala_CaseStudy_WCS_2008.pdf/view.html
./projects/completed-projects/translinks/translinks-2008/wildlife-conservation-society/ProtectedAreaEcoScaleGovernance_FramingPaper_WCS_2008.pdf/view.html
./projects/completed-projects/translinks/translinks-2008/wildlife-conservation-society/2008-UN-Carbon-Markets-Panel-Law.html
./projects/completed-projects/translinks/translinks-2008/wildlife-conservation-society/index.html
./projects/completed-projects/translinks/translinks-2008/wildlife-conservation-society/TransLinksRuaha_Portrait_WCC_2008.pdf/view.html
./projects/completed-projects/translinks/translinks-2008/wildlife-conservation-society/2008-translinks-redd-training-lima-peru.html
./projects/completed-projects/translinks/translinks-2008/wildlife-conservation-society/2008-UN-Carbon-Markets-Panel-Law/TheRoleofLawCarbonMarkets_PeopleAndEnvSpringLectureSeries_CSDWCS_2008.pdf/view.html
./projects/completed-projects/translinks/translinks-2008/wildlife-conservation-society/2008-UN-Carbon-Markets-Panel-Law/index.html
./projects/completed-projects/translinks/translinks-2008/wildlife-conservation-society/2008-UN-Carbon-Markets-Panel-Law/Conference_FlyerRoleOfLawREDD.jpg/view.html
./projects/completed-projects/translinks/translinks-2008/wildlife-conservation-society/videos.html
./projects/completed-projects/translinks/translinks-2008/wildlife-conservation-society/TransLinksProgram_Portrai_WCC_2008.pdf/view.html
./projects/completed-projects/translinks/translinks-2008/wildlife-conservation-society/CaseStudy_TmatboeyCommunityEcotourismCambodia.pdf/view.html
./projects/completed-projects/translinks/translinks-2008/wildlife-conservation-society/CommunityEcoTourismTmatboey_CaseStudy_WCS_2008.pdf/view.html
./projects/completed-projects/translinks/translinks-2008/wildlife-conservation-society/2008-UN-Carbon-Markets-Panel-REDD.html
./projects/completed-projects/translinks/translinks-2008/wildlife-conservation-society/TransLinksSimanjiroPlains_Portrait_WCC_2008.pdf/view.html
./projects/completed-projects/translinks/translinks-2008/wildlife-conservation-society/2008-translinks-redd-training-lima-peru/CarbonProjectConceptsLULUCF_REDDWorkshop_WCS_2008.pdf/view.html
./projects/completed-projects/translinks/translinks-2008/wildlife-conservation-society/2008-translinks-redd-training-lima-peru/MakiraForestProtectedAreaProjectMadagascar_REDDWorkshop_WCS_2008.pdf/view.html
./projects/completed-projects/translinks/translinks-2008/wildlife-conservation-society/2008-translinks-redd-training-lima-peru/CarbonProjectTools_REDDWorkshop_WCS_2008.pdf/view.html
./projects/completed-projects/translinks/translinks-2008/wildlife-conservation-society/2008-translinks-redd-training-lima-peru/TypesandPatternsDeforestation_REDDWorkshop_WCS_2008.pdf/view.html
./projects/completed-projects/translinks/translinks-2008/wildlife-conservation-society/2008-translinks-redd-training-lima-peru/EmergineCompliantRegimesDonorFundingforREDD_REDDWorkshop_WCS_2008.pdf/view.html
./projects/completed-projects/translinks/translinks-2008/wildlife-conservation-society/2008-translinks-redd-training-lima-peru/GeneratingCarbonOffsetsInKarukinka_REDDWorkshop_WCS_2008.pdf/view.html
./projects/completed-projects/translinks/translinks-2008/wildlife-conservation-society/2008-translinks-redd-training-lima-peru/PlannedDeforestationProjects_REDDWorkshop_WCS_2008.pdf/view.html
./projects/completed-projects/translinks/translinks-2008/wildlife-conservation-society/2008-translinks-redd-training-lima-peru/IFM_REDDWorkshop_WCS_2008.pdf/view.html
./projects/completed-projects/translinks/translinks-2008/wildlife-conservation-society/2008-translinks-redd-training-lima-peru/index.html
./projects/completed-projects/translinks/translinks-2008/wildlife-conservation-society/2008-translinks-redd-training-lima-peru/CarbonAsSustainableFinanceOppForIndigenousTerritoryMgmt_REDDWorkshop_WCS_2008.pdf/view.html
./projects/completed-projects/translinks/translinks-2008/wildlife-conservation-society/2008-translinks-redd-training-lima-peru/FieldMonitoringLULUCF_REDDWorkshop_WCS_2008.pdf/view.html
./projects/completed-projects/translinks/translinks-2008/wildlife-conservation-society/2008-translinks-redd-training-lima-peru/BaselinesDeforestationProjects_REDDWorkshop_WCS_2008.pdf/view.html
./projects/completed-projects/translinks/translinks-2008/wildlife-conservation-society/2008-translinks-redd-training-lima-peru/DarftMethodologiesDeforestation_REDDWorkshop_WCS_2008.pdf/view.html
./projects/completed-projects/translinks/translinks-2008/wildlife-conservation-society/2008-translinks-redd-training-lima-peru/ProjectCycleUnderCDMandVCS_REDDWorkshop_WCS_2008.pdf/view.html
./projects/completed-projects/translinks/translinks-2008/wildlife-conservation-society/2008-translinks-redd-training-lima-peru/CourseOutlineTranslinksTrainingREDD_REDDWorkshop_WCS_2008.pdf/view.html
./projects/completed-projects/translinks/translinks-2008/wildlife-conservation-society/2008-translinks-redd-training-lima-peru/NestedApproach_REDDWorkshop_WCS_2008.pdf/view.html
./projects/completed-projects/translinks/translinks-2008/wildlife-conservation-society/2008-translinks-redd-training-lima-peru/ForestConCambodia_REDDWorkshop_WCS_2008.pdf/view.html
./projects/completed-projects/translinks/translinks-2008/wildlife-conservation-society/2008-translinks-redd-training-lima-peru/2008-REDD-Training-Peru.html
./projects/completed-projects/translinks/translinks-2008/wildlife-conservation-society/2008-translinks-redd-training-lima-peru/AfforestationandReforestation_REDDWorkshop_WCS_2008.pdf/view.html
./projects/completed-projects/translinks/translinks-2008/wildlife-conservation-society/2008-translinks-redd-training-lima-peru/WCSProjDevelopmentCycle_REDDWorkshop_WCS_2008.pdf/view.html
./projects/completed-projects/translinks/translinks-2008/wildlife-conservation-society/2008-translinks-redd-training-lima-peru/VoluntaryCarbonMarketTrendsOpportunities_REDDWorkshop_WCS_2008.pdf/view.html
./projects/completed-projects/translinks/translinks-2008/wildlife-conservation-society/2008-translinks-redd-training-lima-peru/CobenefitsForestCarbon_REDDWorkshop_WCS_2008.pdf/view.html
./projects/completed-projects/translinks/translinks-2008/wildlife-conservation-society/environment-and-poverty-efforts-in-kenya-to-get-the-policy-right/view.html
./projects/completed-projects/translinks/translinks-2008/wildlife-conservation-society/translinks-annual-report-for-2008/view.html
./projects/completed-projects/translinks/translinks-2008/wildlife-conservation-society/translinks-annual-report-for-2008.html
./projects/completed-projects/translinks/translinks-2008/wildlife-conservation-society/ForestCarbonFinancingMakira_CaseStudy_WCS_2008.pdf/view.html
./projects/completed-projects/translinks/translinks-2008/wildlife-conservation-society.html
./projects/completed-projects/translinks/translinks-2008/translinks-products-2008.html
./projects/completed-projects/translinks/translinks-2008/forest-trends.html
./projects/completed-projects/translinks/translinks-2008.html
./projects/completed-projects/translinks/TransLinksBrochure.pdf/view.html
./projects/completed-projects/translinks/translinks-2012.html
./projects/completed-projects/translinks/photo-gallery/a-crop-of-one-of-the-turkeys-from-Guatemala-1/view.html
./projects/completed-projects/translinks/photo-gallery/ibis-rice/view.html
./projects/completed-projects/translinks/photo-gallery/nepal-himalayan-biotrade/view.html
./projects/completed-projects/translinks/photo-gallery/a-crop-of-one-of-the-turkeys-from-guatemala-2/view.html
./projects/completed-projects/translinks/photo-gallery/east-african-elephants-at-tarangire-tanzania/view.html
./projects/completed-projects/translinks/photo-gallery/pantanal-fisherman/view.html
./projects/completed-projects/translinks/photo-gallery/index.html
./projects/completed-projects/translinks/photo-gallery/alpaca-from-ecaudor-all-things-alpaca/view.html
./projects/completed-projects/translinks/photo-gallery/brazil-katoomba-meeting/view.html
./projects/completed-projects/translinks/photo-gallery/east-african-elephants-in-tarangire-tanzania-photo-1/view.html
./projects/completed-projects/translinks/photo-gallery/women-is-comaco/view.html
./projects/completed-projects/translinks/photo-gallery/women-of-isoso-in-the-gran-chaco-bolivia/view.html
./projects/completed-projects/translinks/photo-gallery/comaco/view.html
./projects/completed-projects/translinks/photo-gallery/xingu-dancers/view.html
./projects/completed-projects/translinks/land-tenure-and-zoning.html
./projects/completed-projects/translinks/translinks-2010/land-tenure-center.html
./projects/completed-projects/translinks/translinks-2010/land-tenure-center/Presentation_TropicalLandUseChangeandSoilCarbon.pdf/view.html
./projects/completed-projects/translinks/translinks-2010/land-tenure-center/Paper_ParksAndPovertyUganda.pdf/view.html
./projects/completed-projects/translinks/translinks-2010/land-tenure-center/Paper_ImpactOfPESonDeforestationMexico.pdf/view.html
./projects/completed-projects/translinks/translinks-2010/land-tenure-center/Presentation_LandTenureinTropicalForests.pdf/view.html
./projects/completed-projects/translinks/translinks-2010/land-tenure-center/index.html
./projects/completed-projects/translinks/translinks-2010/land-tenure-center/Report_ForestGovernanceAmazon.pdf/view.html
./projects/completed-projects/translinks/translinks-2010/land-tenure-center/Paper_StrategicTradeOffsforWildLifeFriendlyEcoLabels.pdf/view.html
./projects/completed-projects/translinks/translinks-2010/land-tenure-center/Paper_MonitoringandEnforcingPESPrograms.pdf/view.html
./projects/completed-projects/translinks/translinks-2010/land-tenure-center/Paper_TenureConceptsandTerms.pdf/view.html
./projects/completed-projects/translinks/translinks-2010/land-tenure-center/Report_SecurityinLandTenure_Spanish.pdf/view.html
./projects/completed-projects/translinks/translinks-2010/land-tenure-center/Paper_SlippageIncentivebasedConservation.pdf/view.html
./projects/completed-projects/translinks/translinks-2010/land-tenure-center/Report_ParticipatoryPlanningofHWCInterventions.pdf/view.html
./projects/completed-projects/translinks/translinks-2010/land-tenure-center/Paper_TropicalLandUseandSoilCarbon.pdf/view.html
./projects/completed-projects/translinks/translinks-2010/land-tenure-center/Paper_CredibleConservation.pdf/view.html
./projects/completed-projects/translinks/translinks-2010/land-tenure-center/Report_CommunityEngagementTrainingEcuador.pdf/view.html
./projects/completed-projects/translinks/translinks-2010/land-tenure-center/Presentation_ForestConservationandSlippageMexico.pdf/view.html
./projects/completed-projects/translinks/translinks-2010/land-tenure-center/Paper_SoilCarbonAndLandUseInTropics.pdf/view.html
./projects/completed-projects/translinks/translinks-2010/land-tenure-center/Paper_LandTitlingCost.pdf/view.html
./projects/completed-projects/translinks/translinks-2010/land-tenure-center/Report_LandTenureandDeforestationUpdate.pdf/view.html
./projects/completed-projects/translinks/translinks-2010/land-tenure-center/Product_BearCalendar.pdf/view.html
./projects/completed-projects/translinks/translinks-2010/EarthInstitute/2010-E3B-PES-Seminar-Fall-USA.html
./projects/completed-projects/translinks/translinks-2010/EarthInstitute/Manual_ESPrimer.pdf/view.html
./projects/completed-projects/translinks/translinks-2010/EarthInstitute/Presentation_VisualizingNutrientFlows.pdf/view.html
./projects/completed-projects/translinks/translinks-2010/EarthInstitute/2010-E3B-PES-Seminar-Fall-USA/2010-E3B-PES-Seminar-Fall-USA.html
./projects/completed-projects/translinks/translinks-2010/EarthInstitute/2010-E3B-PES-Seminar-Fall-USA/Presentation_Lecture10EcologicalFoundationsofPES.pdf/view.html
./projects/completed-projects/translinks/translinks-2010/EarthInstitute/2010-E3B-PES-Seminar-Fall-USA/Presentation_Lecture2ESandPES.pdf/view.html
./projects/completed-projects/translinks/translinks-2010/EarthInstitute/2010-E3B-PES-Seminar-Fall-USA/Presentation_Lecture1bPESBackground.pdf.html
./projects/completed-projects/translinks/translinks-2010/EarthInstitute/2010-E3B-PES-Seminar-Fall-USA/index.html
./projects/completed-projects/translinks/translinks-2010/EarthInstitute/2010-E3B-PES-Seminar-Fall-USA/Presentation_Lecture2ESandPES.pdf.html
./projects/completed-projects/translinks/translinks-2010/EarthInstitute/2010-E3B-PES-Seminar-Fall-USA/Presentation_Lecture8PreliminaryResults.pdf/view.html
./projects/completed-projects/translinks/translinks-2010/EarthInstitute/2010-E3B-PES-Seminar-Fall-USA/Presentation_Lecture9PESBiodiversity.pdf.html
./projects/completed-projects/translinks/translinks-2010/EarthInstitute/2010-E3B-PES-Seminar-Fall-USA/Presentation_Lecture1bPESBackground.pdf/view.html
./projects/completed-projects/translinks/translinks-2010/EarthInstitute/2010-E3B-PES-Seminar-Fall-USA/Presentation_Lecture10EcologicalFoundationsofPES.pdf.html
./projects/completed-projects/translinks/translinks-2010/EarthInstitute/2010-E3B-PES-Seminar-Fall-USA/Presentation_Lecture8PreliminaryResults.pdf.html
./projects/completed-projects/translinks/translinks-2010/EarthInstitute/2010-E3B-PES-Seminar-Fall-USA/Syllabus_PESSeminarFall2010.pdf/view.html
./projects/completed-projects/translinks/translinks-2010/EarthInstitute/2010-E3B-PES-Seminar-Fall-USA/Presentation_Lecture1aESandPESatWCS.pdf/view.html
./projects/completed-projects/translinks/translinks-2010/EarthInstitute/2010-E3B-PES-Seminar-Fall-USA/Presentation_Lecture9PESBiodiversity.pdf/view.html
./projects/completed-projects/translinks/translinks-2010/EarthInstitute/2010-E3B-PES-Seminar-Fall-USA/Presentation_Lecture1aESandPESatWCS.pdf.html
./projects/completed-projects/translinks/translinks-2010/EarthInstitute/index.html
./projects/completed-projects/translinks/translinks-2010/EarthInstitute/Presentation_BiologicalDiversityandClimateChange.pdf/view.html
./projects/completed-projects/translinks/translinks-2010/EarthInstitute/MDG7SideEvent/Paper_MDG7PolicyBrief.pdf/view.html
./projects/completed-projects/translinks/translinks-2010/EarthInstitute/MDG7SideEvent/index.html
./projects/completed-projects/translinks/translinks-2010/EarthInstitute/MDG7SideEvent/Presentation_WhatMakesThisPicturePossible.pdf/view.html
./projects/completed-projects/translinks/translinks-2010/EarthInstitute/MDG7SideEvent/Conference_MDG7SideEventAgenda.pdf/view.html
./projects/completed-projects/translinks/translinks-2010/EarthInstitute/MDG7SideEvent.html
./projects/completed-projects/translinks/translinks-2010/EarthInstitute/Paper_ESFor2020.pdf/view.html
./projects/completed-projects/translinks/translinks-2010/enterpriseworks-vita-relief-international.html
./projects/completed-projects/translinks/translinks-2010/forest-trends/Manual_MarinePESPrimer_Spanish.pdf/view.html
./projects/completed-projects/translinks/translinks-2010/forest-trends/manual-for-social-impact-assessment-of-land-based-carbon-projects-part-i-core-guidance-for-project-proponents.html
./projects/completed-projects/translinks/translinks-2010/forest-trends/manual-for-social-impact-assessment-of-land-based-carbon-projects-part-ii-toolbox-of-methods-and-support-materials/view.html
./projects/completed-projects/translinks/translinks-2010/forest-trends/2010-southeast-asia-katoomba-meeting-xvii-hanoi-vietnam/Presentation_LinkagesBetweenESBuyersandSellers.pdf/view.html
./projects/completed-projects/translinks/translinks-2010/forest-trends/2010-southeast-asia-katoomba-meeting-xvii-hanoi-vietnam/Presentation_PublicPrivateInvestmentPartnerships.mp3.html
./projects/completed-projects/translinks/translinks-2010/forest-trends/2010-southeast-asia-katoomba-meeting-xvii-hanoi-vietnam/Presentation_REDDPilotProjectsinVietnam.pdf.html
./projects/completed-projects/translinks/translinks-2010/forest-trends/2010-southeast-asia-katoomba-meeting-xvii-hanoi-vietnam/Presentation_ChainsawMillingandFLEGTandREDD.mp3/view.html
./projects/completed-projects/translinks/translinks-2010/forest-trends/2010-southeast-asia-katoomba-meeting-xvii-hanoi-vietnam/Presentation_BiodiversityOffsetMarketAustralia.mp3/view.html
./projects/completed-projects/translinks/translinks-2010/forest-trends/2010-southeast-asia-katoomba-meeting-xvii-hanoi-vietnam/Presentation_DesigningREDDBottomUp.pdf/view.html
./projects/completed-projects/translinks/translinks-2010/forest-trends/2010-southeast-asia-katoomba-meeting-xvii-hanoi-vietnam/Presentation_BiodiversityOffsetMarketAustralia.pdf/view.html
./projects/completed-projects/translinks/translinks-2010/forest-trends/2010-southeast-asia-katoomba-meeting-xvii-hanoi-vietnam/Presentation_REDDandBiodiversityConservation.pdf/view.html
./projects/completed-projects/translinks/translinks-2010/forest-trends/2010-southeast-asia-katoomba-meeting-xvii-hanoi-vietnam/Presentation_SeeingMangrovesforTrees.pdf/view.html
./projects/completed-projects/translinks/translinks-2010/forest-trends/2010-southeast-asia-katoomba-meeting-xvii-hanoi-vietnam/Presentation_ChinaEcoCompensationPolicy.pdf.html
./projects/completed-projects/translinks/translinks-2010/forest-trends/2010-southeast-asia-katoomba-meeting-xvii-hanoi-vietnam/Presentation_BiodiversityOffsetsandProtectedAreas.pdf/view.html
./projects/completed-projects/translinks/translinks-2010/forest-trends/2010-southeast-asia-katoomba-meeting-xvii-hanoi-vietnam/Presentation_BundlingandStacking.pdf.html
./projects/completed-projects/translinks/translinks-2010/forest-trends/2010-southeast-asia-katoomba-meeting-xvii-hanoi-vietnam/Presentation_CoastalCommunityLivelihoods.pdf.html
./projects/completed-projects/translinks/translinks-2010/forest-trends/2010-southeast-asia-katoomba-meeting-xvii-hanoi-vietnam/Presentation_ProtectingMarineandCoastalES.pdf.html
./projects/completed-projects/translinks/translinks-2010/forest-trends/2010-southeast-asia-katoomba-meeting-xvii-hanoi-vietnam/Presentation_NRMSocTrangProvince.pdf.html
./projects/completed-projects/translinks/translinks-2010/forest-trends/2010-southeast-asia-katoomba-meeting-xvii-hanoi-vietnam/Presentation_PNGREDDStrategy.pdf.html
./projects/completed-projects/translinks/translinks-2010/forest-trends/2010-southeast-asia-katoomba-meeting-xvii-hanoi-vietnam/Presentation_PaymentsforCarbonSequestrationVietnam.mp3.html
./projects/completed-projects/translinks/translinks-2010/forest-trends/2010-southeast-asia-katoomba-meeting-xvii-hanoi-vietnam/Presentation_PESABirdsEyeView.pdf/view.html
./projects/completed-projects/translinks/translinks-2010/forest-trends/2010-southeast-asia-katoomba-meeting-xvii-hanoi-vietnam/Presentation_ChainsawMillingandFLEGTandREDD.pdf/view.html
./projects/completed-projects/translinks/translinks-2010/forest-trends/2010-southeast-asia-katoomba-meeting-xvii-hanoi-vietnam/Presentation_UluMasenAvoidedDeforestationIndonesia.pdf.html
./projects/completed-projects/translinks/translinks-2010/forest-trends/2010-southeast-asia-katoomba-meeting-xvii-hanoi-vietnam/Presentation_ChinaEcoCompensationPolicy.mp3/view.html
./projects/completed-projects/translinks/translinks-2010/forest-trends/2010-southeast-asia-katoomba-meeting-xvii-hanoi-vietnam/Presentation_BiodiversityOffsetMarketAustralia.pdf.html
./projects/completed-projects/translinks/translinks-2010/forest-trends/2010-southeast-asia-katoomba-meeting-xvii-hanoi-vietnam/Presentation_REDDBenefitSharingSystemsVietnam.pdf.html
./projects/completed-projects/translinks/translinks-2010/forest-trends/2010-southeast-asia-katoomba-meeting-xvii-hanoi-vietnam/Presentation_REDDBenefitSharingSystemsVietnam.pdf/view.html
./projects/completed-projects/translinks/translinks-2010/forest-trends/2010-southeast-asia-katoomba-meeting-xvii-hanoi-vietnam/Conference_AgendaKatoombaXVIIVietnam.pdf/view.html
./projects/completed-projects/translinks/translinks-2010/forest-trends/2010-southeast-asia-katoomba-meeting-xvii-hanoi-vietnam/Presentation_PNGREDDStrategy.pdf/view.html
./projects/completed-projects/translinks/translinks-2010/forest-trends/2010-southeast-asia-katoomba-meeting-xvii-hanoi-vietnam/Presentation_BiodiversityOffsetsandProtectedAreas.pdf.html
./projects/completed-projects/translinks/translinks-2010/forest-trends/2010-southeast-asia-katoomba-meeting-xvii-hanoi-vietnam/Presentation_StateofEmergingEnvironmentalMarkets.pdf.html
./projects/completed-projects/translinks/translinks-2010/forest-trends/2010-southeast-asia-katoomba-meeting-xvii-hanoi-vietnam/Presentation_ProtectingMarineandCoastalES.pdf/view.html
./projects/completed-projects/translinks/translinks-2010/forest-trends/2010-southeast-asia-katoomba-meeting-xvii-hanoi-vietnam/Presentation_ForestCarbonLeakageREDD.pdf.html
./projects/completed-projects/translinks/translinks-2010/forest-trends/2010-southeast-asia-katoomba-meeting-xvii-hanoi-vietnam/Presentation_ContributionstoPESVietnam.pdf.html
./projects/completed-projects/translinks/translinks-2010/forest-trends/2010-southeast-asia-katoomba-meeting-xvii-hanoi-vietnam/Presentation_PracticesofPESinMiyunWatershed.pdf/view.html
./projects/completed-projects/translinks/translinks-2010/forest-trends/2010-southeast-asia-katoomba-meeting-xvii-hanoi-vietnam/index.html
./projects/completed-projects/translinks/translinks-2010/forest-trends/2010-southeast-asia-katoomba-meeting-xvii-hanoi-vietnam/Presentation_ContributionstoPESVietnam.pdf/view.html
./projects/completed-projects/translinks/translinks-2010/forest-trends/2010-southeast-asia-katoomba-meeting-xvii-hanoi-vietnam/Presentation_BundlingandStacking.mp3/view.html
./projects/completed-projects/translinks/translinks-2010/forest-trends/2010-southeast-asia-katoomba-meeting-xvii-hanoi-vietnam/Presentation_VCSandREDDProjects.pdf/view.html
./projects/completed-projects/translinks/translinks-2010/forest-trends/2010-southeast-asia-katoomba-meeting-xvii-hanoi-vietnam/Presentation_PESABirdsEyeView.pdf.html
./projects/completed-projects/translinks/translinks-2010/forest-trends/2010-southeast-asia-katoomba-meeting-xvii-hanoi-vietnam/Presentation_BundlingandStacking.pdf/view.html
./projects/completed-projects/translinks/translinks-2010/forest-trends/2010-southeast-asia-katoomba-meeting-xvii-hanoi-vietnam/Presentation_REDDImplementationSEAsia.pdf.html
./projects/completed-projects/translinks/translinks-2010/forest-trends/2010-southeast-asia-katoomba-meeting-xvii-hanoi-vietnam/Presentation_NationalProgramsonClimateChange.pdf.html
./projects/completed-projects/translinks/translinks-2010/forest-trends/2010-southeast-asia-katoomba-meeting-xvii-hanoi-vietnam/Presentation_BiodiversityOffsetsandProtectedAreas.mp3/view.html
./projects/completed-projects/translinks/translinks-2010/forest-trends/2010-southeast-asia-katoomba-meeting-xvii-hanoi-vietnam/Presentation_PaymentsforForestESVietnam.pdf.html
./projects/completed-projects/translinks/translinks-2010/forest-trends/2010-southeast-asia-katoomba-meeting-xvii-hanoi-vietnam/Presentation_REDDandBiodiversityConservation.pdf.html
./projects/completed-projects/translinks/translinks-2010/forest-trends/2010-southeast-asia-katoomba-meeting-xvii-hanoi-vietnam/Presentation_UNREDDProgrammeAsiaPacific.pdf/view.html
./projects/completed-projects/translinks/translinks-2010/forest-trends/2010-southeast-asia-katoomba-meeting-xvii-hanoi-vietnam/Presentation_VillagesandREDDPNG.mp3/view.html
./projects/completed-projects/translinks/translinks-2010/forest-trends/2010-southeast-asia-katoomba-meeting-xvii-hanoi-vietnam/Presentation_REDDImplementationSEAsia.pdf/view.html
./projects/completed-projects/translinks/translinks-2010/forest-trends/2010-southeast-asia-katoomba-meeting-xvii-hanoi-vietnam/Presentation_PaymentsforCarbonSequestrationVietnam.mp3/view.html
./projects/completed-projects/translinks/translinks-2010/forest-trends/2010-southeast-asia-katoomba-meeting-xvii-hanoi-vietnam/Presentation_CoastalCommunityLivelihoods.mp3/view.html
./projects/completed-projects/translinks/translinks-2010/forest-trends/2010-southeast-asia-katoomba-meeting-xvii-hanoi-vietnam/Presentation_MarineConservationAgreements.pdf/view.html
./projects/completed-projects/translinks/translinks-2010/forest-trends/2010-southeast-asia-katoomba-meeting-xvii-hanoi-vietnam/Presentation_CoastalCommunityLivelihoods.pdf/view.html
./projects/completed-projects/translinks/translinks-2010/forest-trends/2010-southeast-asia-katoomba-meeting-xvii-hanoi-vietnam/Presentation_LinkagesBetweenESBuyersandSellers.pdf.html
./projects/completed-projects/translinks/translinks-2010/forest-trends/2010-southeast-asia-katoomba-meeting-xvii-hanoi-vietnam/Presentation_DesigningREDDBottomUp.mp3/view.html
./projects/completed-projects/translinks/translinks-2010/forest-trends/2010-southeast-asia-katoomba-meeting-xvii-hanoi-vietnam/Presentation_ChinaEcoCompensationPolicy.pdf/view.html
./projects/completed-projects/translinks/translinks-2010/forest-trends/2010-southeast-asia-katoomba-meeting-xvii-hanoi-vietnam/Presentation_ForestCarbonLeakageREDD.pdf/view.html
./projects/completed-projects/translinks/translinks-2010/forest-trends/2010-southeast-asia-katoomba-meeting-xvii-hanoi-vietnam/2010-Katoomba-Meeting-XVII-Vietnam.html
./projects/completed-projects/translinks/translinks-2010/forest-trends/2010-southeast-asia-katoomba-meeting-xvii-hanoi-vietnam/Presentation_WatershedEcoCompensationChina.pdf.html
./projects/completed-projects/translinks/translinks-2010/forest-trends/2010-southeast-asia-katoomba-meeting-xvii-hanoi-vietnam/Presentation_REDDPilotProjectsinVietnam.pdf/view.html
./projects/completed-projects/translinks/translinks-2010/forest-trends/2010-southeast-asia-katoomba-meeting-xvii-hanoi-vietnam/Presentation_WatershedEcoCompensationChina.pdf/view.html
./projects/completed-projects/translinks/translinks-2010/forest-trends/2010-southeast-asia-katoomba-meeting-xvii-hanoi-vietnam/Presentation_NRMSocTrangProvince.pdf/view.html
./projects/completed-projects/translinks/translinks-2010/forest-trends/2010-southeast-asia-katoomba-meeting-xvii-hanoi-vietnam/Presentation_SeeingMangrovesforTrees.pdf.html
./projects/completed-projects/translinks/translinks-2010/forest-trends/2010-southeast-asia-katoomba-meeting-xvii-hanoi-vietnam/Presentation_MarketApproachestoWatershedQuality.pdf.html
./projects/completed-projects/translinks/translinks-2010/forest-trends/2010-southeast-asia-katoomba-meeting-xvii-hanoi-vietnam/Presentation_OddarMeancheyREDDProject.pdf.html
./projects/completed-projects/translinks/translinks-2010/forest-trends/2010-southeast-asia-katoomba-meeting-xvii-hanoi-vietnam/Presentation_MarketApproachestoWatershedQuality.pdf/view.html
./projects/completed-projects/translinks/translinks-2010/forest-trends/2010-southeast-asia-katoomba-meeting-xvii-hanoi-vietnam/Presentation_UluMasenAvoidedDeforestationIndonesia.pdf/view.html
./projects/completed-projects/translinks/translinks-2010/forest-trends/2010-southeast-asia-katoomba-meeting-xvii-hanoi-vietnam/Presentation_REDDImplementationinVietnam.pdf.html
./projects/completed-projects/translinks/translinks-2010/forest-trends/2010-southeast-asia-katoomba-meeting-xvii-hanoi-vietnam/Presentation_PracticesofPESinMiyunWatershed.pdf.html
./projects/completed-projects/translinks/translinks-2010/forest-trends/2010-southeast-asia-katoomba-meeting-xvii-hanoi-vietnam/Conference_ParticipantsKatoombaXVIIVietnam.pdf/view.html
./projects/completed-projects/translinks/translinks-2010/forest-trends/2010-southeast-asia-katoomba-meeting-xvii-hanoi-vietnam/KatoombaXVIIVietnamMangroveCarbon/Presentation_REDDPilotProjectsinVietnam.pdf.html
./projects/completed-projects/translinks/translinks-2010/forest-trends/2010-southeast-asia-katoomba-meeting-xvii-hanoi-vietnam/KatoombaXVIIVietnamMangroveCarbon/Presentation_ChinaEcoCompensationPolicy.pdf.html
./projects/completed-projects/translinks/translinks-2010/forest-trends/2010-southeast-asia-katoomba-meeting-xvii-hanoi-vietnam/KatoombaXVIIVietnamMangroveCarbon/Presentation_BundlingandStacking.pdf.html
./projects/completed-projects/translinks/translinks-2010/forest-trends/2010-southeast-asia-katoomba-meeting-xvii-hanoi-vietnam/KatoombaXVIIVietnamMangroveCarbon/Presentation_CoastalCommunityLivelihoods.pdf.html
./projects/completed-projects/translinks/translinks-2010/forest-trends/2010-southeast-asia-katoomba-meeting-xvii-hanoi-vietnam/KatoombaXVIIVietnamMangroveCarbon/Presentation_ProtectingMarineandCoastalES.pdf.html
./projects/completed-projects/translinks/translinks-2010/forest-trends/2010-southeast-asia-katoomba-meeting-xvii-hanoi-vietnam/KatoombaXVIIVietnamMangroveCarbon/Presentation_NRMSocTrangProvince.pdf.html
./projects/completed-projects/translinks/translinks-2010/forest-trends/2010-southeast-asia-katoomba-meeting-xvii-hanoi-vietnam/KatoombaXVIIVietnamMangroveCarbon/Presentation_PNGREDDStrategy.pdf.html
./projects/completed-projects/translinks/translinks-2010/forest-trends/2010-southeast-asia-katoomba-meeting-xvii-hanoi-vietnam/KatoombaXVIIVietnamMangroveCarbon/Presentation_UluMasenAvoidedDeforestationIndonesia.pdf.html
./projects/completed-projects/translinks/translinks-2010/forest-trends/2010-southeast-asia-katoomba-meeting-xvii-hanoi-vietnam/KatoombaXVIIVietnamMangroveCarbon/Presentation_BiodiversityOffsetMarketAustralia.pdf.html
./projects/completed-projects/translinks/translinks-2010/forest-trends/2010-southeast-asia-katoomba-meeting-xvii-hanoi-vietnam/KatoombaXVIIVietnamMangroveCarbon/Presentation_REDDBenefitSharingSystemsVietnam.pdf.html
./projects/completed-projects/translinks/translinks-2010/forest-trends/2010-southeast-asia-katoomba-meeting-xvii-hanoi-vietnam/KatoombaXVIIVietnamMangroveCarbon/Presentation_BiodiversityOffsetsandProtectedAreas.pdf.html
./projects/completed-projects/translinks/translinks-2010/forest-trends/2010-southeast-asia-katoomba-meeting-xvii-hanoi-vietnam/KatoombaXVIIVietnamMangroveCarbon/Presentation_StateofEmergingEnvironmentalMarkets.pdf.html
./projects/completed-projects/translinks/translinks-2010/forest-trends/2010-southeast-asia-katoomba-meeting-xvii-hanoi-vietnam/KatoombaXVIIVietnamMangroveCarbon/Presentation_ForestCarbonLeakageREDD.pdf.html
./projects/completed-projects/translinks/translinks-2010/forest-trends/2010-southeast-asia-katoomba-meeting-xvii-hanoi-vietnam/KatoombaXVIIVietnamMangroveCarbon/Presentation_ContributionstoPESVietnam.pdf.html
./projects/completed-projects/translinks/translinks-2010/forest-trends/2010-southeast-asia-katoomba-meeting-xvii-hanoi-vietnam/KatoombaXVIIVietnamMangroveCarbon/index.html
./projects/completed-projects/translinks/translinks-2010/forest-trends/2010-southeast-asia-katoomba-meeting-xvii-hanoi-vietnam/KatoombaXVIIVietnamMangroveCarbon/Presentation_PESABirdsEyeView.pdf.html
./projects/completed-projects/translinks/translinks-2010/forest-trends/2010-southeast-asia-katoomba-meeting-xvii-hanoi-vietnam/KatoombaXVIIVietnamMangroveCarbon/Presentation_REDDImplementationSEAsia.pdf.html
./projects/completed-projects/translinks/translinks-2010/forest-trends/2010-southeast-asia-katoomba-meeting-xvii-hanoi-vietnam/KatoombaXVIIVietnamMangroveCarbon/Presentation_NationalProgramsonClimateChange.pdf.html
./projects/completed-projects/translinks/translinks-2010/forest-trends/2010-southeast-asia-katoomba-meeting-xvii-hanoi-vietnam/KatoombaXVIIVietnamMangroveCarbon/Presentation_PaymentsforForestESVietnam.pdf.html
./projects/completed-projects/translinks/translinks-2010/forest-trends/2010-southeast-asia-katoomba-meeting-xvii-hanoi-vietnam/KatoombaXVIIVietnamMangroveCarbon/Presentation_REDDandBiodiversityConservation.pdf.html
./projects/completed-projects/translinks/translinks-2010/forest-trends/2010-southeast-asia-katoomba-meeting-xvii-hanoi-vietnam/KatoombaXVIIVietnamMangroveCarbon/Presentation_LinkagesBetweenESBuyersandSellers.pdf.html
./projects/completed-projects/translinks/translinks-2010/forest-trends/2010-southeast-asia-katoomba-meeting-xvii-hanoi-vietnam/KatoombaXVIIVietnamMangroveCarbon/Presentation_WatershedEcoCompensationChina.pdf.html
./projects/completed-projects/translinks/translinks-2010/forest-trends/2010-southeast-asia-katoomba-meeting-xvii-hanoi-vietnam/KatoombaXVIIVietnamMangroveCarbon/Presentation_DesigningREDDBottomUp.pdf.html
./projects/completed-projects/translinks/translinks-2010/forest-trends/2010-southeast-asia-katoomba-meeting-xvii-hanoi-vietnam/KatoombaXVIIVietnamMangroveCarbon/Presentation_SeeingMangrovesforTrees.pdf.html
./projects/completed-projects/translinks/translinks-2010/forest-trends/2010-southeast-asia-katoomba-meeting-xvii-hanoi-vietnam/KatoombaXVIIVietnamMangroveCarbon/Presentation_MarketApproachestoWatershedQuality.pdf.html
./projects/completed-projects/translinks/translinks-2010/forest-trends/2010-southeast-asia-katoomba-meeting-xvii-hanoi-vietnam/KatoombaXVIIVietnamMangroveCarbon/Presentation_OddarMeancheyREDDProject.pdf.html
./projects/completed-projects/translinks/translinks-2010/forest-trends/2010-southeast-asia-katoomba-meeting-xvii-hanoi-vietnam/KatoombaXVIIVietnamMangroveCarbon/Presentation_REDDImplementationinVietnam.pdf.html
./projects/completed-projects/translinks/translinks-2010/forest-trends/2010-southeast-asia-katoomba-meeting-xvii-hanoi-vietnam/KatoombaXVIIVietnamMangroveCarbon/Conference_ParticipantsKatoombaXVIIVietnamMangroveCarbon.pdf/view.html
./projects/completed-projects/translinks/translinks-2010/forest-trends/2010-southeast-asia-katoomba-meeting-xvii-hanoi-vietnam/KatoombaXVIIVietnamMangroveCarbon/Presentation_PracticesofPESinMiyunWatershed.pdf.html
./projects/completed-projects/translinks/translinks-2010/forest-trends/2010-southeast-asia-katoomba-meeting-xvii-hanoi-vietnam/KatoombaXVIIVietnamMangroveCarbon/KatoombaXVIIVietnamMangroveCarbon/sample-html-agenda-translinks.html
./projects/completed-projects/translinks/translinks-2010/forest-trends/2010-southeast-asia-katoomba-meeting-xvii-hanoi-vietnam/KatoombaXVIIVietnamMangroveCarbon/Conference_SummaryKatoombaVIIVietnamMangroveCarbon.pdf/view.html
./projects/completed-projects/translinks/translinks-2010/forest-trends/2010-southeast-asia-katoomba-meeting-xvii-hanoi-vietnam/KatoombaXVIIVietnamMangroveCarbon/Presentation_PaymentsforCarbonSequestrationVietnam.pdf.html
./projects/completed-projects/translinks/translinks-2010/forest-trends/2010-southeast-asia-katoomba-meeting-xvii-hanoi-vietnam/KatoombaXVIIVietnamMangroveCarbon/Presentation_UNREDDProgrammeAsiaPacific.pdf.html
./projects/completed-projects/translinks/translinks-2010/forest-trends/2010-southeast-asia-katoomba-meeting-xvii-hanoi-vietnam/KatoombaXVIIVietnamMangroveCarbon/2010-Katoomba-Meeting-XVII-Vietnam-Side-Event.html
./projects/completed-projects/translinks/translinks-2010/forest-trends/2010-southeast-asia-katoomba-meeting-xvii-hanoi-vietnam/KatoombaXVIIVietnamMangroveCarbon/Presentation_VCSandREDDProjects.pdf.html
./projects/completed-projects/translinks/translinks-2010/forest-trends/2010-southeast-asia-katoomba-meeting-xvii-hanoi-vietnam/KatoombaXVIIVietnamMangroveCarbon/Presentation_VillagesandREDDPNG.pdf.html
./projects/completed-projects/translinks/translinks-2010/forest-trends/2010-southeast-asia-katoomba-meeting-xvii-hanoi-vietnam/KatoombaXVIIVietnamMangroveCarbon/Presentation_ChainsawMillingandFLEGTandREDD.pdf.html
./projects/completed-projects/translinks/translinks-2010/forest-trends/2010-southeast-asia-katoomba-meeting-xvii-hanoi-vietnam/KatoombaXVIIVietnamMangroveCarbon/Presentation_MarineConservationAgreements.pdf.html
./projects/completed-projects/translinks/translinks-2010/forest-trends/2010-southeast-asia-katoomba-meeting-xvii-hanoi-vietnam/KatoombaXVIIVietnamMangroveCarbon/sample-html-agenda-translinks.html
./projects/completed-projects/translinks/translinks-2010/forest-trends/2010-southeast-asia-katoomba-meeting-xvii-hanoi-vietnam/KatoombaXVIIVietnamMangroveCarbon.html
./projects/completed-projects/translinks/translinks-2010/forest-trends/2010-southeast-asia-katoomba-meeting-xvii-hanoi-vietnam/Presentation_PaymentsforCarbonSequestrationVietnam.pdf.html
./projects/completed-projects/translinks/translinks-2010/forest-trends/2010-southeast-asia-katoomba-meeting-xvii-hanoi-vietnam/Presentation_UNREDDProgrammeAsiaPacific.pdf.html
./projects/completed-projects/translinks/translinks-2010/forest-trends/2010-southeast-asia-katoomba-meeting-xvii-hanoi-vietnam/Presentation_PaymentsforCarbonSequestrationVietnam.pdf/view.html
./projects/completed-projects/translinks/translinks-2010/forest-trends/2010-southeast-asia-katoomba-meeting-xvii-hanoi-vietnam/Presentation_NationalProgramsonClimateChange.mp3/view.html
./projects/completed-projects/translinks/translinks-2010/forest-trends/2010-southeast-asia-katoomba-meeting-xvii-hanoi-vietnam/Presentation_VCSandREDDProjects.pdf.html
./projects/completed-projects/translinks/translinks-2010/forest-trends/2010-southeast-asia-katoomba-meeting-xvii-hanoi-vietnam/Presentation_VillagesandREDDPNG.pdf/view.html
./projects/completed-projects/translinks/translinks-2010/forest-trends/2010-southeast-asia-katoomba-meeting-xvii-hanoi-vietnam/Presentation_VillagesandREDDPNG.pdf.html
./projects/completed-projects/translinks/translinks-2010/forest-trends/2010-southeast-asia-katoomba-meeting-xvii-hanoi-vietnam/Presentation_PublicPrivateInvestmentPartnerships.mp3/view.html
./projects/completed-projects/translinks/translinks-2010/forest-trends/2010-southeast-asia-katoomba-meeting-xvii-hanoi-vietnam/Presentation_REDDImplementationinVietnam.pdf/view.html
./projects/completed-projects/translinks/translinks-2010/forest-trends/2010-southeast-asia-katoomba-meeting-xvii-hanoi-vietnam/Presentation_OddarMeancheyREDDProject.pdf/view.html
./projects/completed-projects/translinks/translinks-2010/forest-trends/2010-southeast-asia-katoomba-meeting-xvii-hanoi-vietnam/Presentation_ChainsawMillingandFLEGTandREDD.pdf.html
./projects/completed-projects/translinks/translinks-2010/forest-trends/2010-southeast-asia-katoomba-meeting-xvii-hanoi-vietnam/Presentation_NationalProgramsonClimateChange.pdf/view.html
./projects/completed-projects/translinks/translinks-2010/forest-trends/2010-southeast-asia-katoomba-meeting-xvii-hanoi-vietnam/Presentation_NationalProgramsonClimateChange.mp3.html
./projects/completed-projects/translinks/translinks-2010/forest-trends/2010-southeast-asia-katoomba-meeting-xvii-hanoi-vietnam/Conference_SummaryKatombaXVIIVietnam.pdf/view.html
./projects/completed-projects/translinks/translinks-2010/forest-trends/2010-southeast-asia-katoomba-meeting-xvii-hanoi-vietnam/Presentation_MarineConservationAgreements.pdf.html
./projects/completed-projects/translinks/translinks-2010/forest-trends/2010-southeast-asia-katoomba-meeting-xvii-hanoi-vietnam/Presentation_PaymentsforForestESVietnam.pdf/view.html
./projects/completed-projects/translinks/translinks-2010/forest-trends/2010-southeast-asia-katoomba-meeting-xvii-hanoi-vietnam/Presentation_StateofEmergingEnvironmentalMarkets.pdf/view.html
./projects/completed-projects/translinks/translinks-2010/forest-trends/2010-southeast-asia-katoomba-meeting-xvii-hanoi-vietnam/sample-html-agenda-translinks.html
./projects/completed-projects/translinks/translinks-2010/forest-trends/state-of-watershed-payments-an-emerging-marketplace/view.html
./projects/completed-projects/translinks/translinks-2010/forest-trends/manual-for-social-impact-assessment-of-land-based-carbon-projects-part-ii-toolbox-of-methods-and-support-materials.html
./projects/completed-projects/translinks/translinks-2010/forest-trends/Report_StateoftheVoluntaryCarbonMarkets2010.pdf/view.html
./projects/completed-projects/translinks/translinks-2010/forest-trends/Paper_LegalFrameworksforREDD.pdf/view.html
./projects/completed-projects/translinks/translinks-2010/forest-trends/Paper_PESLegalandInstitutionalFrameworks.pdf/view.html
./projects/completed-projects/translinks/translinks-2010/forest-trends/Report_REDDOpportunitiesScopingExerciseGhana.pdf/view.html
./projects/completed-projects/translinks/translinks-2010/forest-trends/Report_LegalandPolicyFrameworkforForestCarbonGhana.pdf/view.html
./projects/completed-projects/translinks/translinks-2010/forest-trends/2010-southeast-asia-katoomba-meeting-xvii-hanoi-vietnam.html
./projects/completed-projects/translinks/translinks-2010/forest-trends/index.html
./projects/completed-projects/translinks/translinks-2010/forest-trends/Manual_SIAofLandbasedCarbonProjects_2.pdf/view.html
./projects/completed-projects/translinks/translinks-2010/forest-trends/Report_REDDOpportunitiesScopingExercises.pdf/view.html
./projects/completed-projects/translinks/translinks-2010/forest-trends/2010-Katoomba-Meeting-XVI-Marine.html
./projects/completed-projects/translinks/translinks-2010/forest-trends/Manual_BeyondBordersPESandREDDASEAN.pdf/view.html
./projects/completed-projects/translinks/translinks-2010/forest-trends/2010-pes-redd-course-peru.html
./projects/completed-projects/translinks/translinks-2010/forest-trends/Report_StateofBiodiversityMarkets.pdf/view.html
./projects/completed-projects/translinks/translinks-2010/forest-trends/Report_TransLinksProgrammaticReportFY10.pdf/view.html
./projects/completed-projects/translinks/translinks-2010/forest-trends/brazil-surui-carbon-fund-english-and-portuguese.html
./projects/completed-projects/translinks/translinks-2010/forest-trends/manual-for-social-impact-assessment-of-land-based-carbon-projects-part-i-core-guidance-for-project-proponents/view.html
./projects/completed-projects/translinks/translinks-2010/forest-trends/Manual_LearningAboutPES_Spanish.pdf/view.html
./projects/completed-projects/translinks/translinks-2010/forest-trends/2010-pes-redd-course-peru/Presentation_ClimateChangeandForests_P2_Spanish.pdf.html
./projects/completed-projects/translinks/translinks-2010/forest-trends/2010-pes-redd-course-peru/Presentation_ClimateChangeandForests_P1_Spanish.pdf/view.html
./projects/completed-projects/translinks/translinks-2010/forest-trends/2010-pes-redd-course-peru/Presentation_PESandtheDesignofMechanisms_P1_Spanish.pdf.html
./projects/completed-projects/translinks/translinks-2010/forest-trends/2010-pes-redd-course-peru/Presentation_TechnicalSkillsforMapsandCharts_Spanish.pdf.html
./projects/completed-projects/translinks/translinks-2010/forest-trends/2010-pes-redd-course-peru/agenda-for-payments-for-ecosystem-services-and-redd-for-community-leaders-course-puerto-maldonado-madre-de-dios-peru-spanish.html
./projects/completed-projects/translinks/translinks-2010/forest-trends/2010-pes-redd-course-peru/Presentation_PESinPeruMadredeDios_Spanish.pdf/view.html
./projects/completed-projects/translinks/translinks-2010/forest-trends/2010-pes-redd-course-peru/Presentation_DevelopingREDDandPSAProjects_Spanish.pdf/view.html
./projects/completed-projects/translinks/translinks-2010/forest-trends/2010-pes-redd-course-peru/Presentation_ESIntroduction_Spanish.pdf.html
./projects/completed-projects/translinks/translinks-2010/forest-trends/2010-pes-redd-course-peru/Presentation_DevelopingREDDandPSAProjects_Spanish.pdf.html
./projects/completed-projects/translinks/translinks-2010/forest-trends/2010-pes-redd-course-peru/Presentation_ClimateChangeandForests_P1_Spanish.pdf.html
./projects/completed-projects/translinks/translinks-2010/forest-trends/2010-pes-redd-course-peru/Presentation_ESIntroduction_Spanish.pdf/view.html
./projects/completed-projects/translinks/translinks-2010/forest-trends/2010-pes-redd-course-peru/Presentation_PESandREDDunderPeruvianLaw_Spanish.pdf/view.html
./projects/completed-projects/translinks/translinks-2010/forest-trends/2010-pes-redd-course-peru/index.html
./projects/completed-projects/translinks/translinks-2010/forest-trends/2010-pes-redd-course-peru/Conference_SummaryPESREDDPeru.pdf/view.html
./projects/completed-projects/translinks/translinks-2010/forest-trends/2010-pes-redd-course-peru/Conference_AgendaPESREDDPeru_Spanish.pdf/view.html
./projects/completed-projects/translinks/translinks-2010/forest-trends/2010-pes-redd-course-peru/Presentation_REDDinConservationConcessionLosAmigos_Spanish.pdf/view.html
./projects/completed-projects/translinks/translinks-2010/forest-trends/2010-pes-redd-course-peru/Presentation_PESandREDDunderPeruvianLaw_Spanish.pdf.html
./projects/completed-projects/translinks/translinks-2010/forest-trends/2010-pes-redd-course-peru/Presentation_ClimateChangeandForests_P2_Spanish.pdf/view.html
./projects/completed-projects/translinks/translinks-2010/forest-trends/2010-pes-redd-course-peru/Conference_ParticipantsPESREDDPeru.pdf/view.html
./projects/completed-projects/translinks/translinks-2010/forest-trends/2010-pes-redd-course-peru/Presentation_SocioEnvironmentalStandardsforREDD_Spanish.pdf/view.html
./projects/completed-projects/translinks/translinks-2010/forest-trends/2010-pes-redd-course-peru/Presentation_PESandtheDesignofMechanisms_P2_Spanish.pdf/view.html
./projects/completed-projects/translinks/translinks-2010/forest-trends/2010-pes-redd-course-peru/Presentation_PESinPeruMadredeDios_Spanish.pdf.html
./projects/completed-projects/translinks/translinks-2010/forest-trends/2010-pes-redd-course-peru/Presentation_ClimateChangeandForests_P3_Spanish.pdf/view.html
./projects/completed-projects/translinks/translinks-2010/forest-trends/2010-pes-redd-course-peru/Presentation_REDDinConservationConcessionLosAmigos_Spanish.pdf.html
./projects/completed-projects/translinks/translinks-2010/forest-trends/2010-pes-redd-course-peru/Presentation_REDDasIncentive_Spanish.pdf.html
./projects/completed-projects/translinks/translinks-2010/forest-trends/2010-pes-redd-course-peru/Conference_WorkshopSummaryPESREDDPeru.pdf/view.html
./projects/completed-projects/translinks/translinks-2010/forest-trends/2010-pes-redd-course-peru/Presentation_CarbonBasicConcepts_Spanish.pdf.html
./projects/completed-projects/translinks/translinks-2010/forest-trends/2010-pes-redd-course-peru/Presentation_TechnicalSkillsforMapsandCharts_Spanish.pdf/view.html
./projects/completed-projects/translinks/translinks-2010/forest-trends/2010-pes-redd-course-peru/Presentation_CarbonBasicConcepts_Spanish.pdf/view.html
./projects/completed-projects/translinks/translinks-2010/forest-trends/2010-pes-redd-course-peru/Presentation_ClimateChangeandForests_P3_Spanish.pdf.html
./projects/completed-projects/translinks/translinks-2010/forest-trends/2010-pes-redd-course-peru/Presentation_PESandtheDesignofMechanisms_P2_Spanish.pdf.html
./projects/completed-projects/translinks/translinks-2010/forest-trends/2010-pes-redd-course-peru/Presentation_PESandtheDesignofMechanisms_P1_Spanish.pdf/view.html
./projects/completed-projects/translinks/translinks-2010/forest-trends/2010-pes-redd-course-peru/Presentation_REDDasIncentive_Spanish.pdf/view.html
./projects/completed-projects/translinks/translinks-2010/forest-trends/Manual_PayingPoseidon.pdf/view.html
./projects/completed-projects/translinks/translinks-2010/forest-trends/Manual_SIAofLandbasedCarbonProjects_1_Spanish.pdf/view.html
./projects/completed-projects/translinks/translinks-2010/forest-trends/2010-pes-workshop-la-ceiba-honduras/Presentation_EnvironmentalEconomicIncentives_Spanish.pdf/view.html
./projects/completed-projects/translinks/translinks-2010/forest-trends/2010-pes-workshop-la-ceiba-honduras/Presentation_GuatecarbonProject_Spanish.pdf/view.html
./projects/completed-projects/translinks/translinks-2010/forest-trends/2010-pes-workshop-la-ceiba-honduras/Presentation_BasicsofREDD_Spanish.pdf/view.html
./projects/completed-projects/translinks/translinks-2010/forest-trends/2010-pes-workshop-la-ceiba-honduras/Conference_HandoutCompensationforHydroServices_Spanish.pdf/view.html
./projects/completed-projects/translinks/translinks-2010/forest-trends/2010-pes-workshop-la-ceiba-honduras/Conference_AgendaPESHonduras_Spanish.pdf/view.html
./projects/completed-projects/translinks/translinks-2010/forest-trends/2010-pes-workshop-la-ceiba-honduras/Conference_FinalReportPESHonduras_Spanish.pdf/view.html
./projects/completed-projects/translinks/translinks-2010/forest-trends/2010-pes-workshop-la-ceiba-honduras/index.html
./projects/completed-projects/translinks/translinks-2010/forest-trends/2010-pes-workshop-la-ceiba-honduras/Presentation_CompensationandPaymentforES_Spanish.pdf/view.html
./projects/completed-projects/translinks/translinks-2010/forest-trends/2010-pes-workshop-la-ceiba-honduras/Presentation_CommunityForestry_Spanish.pdf/view.html
./projects/completed-projects/translinks/translinks-2010/forest-trends/2010-pes-workshop-la-ceiba-honduras/Presentation_IntroductiontoES_Spanish.pdf/view.html
./projects/completed-projects/translinks/translinks-2010/forest-trends/2010-pes-workshop-la-ceiba-honduras/regional-workshop-on-compensation-and-payments-for-ecosystem-services.html
./projects/completed-projects/translinks/translinks-2010/forest-trends/2010-pes-workshop-la-ceiba-honduras/Presentation_EcologicalandSocialPrinciples_Spanish.pdf/view.html
./projects/completed-projects/translinks/translinks-2010/forest-trends/2010-pes-workshop-la-ceiba-honduras/Presentation_ForestsandClimateChange_Spanish.pdf/view.html
./projects/completed-projects/translinks/translinks-2010/forest-trends/2010-pes-workshop-la-ceiba-honduras/Conference_HandoutGuatecarbonProject_Spanish.pdf/view.html
./projects/completed-projects/translinks/translinks-2010/forest-trends/2010-pes-workshop-la-ceiba-honduras/Presentation_ForestCoverinCentralAmerica_Spanish.pdf/view.html
./projects/completed-projects/translinks/translinks-2010/forest-trends/2010-pes-workshop-la-ceiba-honduras/Presentation_PSAandLegalFrameworksCentralAmerica_1_Spanish.pdf/view.html
./projects/completed-projects/translinks/translinks-2010/forest-trends/2010-pes-workshop-la-ceiba-honduras/Presentation_PSACommunityOpportunitiesandRisks_Spanish.pdf/view.html
./projects/completed-projects/translinks/translinks-2010/forest-trends/2010-pes-workshop-la-ceiba-honduras/Presentation_BioCarbonIntroduction_Spanish.pdf/view.html
./projects/completed-projects/translinks/translinks-2010/forest-trends/2010-pes-workshop-la-ceiba-honduras/Presentation_JumaREDDProject_Spanish.pdf/view.html
./projects/completed-projects/translinks/translinks-2010/forest-trends/2010-pes-workshop-la-ceiba-honduras/Conference_HandoutJumaREDDProjectExecSummary_Portuguese.pdf/view.html
./projects/completed-projects/translinks/translinks-2010/forest-trends/2010-pes-workshop-la-ceiba-honduras/Presentation_IpetiOrganizationandDevelopmentUnit_Spanish.pdf/view.html
./projects/completed-projects/translinks/translinks-2010/forest-trends/2010-pes-workshop-la-ceiba-honduras/Presentation_PSAandLegalFrameworksCentralAmerica_2_Spanish.pdf/view.html
./projects/completed-projects/translinks/translinks-2010/forest-trends/Manual_PESandEnviroMarketsModules.pdf/view.html
./projects/completed-projects/translinks/translinks-2010/forest-trends/Manual_MarinePESPrimer.pdf/view.html
./projects/completed-projects/translinks/translinks-2010/forest-trends/Manual_ToolsfortheTidesCoastalMarineMarkets.pdf/view.html
./projects/completed-projects/translinks/translinks-2010/forest-trends/Report_ConsolidatingNationalREDDActivitiesGhana.pdf/view.html
./projects/completed-projects/translinks/translinks-2010/forest-trends/Manual_SIAofLandbasedCarbonProjects_2_Spanish.pdf/view.html
./projects/completed-projects/translinks/translinks-2010/forest-trends/state-of-watershed-payments-an-emerging-marketplace.html
./projects/completed-projects/translinks/translinks-2010/forest-trends/2010-pes-workshop-la-ceiba-honduras.html
./projects/completed-projects/translinks/translinks-2010/forest-trends/brazil-surui-carbon-fund-english-and-portuguese/view.html
./projects/completed-projects/translinks/translinks-2010/forest-trends/Report_BudongoBugomaLandscapeREDDProject.pdf/view.html
./projects/completed-projects/translinks/translinks-2010/forest-trends/2010-Katoomba-Meeting-XVI-Marine/agenda-for-katoomba-xvi-building-a-blueprint-to-harness-new-investment-for-the-protection-of-marine-and-coastal-ecosystem-services/view.html
./projects/completed-projects/translinks/translinks-2010/forest-trends/2010-Katoomba-Meeting-XVI-Marine/Panel_KatoombaDialogue.mp3.html
./projects/completed-projects/translinks/translinks-2010/forest-trends/2010-Katoomba-Meeting-XVI-Marine/Presentation_LimitedAccessAreasandTourismRedSea.mp3.html
./projects/completed-projects/translinks/translinks-2010/forest-trends/2010-Katoomba-Meeting-XVI-Marine/Presentation_OffshoreWindEnergyPowerfromtheSea.mp3/view.html
./projects/completed-projects/translinks/translinks-2010/forest-trends/2010-Katoomba-Meeting-XVI-Marine/Presentation_ConditionsforPrivateInvestment.mp3.html
./projects/completed-projects/translinks/translinks-2010/forest-trends/2010-Katoomba-Meeting-XVI-Marine/Presentation_OffshoreWindEnergyPowerfromtheSea.pdf.html
./projects/completed-projects/translinks/translinks-2010/forest-trends/2010-Katoomba-Meeting-XVI-Marine/Presentation_ConditionsforPrivateInvestment.pdf/view.html
./projects/completed-projects/translinks/translinks-2010/forest-trends/2010-Katoomba-Meeting-XVI-Marine/Presentation_CommunitiesMarketsandMarineCommons.pdf/view.html
./projects/completed-projects/translinks/translinks-2010/forest-trends/2010-Katoomba-Meeting-XVI-Marine/Presentation_ProtectingShorelinesandBeaches.pdf/view.html
./projects/completed-projects/translinks/translinks-2010/forest-trends/2010-Katoomba-Meeting-XVI-Marine/Presentation_BeyondSimplyEcotourism.pdf.html
./projects/completed-projects/translinks/translinks-2010/forest-trends/2010-Katoomba-Meeting-XVI-Marine/Presentation_HarnessingRightsforMarineandCoastalPES.mp3/view.html
./projects/completed-projects/translinks/translinks-2010/forest-trends/2010-Katoomba-Meeting-XVI-Marine/Presentation_LimitedAccessAreasandTourismRedSea.mp3/view.html
./projects/completed-projects/translinks/translinks-2010/forest-trends/2010-Katoomba-Meeting-XVI-Marine/Presentation_MarketbasedMechanismsforSustainableFisheries.mp3/view.html
./projects/completed-projects/translinks/translinks-2010/forest-trends/2010-Katoomba-Meeting-XVI-Marine/Presentation_MeetingWrapUp.mp3/view.html
./projects/completed-projects/translinks/translinks-2010/forest-trends/2010-Katoomba-Meeting-XVI-Marine/Panel_KatoombaDialogue.mp3/view.html
./projects/completed-projects/translinks/translinks-2010/forest-trends/2010-Katoomba-Meeting-XVI-Marine/Presentation_EcosystemConnectionsAcrossSeascapes.mp3/view.html
./projects/completed-projects/translinks/translinks-2010/forest-trends/2010-Katoomba-Meeting-XVI-Marine/Presentation_IntroPESinBiodiversityLaw.mp3.html
./projects/completed-projects/translinks/translinks-2010/forest-trends/2010-Katoomba-Meeting-XVI-Marine/Presentation_IndigenousWatershedManagement.mp3.html
./projects/completed-projects/translinks/translinks-2010/forest-trends/2010-Katoomba-Meeting-XVI-Marine/Presentation_ConditionsforPrivateInvestment.pdf.html
./projects/completed-projects/translinks/translinks-2010/forest-trends/2010-Katoomba-Meeting-XVI-Marine/Presentation_WelcomeDay1Jenkins.mp3/view.html
./projects/completed-projects/translinks/translinks-2010/forest-trends/2010-Katoomba-Meeting-XVI-Marine/Presentation_HarnessingRightsforMarineandCoastalPES.mp3.html
./projects/completed-projects/translinks/translinks-2010/forest-trends/2010-Katoomba-Meeting-XVI-Marine/Presentation_BeyondSimplyEcotourism.pdf/view.html
./projects/completed-projects/translinks/translinks-2010/forest-trends/2010-Katoomba-Meeting-XVI-Marine/Presentation_PaymentsforHydrologicalESProgramMexico.pdf.html
./projects/completed-projects/translinks/translinks-2010/forest-trends/2010-Katoomba-Meeting-XVI-Marine/Presentation_GulfofCaliforniaPES.mp3.html
./projects/completed-projects/translinks/translinks-2010/forest-trends/2010-Katoomba-Meeting-XVI-Marine/Presentation_DevelopingMarineConservationFund.pdf.html
./projects/completed-projects/translinks/translinks-2010/forest-trends/2010-Katoomba-Meeting-XVI-Marine/Presentation_IntegratingGreenandBlueCarbonManagement.mp3/view.html
./projects/completed-projects/translinks/translinks-2010/forest-trends/2010-Katoomba-Meeting-XVI-Marine/Presentation_WelcomeDay2Jenkins.mp3/view.html
./projects/completed-projects/translinks/translinks-2010/forest-trends/2010-Katoomba-Meeting-XVI-Marine/Presentation_DevelopingMarineConservationFund.mp3.html
./projects/completed-projects/translinks/translinks-2010/forest-trends/2010-Katoomba-Meeting-XVI-Marine/Presentation_MarketbasedMechanismsforSustainableFisheries.pdf.html
./projects/completed-projects/translinks/translinks-2010/forest-trends/2010-Katoomba-Meeting-XVI-Marine/Presentation_InnovativeFinancing.mp3.html
./projects/completed-projects/translinks/translinks-2010/forest-trends/2010-Katoomba-Meeting-XVI-Marine/Presentation_PaymentsforHydrologicalESProgramMexico.mp3/view.html
./projects/completed-projects/translinks/translinks-2010/forest-trends/2010-Katoomba-Meeting-XVI-Marine/Presentation_WelcomeDay1Mace.mp3.html
./projects/completed-projects/translinks/translinks-2010/forest-trends/2010-Katoomba-Meeting-XVI-Marine/Presentation_CollaborationforPESAgendaPhillipines.pdf.html
./projects/completed-projects/translinks/translinks-2010/forest-trends/2010-Katoomba-Meeting-XVI-Marine/Presentation_MarketbasedMechanismsforSustainableFisheries.pdf/view.html
./projects/completed-projects/translinks/translinks-2010/forest-trends/2010-Katoomba-Meeting-XVI-Marine/Presentation_ProtectingShorelinesandBeaches.pdf.html
./projects/completed-projects/translinks/translinks-2010/forest-trends/2010-Katoomba-Meeting-XVI-Marine/Presentation_NutsandBoltsofCarbonMarkets.mp3/view.html
./projects/completed-projects/translinks/translinks-2010/forest-trends/2010-Katoomba-Meeting-XVI-Marine/Presentation_MarineES.pdf/view.html
./projects/completed-projects/translinks/translinks-2010/forest-trends/2010-Katoomba-Meeting-XVI-Marine/Presentation_BeyondSimplyEcotourism.mp3/view.html
./projects/completed-projects/translinks/translinks-2010/forest-trends/2010-Katoomba-Meeting-XVI-Marine/Presentation_CollaborationforPESAgendaPhillipines.pdf/view.html
./projects/completed-projects/translinks/translinks-2010/forest-trends/2010-Katoomba-Meeting-XVI-Marine/Presentation_BlueCarbon.mp3/view.html
./projects/completed-projects/translinks/translinks-2010/forest-trends/2010-Katoomba-Meeting-XVI-Marine/Presentation_CollaborationforPESAgendaPhillipines.mp3.html
./projects/completed-projects/translinks/translinks-2010/forest-trends/2010-Katoomba-Meeting-XVI-Marine/Presentation_EcosystemConnectionsAcrossSeascapes.pdf/view.html
./projects/completed-projects/translinks/translinks-2010/forest-trends/2010-Katoomba-Meeting-XVI-Marine/Presentation_CommunitiesMarketsandMarineCommons.pdf.html
./projects/completed-projects/translinks/translinks-2010/forest-trends/2010-Katoomba-Meeting-XVI-Marine/Presentation_WatershedFundsAndes.pdf/view.html
./projects/completed-projects/translinks/translinks-2010/forest-trends/2010-Katoomba-Meeting-XVI-Marine/Presentation_DevelopingMarineConservationFund.mp3/view.html
./projects/completed-projects/translinks/translinks-2010/forest-trends/2010-Katoomba-Meeting-XVI-Marine/Presentation_MarketbasedApproachestoMarineConservation.pdf.html
./projects/completed-projects/translinks/translinks-2010/forest-trends/2010-Katoomba-Meeting-XVI-Marine/Presentation_IndigenousWatershedManagement.pdf.html
./projects/completed-projects/translinks/translinks-2010/forest-trends/2010-Katoomba-Meeting-XVI-Marine/Presentation_MarketToolsinEnsuringCleanWater.mp3.html
./projects/completed-projects/translinks/translinks-2010/forest-trends/2010-Katoomba-Meeting-XVI-Marine/Presentation_MeetingWrapUp.mp3.html
./projects/completed-projects/translinks/translinks-2010/forest-trends/2010-Katoomba-Meeting-XVI-Marine/Presentation_DevelopingMarineConservationFund.pdf/view.html
./projects/completed-projects/translinks/translinks-2010/forest-trends/2010-Katoomba-Meeting-XVI-Marine/Conference_ParticipantsListMarineKatoombaXVI.pdf/view.html
./projects/completed-projects/translinks/translinks-2010/forest-trends/2010-Katoomba-Meeting-XVI-Marine/Presentation_MarketbasedMechanismsforSustainableFisheries.mp3.html
./projects/completed-projects/translinks/translinks-2010/forest-trends/2010-Katoomba-Meeting-XVI-Marine/index.html
./projects/completed-projects/translinks/translinks-2010/forest-trends/2010-Katoomba-Meeting-XVI-Marine/Presentation_UsingMarineSpatialPlanning.mp3.html
./projects/completed-projects/translinks/translinks-2010/forest-trends/2010-Katoomba-Meeting-XVI-Marine/Presentation_MarketbasedApproachestoMarineConservation.pdf/view.html
./projects/completed-projects/translinks/translinks-2010/forest-trends/2010-Katoomba-Meeting-XVI-Marine/Presentation_IntroPESinBiodiversityLaw.mp3/view.html
./projects/completed-projects/translinks/translinks-2010/forest-trends/2010-Katoomba-Meeting-XVI-Marine/Presentation_PaymentsforHydrologicalESProgramMexico.mp3.html
./projects/completed-projects/translinks/translinks-2010/forest-trends/2010-Katoomba-Meeting-XVI-Marine/Presentation_OceanRenewableEnergyTechnologies.pdf.html
./projects/completed-projects/translinks/translinks-2010/forest-trends/2010-Katoomba-Meeting-XVI-Marine/Presentation_MarineES.mp3/view.html
./projects/completed-projects/translinks/translinks-2010/forest-trends/2010-Katoomba-Meeting-XVI-Marine/Presentation_CollaborationforPESAgendaPhillipines.mp3/view.html
./projects/completed-projects/translinks/translinks-2010/forest-trends/2010-Katoomba-Meeting-XVI-Marine/Presentation_WelcomeDay1McCormick.mp3/view.html
./projects/completed-projects/translinks/translinks-2010/forest-trends/2010-Katoomba-Meeting-XVI-Marine/Presentation_MarineES.pdf.html
./projects/completed-projects/translinks/translinks-2010/forest-trends/2010-Katoomba-Meeting-XVI-Marine/Presentation_BlueCarbon.mp3.html
./projects/completed-projects/translinks/translinks-2010/forest-trends/2010-Katoomba-Meeting-XVI-Marine/Presentation_WatershedFundsAndes.pdf.html
./projects/completed-projects/translinks/translinks-2010/forest-trends/2010-Katoomba-Meeting-XVI-Marine/Presentation_CurbingUnsustainableByCatchPractices.mp3/view.html
./projects/completed-projects/translinks/translinks-2010/forest-trends/2010-Katoomba-Meeting-XVI-Marine/Presentation_MethodologiesforMangroveCarbonAssessment.mp3.html
./projects/completed-projects/translinks/translinks-2010/forest-trends/2010-Katoomba-Meeting-XVI-Marine/agenda-for-katoomba-xvi-building-a-blueprint-to-harness-new-investment-for-the-protection-of-marine-and-coastal-ecosystem-services.html
./projects/completed-projects/translinks/translinks-2010/forest-trends/2010-Katoomba-Meeting-XVI-Marine/2010-Katoomba-Meeting-XVI-Marine.html
./projects/completed-projects/translinks/translinks-2010/forest-trends/2010-Katoomba-Meeting-XVI-Marine/Presentation_ConditionsforPrivateInvestment.mp3/view.html
./projects/completed-projects/translinks/translinks-2010/forest-trends/2010-Katoomba-Meeting-XVI-Marine/Presentation_SierraGordaBiosphereReserve.pdf/view.html
./projects/completed-projects/translinks/translinks-2010/forest-trends/2010-Katoomba-Meeting-XVI-Marine/Presentation_WelcomeDay1Mace.mp3/view.html
./projects/completed-projects/translinks/translinks-2010/forest-trends/2010-Katoomba-Meeting-XVI-Marine/Presentation_RoleofInsurance.mp3/view.html
./projects/completed-projects/translinks/translinks-2010/forest-trends/2010-Katoomba-Meeting-XVI-Marine/Presentation_PrivateMarineParkModel.pdf.html
./projects/completed-projects/translinks/translinks-2010/forest-trends/2010-Katoomba-Meeting-XVI-Marine/Presentation_IntroPESinBiodiversityLaw.pdf.html
./projects/completed-projects/translinks/translinks-2010/forest-trends/2010-Katoomba-Meeting-XVI-Marine/Presentation_MarketToolsinEnsuringCleanWater.mp3/view.html
./projects/completed-projects/translinks/translinks-2010/forest-trends/2010-Katoomba-Meeting-XVI-Marine/Presentation_IntegratingGreenandBlueCarbonManagement.pdf/view.html
./projects/completed-projects/translinks/translinks-2010/forest-trends/2010-Katoomba-Meeting-XVI-Marine/Presentation_BlueCarbon.pdf/view.html
./projects/completed-projects/translinks/translinks-2010/forest-trends/2010-Katoomba-Meeting-XVI-Marine/Presentation_GulfofCalifornia.pdf.html
./projects/completed-projects/translinks/translinks-2010/forest-trends/2010-Katoomba-Meeting-XVI-Marine/Presentation_LegalFrameworktoProtectCoastalES.mp3.html
./projects/completed-projects/translinks/translinks-2010/forest-trends/2010-Katoomba-Meeting-XVI-Marine/Presentation_ProtectingShorelinesandBeaches.mp3.html
./projects/completed-projects/translinks/translinks-2010/forest-trends/2010-Katoomba-Meeting-XVI-Marine/Presentation_MarineES.mp3.html
./projects/completed-projects/translinks/translinks-2010/forest-trends/2010-Katoomba-Meeting-XVI-Marine/Presentation_PrivateSectorLeadershipinMarineES.mp3.html
./projects/completed-projects/translinks/translinks-2010/forest-trends/2010-Katoomba-Meeting-XVI-Marine/Presentation_PerilsofResourceDevelopment.mp3.html
./projects/completed-projects/translinks/translinks-2010/forest-trends/2010-Katoomba-Meeting-XVI-Marine/Presentation_NutsandBoltsofCarbonMarkets.mp3.html
./projects/completed-projects/translinks/translinks-2010/forest-trends/2010-Katoomba-Meeting-XVI-Marine/Presentation_WelcomeDay2Jenkins.mp3.html
./projects/completed-projects/translinks/translinks-2010/forest-trends/2010-Katoomba-Meeting-XVI-Marine/Presentation_MethodologiesforMangroveCarbonAssessment.mp3/view.html
./projects/completed-projects/translinks/translinks-2010/forest-trends/2010-Katoomba-Meeting-XVI-Marine/Presentation_FishingQuotaMarkets.pdf/view.html
./projects/completed-projects/translinks/translinks-2010/forest-trends/2010-Katoomba-Meeting-XVI-Marine/Presentation_IntroPESinBiodiversityLaw.pdf/view.html
./projects/completed-projects/translinks/translinks-2010/forest-trends/2010-Katoomba-Meeting-XVI-Marine/Presentation_InnovativeFinancing.mp3/view.html
./projects/completed-projects/translinks/translinks-2010/forest-trends/2010-Katoomba-Meeting-XVI-Marine/Presentation_GulfofCaliforniaPES.pdf.html
./projects/completed-projects/translinks/translinks-2010/forest-trends/2010-Katoomba-Meeting-XVI-Marine/Presentation_LegalFrameworktoProtectCoastalES.pdf.html
./projects/completed-projects/translinks/translinks-2010/forest-trends/2010-Katoomba-Meeting-XVI-Marine/Presentation_IntegratingGreenandBlueCarbonManagement.pdf.html
./projects/completed-projects/translinks/translinks-2010/forest-trends/2010-Katoomba-Meeting-XVI-Marine/Presentation_LegalFrameworktoProtectCoastalES.mp3/view.html
./projects/completed-projects/translinks/translinks-2010/forest-trends/2010-Katoomba-Meeting-XVI-Marine/Presentation_FishingQuotaMarkets.mp3/view.html
./projects/completed-projects/translinks/translinks-2010/forest-trends/2010-Katoomba-Meeting-XVI-Marine/Presentation_IndigenousWatershedManagement.mp3/view.html
./projects/completed-projects/translinks/translinks-2010/forest-trends/2010-Katoomba-Meeting-XVI-Marine/Presentation_OffshoreWindEnergyPowerfromtheSea.pdf/view.html
./projects/completed-projects/translinks/translinks-2010/forest-trends/2010-Katoomba-Meeting-XVI-Marine/Presentation_OceanRenewableEnergyTechnologies.pdf/view.html
./projects/completed-projects/translinks/translinks-2010/forest-trends/2010-Katoomba-Meeting-XVI-Marine/Presentation_SierraGordaBiosphereReserve.pdf.html
./projects/completed-projects/translinks/translinks-2010/forest-trends/2010-Katoomba-Meeting-XVI-Marine/Presentation_GulfofCaliforniaPES.mp3/view.html
./projects/completed-projects/translinks/translinks-2010/forest-trends/2010-Katoomba-Meeting-XVI-Marine/Presentation_GulfofCalifornia.pdf/view.html
./projects/completed-projects/translinks/translinks-2010/forest-trends/2010-Katoomba-Meeting-XVI-Marine/Presentation_BlueCarbon.pdf.html
./projects/completed-projects/translinks/translinks-2010/forest-trends/2010-Katoomba-Meeting-XVI-Marine/Presentation_IntegratingGreenandBlueCarbonManagement.mp3.html
./projects/completed-projects/translinks/translinks-2010/forest-trends/2010-Katoomba-Meeting-XVI-Marine/Presentation_PerilsofResourceDevelopment.mp3/view.html
./projects/completed-projects/translinks/translinks-2010/forest-trends/2010-Katoomba-Meeting-XVI-Marine/Presentation_IndigenousWatershedManagement.pdf/view.html
./projects/completed-projects/translinks/translinks-2010/forest-trends/2010-Katoomba-Meeting-XVI-Marine/Presentation_UsingMarineSpatialPlanning.mp3/view.html
./projects/completed-projects/translinks/translinks-2010/forest-trends/2010-Katoomba-Meeting-XVI-Marine/Presentation_CommunitiesMarketsandMarineCommons.mp3/view.html
./projects/completed-projects/translinks/translinks-2010/forest-trends/2010-Katoomba-Meeting-XVI-Marine/Presentation_PerilsofResourceDevelopment.pdf/view.html
./projects/completed-projects/translinks/translinks-2010/forest-trends/2010-Katoomba-Meeting-XVI-Marine/Presentation_ManagingClimateChangeRisks.pdf.html
./projects/completed-projects/translinks/translinks-2010/forest-trends/2010-Katoomba-Meeting-XVI-Marine/Conference_AgendaMarineKatoombaXVI.pdf/view.html
./projects/completed-projects/translinks/translinks-2010/forest-trends/2010-Katoomba-Meeting-XVI-Marine/Presentation_WelcomeDay1Jenkins.mp3.html
./projects/completed-projects/translinks/translinks-2010/forest-trends/2010-Katoomba-Meeting-XVI-Marine/Presentation_EcosystemConnectionsAcrossSeascapes.mp3.html
./projects/completed-projects/translinks/translinks-2010/forest-trends/2010-Katoomba-Meeting-XVI-Marine/Presentation_GulfofCaliforniaPES.pdf/view.html
./projects/completed-projects/translinks/translinks-2010/forest-trends/2010-Katoomba-Meeting-XVI-Marine/Presentation_OffshoreWindEnergyPowerfromtheSea.mp3.html
./projects/completed-projects/translinks/translinks-2010/forest-trends/2010-Katoomba-Meeting-XVI-Marine/Presentation_PrivateMarineParkModel.pdf/view.html
./projects/completed-projects/translinks/translinks-2010/forest-trends/2010-Katoomba-Meeting-XVI-Marine/Presentation_FishingQuotaMarkets.pdf.html
./projects/completed-projects/translinks/translinks-2010/forest-trends/2010-Katoomba-Meeting-XVI-Marine/Presentation_LegalFrameworktoProtectCoastalES.pdf/view.html
./projects/completed-projects/translinks/translinks-2010/forest-trends/2010-Katoomba-Meeting-XVI-Marine/Presentation_CurbingUnsustainableByCatchPractices.mp3.html
./projects/completed-projects/translinks/translinks-2010/forest-trends/2010-Katoomba-Meeting-XVI-Marine/Presentation_RoleofInsurance.mp3.html
./projects/completed-projects/translinks/translinks-2010/forest-trends/2010-Katoomba-Meeting-XVI-Marine/Presentation_CommunitiesMarketsandMarineCommons.mp3.html
./projects/completed-projects/translinks/translinks-2010/forest-trends/2010-Katoomba-Meeting-XVI-Marine/Presentation_ProtectingShorelinesandBeaches.mp3/view.html
./projects/completed-projects/translinks/translinks-2010/forest-trends/2010-Katoomba-Meeting-XVI-Marine/Booklet_PayingPoseidon1.jpg/view.html
./projects/completed-projects/translinks/translinks-2010/forest-trends/2010-Katoomba-Meeting-XVI-Marine/Presentation_PaymentsforHydrologicalESProgramMexico.pdf/view.html
./projects/completed-projects/translinks/translinks-2010/forest-trends/2010-Katoomba-Meeting-XVI-Marine/Presentation_WelcomeDay1McCormick.mp3.html
./projects/completed-projects/translinks/translinks-2010/forest-trends/2010-Katoomba-Meeting-XVI-Marine/Presentation_ManagingClimateChangeRisks.pdf/view.html
./projects/completed-projects/translinks/translinks-2010/forest-trends/2010-Katoomba-Meeting-XVI-Marine/Presentation_EcosystemConnectionsAcrossSeascapes.pdf.html
./projects/completed-projects/translinks/translinks-2010/forest-trends/2010-Katoomba-Meeting-XVI-Marine/Presentation_PrivateSectorLeadershipinMarineES.mp3/view.html
./projects/completed-projects/translinks/translinks-2010/forest-trends/2010-Katoomba-Meeting-XVI-Marine/Presentation_FishingQuotaMarkets.mp3.html
./projects/completed-projects/translinks/translinks-2010/forest-trends/2010-Katoomba-Meeting-XVI-Marine/Presentation_PerilsofResourceDevelopment.pdf.html
./projects/completed-projects/translinks/translinks-2010/index.html
./projects/completed-projects/translinks/translinks-2010/wildlife-conservation-society/CaseStudy_Household_Food_Consumption_in_LaoPDR_Summary_Lao.pdf/view.html
./projects/completed-projects/translinks/translinks-2010/wildlife-conservation-society/Report_NationalREDDFundingFrameworks.pdf/view.html
./projects/completed-projects/translinks/translinks-2010/wildlife-conservation-society/index.html
./projects/completed-projects/translinks/translinks-2010/wildlife-conservation-society/CaseStudy_Household_Food_Consumption_in_LaoPDR/view.html
./projects/completed-projects/translinks/translinks-2010/wildlife-conservation-society/CaseStudy_Household_Food_Consumption_in_LaoPDR_Lao/view.html
./projects/completed-projects/translinks/translinks-2010/wildlife-conservation-society/CaseStudy_Household_Food_Consumption_in_LaoPDR_Summary/view.html
./projects/completed-projects/translinks/translinks-2010/wildlife-conservation-society/eco-labeling-and-market-based-financing-of-wildlife-conservation/view.html
./projects/completed-projects/translinks/translinks-2010/wildlife-conservation-society/LCMforREDDCourse.html
./projects/completed-projects/translinks/translinks-2010/wildlife-conservation-society/eco-labeling-and-market-based-financing-of-wildlife-conservation.html
./projects/completed-projects/translinks/translinks-2010/wildlife-conservation-society/CaseStudy_Household_Food_Consumption_in_LaoPDR_Lao.html
./projects/completed-projects/translinks/translinks-2010/wildlife-conservation-society/CaseStudy_Household_Food_Consumption_in_LaoPDR_Summary.html
./projects/completed-projects/translinks/translinks-2010/wildlife-conservation-society/CaseStudy_Household_Food_Consumption_in_LaoPDR.html
./projects/completed-projects/translinks/translinks-2010/wildlife-conservation-society/LCMforREDDCourse/Conference_AgendaLCMforREDD.pdf/view.html
./projects/completed-projects/translinks/translinks-2010/wildlife-conservation-society/LCMforREDDCourse/Presentations/Presentation_REDDReadinessTanzania.pdf.html
./projects/completed-projects/translinks/translinks-2010/wildlife-conservation-society/LCMforREDDCourse/Presentations/Presentation_VillageREDDConceptPNG.pdf/view.html
./projects/completed-projects/translinks/translinks-2010/wildlife-conservation-society/LCMforREDDCourse/Presentations/Presentation_IturiLandscapeDRC.pdf.html
./projects/completed-projects/translinks/translinks-2010/wildlife-conservation-society/LCMforREDDCourse/Presentations/Presentation_VillageREDDConceptPNG.pdf.html
./projects/completed-projects/translinks/translinks-2010/wildlife-conservation-society/LCMforREDDCourse/Presentations/Presentation_WCSLaoPDRProgram.pdf.html
./projects/completed-projects/translinks/translinks-2010/wildlife-conservation-society/LCMforREDDCourse/Presentations/index.html
./projects/completed-projects/translinks/translinks-2010/wildlife-conservation-society/LCMforREDDCourse/Presentations/Presentation_REDDReadinessTanzania.pdf/view.html
./projects/completed-projects/translinks/translinks-2010/wildlife-conservation-society/LCMforREDDCourse/Presentations/Presentation_ObjectBasedAnalysisFiji.pdf.html
./projects/completed-projects/translinks/translinks-2010/wildlife-conservation-society/LCMforREDDCourse/Presentations/Presentation_IturiLandscapeDRC.pdf/view.html
./projects/completed-projects/translinks/translinks-2010/wildlife-conservation-society/LCMforREDDCourse/Presentations/Presentation_PotentialAnimalCooridorsUganda.pdf.html
./projects/completed-projects/translinks/translinks-2010/wildlife-conservation-society/LCMforREDDCourse/Presentations/Presentation_WCSLaoPDRProgram.pdf/view.html
./projects/completed-projects/translinks/translinks-2010/wildlife-conservation-society/LCMforREDDCourse/Presentations/Presentation_ForestMonitoringandCarbonSumatra.pdf.html
./projects/completed-projects/translinks/translinks-2010/wildlife-conservation-society/LCMforREDDCourse/Presentations/Presentation_ForestMonitoringandCarbonSumatra.pdf/view.html
./projects/completed-projects/translinks/translinks-2010/wildlife-conservation-society/LCMforREDDCourse/Presentations/Presentation_PotentialAnimalCooridorsUganda.pdf/view.html
./projects/completed-projects/translinks/translinks-2010/wildlife-conservation-society/LCMforREDDCourse/Presentations/Presentation_ObjectBasedAnalysisFiji.pdf/view.html
./projects/completed-projects/translinks/translinks-2010/wildlife-conservation-society/LCMforREDDCourse/Conference_ParticipantsLCMforREDD.pdf/view.html
./projects/completed-projects/translinks/translinks-2010/wildlife-conservation-society/LCMforREDDCourse/Presentations.html
./projects/completed-projects/translinks/translinks-2010/wildlife-conservation-society/LCMforREDDCourse/index.html
./projects/completed-projects/translinks/translinks-2010/wildlife-conservation-society/LCMforREDDCourse/Readings.html
./projects/completed-projects/translinks/translinks-2010/wildlife-conservation-society/LCMforREDDCourse/LCM-for-REDD-Workshop-NY.html
./projects/completed-projects/translinks/translinks-2010/wildlife-conservation-society/LCMforREDDCourse/Lectures/Presentation_Lecture1.5bIntrotoGIS.pdf/view.html
./projects/completed-projects/translinks/translinks-2010/wildlife-conservation-society/LCMforREDDCourse/Lectures/Presentation_Lecture3.1MakiraREDDProject.pdf/view.html
./projects/completed-projects/translinks/translinks-2010/wildlife-conservation-society/LCMforREDDCourse/Lectures/Presentation_Lecture1.4IdrisiTaigaOverview.pdf.html
./projects/completed-projects/translinks/translinks-2010/wildlife-conservation-society/LCMforREDDCourse/Lectures/Presentation_Lecture1.1CCMChallenge.pdf.html
./projects/completed-projects/translinks/translinks-2010/wildlife-conservation-society/LCMforREDDCourse/Lectures/Presentation_Lecture3.2Validation.pdf/view.html
./projects/completed-projects/translinks/translinks-2010/wildlife-conservation-society/LCMforREDDCourse/Lectures/Presentation_Lecture1.5aIDRISIImageProcessing.pdf/view.html
./projects/completed-projects/translinks/translinks-2010/wildlife-conservation-society/LCMforREDDCourse/Lectures/Presentation_Lecture3.2Validation.pdf.html
./projects/completed-projects/translinks/translinks-2010/wildlife-conservation-society/LCMforREDDCourse/Lectures/Presentation_Lecture4.1ScenarioTesting.pdf.html
./projects/completed-projects/translinks/translinks-2010/wildlife-conservation-society/LCMforREDDCourse/Lectures/Presentation_Lecture2.2Surfaces.pdf/view.html
./projects/completed-projects/translinks/translinks-2010/wildlife-conservation-society/LCMforREDDCourse/Lectures/Presentation_Lecture4.1ScenarioTesting.pdf/view.html
./projects/completed-projects/translinks/translinks-2010/wildlife-conservation-society/LCMforREDDCourse/Lectures/Presentation_Lecture2.1aIntrotoLCM.pdf.html
./projects/completed-projects/translinks/translinks-2010/wildlife-conservation-society/LCMforREDDCourse/Lectures/Presentation_Lecture2.1bLCMAnalysisTabs.pdf.html
./projects/completed-projects/translinks/translinks-2010/wildlife-conservation-society/LCMforREDDCourse/Lectures/Presentation_Lecture2.1aIntrotoLCM.pdf/view.html
./projects/completed-projects/translinks/translinks-2010/wildlife-conservation-society/LCMforREDDCourse/Lectures/Presentation_Lecture1.0CourseIntroduction.pdf/view.html
./projects/completed-projects/translinks/translinks-2010/wildlife-conservation-society/LCMforREDDCourse/Lectures/index.html
./projects/completed-projects/translinks/translinks-2010/wildlife-conservation-society/LCMforREDDCourse/Lectures/Presentation_Lecture1.5bIntrotoGIS.pdf.html
./projects/completed-projects/translinks/translinks-2010/wildlife-conservation-society/LCMforREDDCourse/Lectures/Presentation_Lecture1.0CourseIntroduction.pdf.html
./projects/completed-projects/translinks/translinks-2010/wildlife-conservation-society/LCMforREDDCourse/Lectures/Presentation_Lecture1.3IntrotoRemoteSensing.pdf/view.html
./projects/completed-projects/translinks/translinks-2010/wildlife-conservation-society/LCMforREDDCourse/Lectures/Presentation_Lecture1.1CCMChallenge.pdf/view.html
./projects/completed-projects/translinks/translinks-2010/wildlife-conservation-society/LCMforREDDCourse/Lectures/Presentation_Lecture1.3IntrotoRemoteSensing.pdf.html
./projects/completed-projects/translinks/translinks-2010/wildlife-conservation-society/LCMforREDDCourse/Lectures/Presentation_Lecture1.4IdrisiTaigaOverview.pdf/view.html
./projects/completed-projects/translinks/translinks-2010/wildlife-conservation-society/LCMforREDDCourse/Lectures/Presentation_Lecture2.2Surfaces.pdf.html
./projects/completed-projects/translinks/translinks-2010/wildlife-conservation-society/LCMforREDDCourse/Lectures/Presentation_Lecture3.1MakiraREDDProject.pdf.html
./projects/completed-projects/translinks/translinks-2010/wildlife-conservation-society/LCMforREDDCourse/Lectures/Presentation_Lecture1.2IntrotoLCMforREDD.pdf.html
./projects/completed-projects/translinks/translinks-2010/wildlife-conservation-society/LCMforREDDCourse/Lectures/Presentation_Lecture2.1bLCMAnalysisTabs.pdf/view.html
./projects/completed-projects/translinks/translinks-2010/wildlife-conservation-society/LCMforREDDCourse/Lectures/Presentation_Lecture1.5aIDRISIImageProcessing.pdf.html
./projects/completed-projects/translinks/translinks-2010/wildlife-conservation-society/LCMforREDDCourse/Lectures/Presentation_Lecture1.2IntrotoLCMforREDD.pdf/view.html
./projects/completed-projects/translinks/translinks-2010/wildlife-conservation-society/LCMforREDDCourse/Lectures/Presentation_Lecture5.1FridayTasks.pdf/view.html
./projects/completed-projects/translinks/translinks-2010/wildlife-conservation-society/LCMforREDDCourse/Lectures.html
./projects/completed-projects/translinks/translinks-2010/wildlife-conservation-society/LCMforREDDCourse/clarklabslogocolor.jpg/view.html
./projects/completed-projects/translinks/translinks-2010/wildlife-conservation-society/LCMforREDDCourse/Readings/Manual_LCMforEcologicalSustainabilityIDRISI.pdf/view.html
./projects/completed-projects/translinks/translinks-2010/wildlife-conservation-society/LCMforREDDCourse/Readings/index.html
./projects/completed-projects/translinks/translinks-2010/wildlife-conservation-society/LCMforREDDCourse/Readings/Manual_REDDProjectDevelopmentGuide.pdf/view.html
./projects/completed-projects/translinks/translinks-2010/wildlife-conservation-society/LCMforREDDCourse/Readings/Paper_Modeling REDDBaselinesIDRISI.pdf/view.html
./projects/completed-projects/translinks/translinks-2010/wildlife-conservation-society/LCMforREDDCourse/Readings/Paper_Modeling REDDBaselinesIDRISI.pdf.html
./projects/completed-projects/translinks/translinks-2010/wildlife-conservation-society/LCMforREDDCourse/Readings/Paper_LCMforEcologicalSustainabilityIDRISI.pdf/view.html
./projects/completed-projects/translinks/translinks-2010/wildlife-conservation-society.html
./projects/completed-projects/translinks/translinks-2010/translinks-products-2010.html
./projects/completed-projects/translinks/translinks-2010/EarthInstitute.html
./projects/completed-projects/translinks/translinks-2010/forest-trends.html
./projects/completed-projects/translinks/earth-institute-translinks-products.html
./projects/completed-projects/translinks/peer-reviewed-journal-articles.html
./projects/completed-projects/translinks/photo-gallery.html
./projects/completed-projects/translinks/Videos.html
./projects/completed-projects/translinks/pes-freshwater.html
./projects/completed-projects/translinks/translinks-2009/land-tenure-center.html
./projects/completed-projects/translinks/translinks-2009/land-tenure-center/conference_flyerltcspring.pdf/view.html
./projects/completed-projects/translinks/translinks-2009/land-tenure-center/report_wildlifefriendlymonitoringecuador.pdf/view.html
./projects/completed-projects/translinks/translinks-2009/land-tenure-center/presentation_largemammalextinctionsindia.pdf/view.html
./projects/completed-projects/translinks/translinks-2009/land-tenure-center/presentation_modellinginfluenceofcostaricanparks.pdf/view.html
./projects/completed-projects/translinks/translinks-2009/land-tenure-center/presentation_landusetransitionsandestropicalforests.pdf/view.html
./projects/completed-projects/translinks/translinks-2009/land-tenure-center/index.html
./projects/completed-projects/translinks/translinks-2009/land-tenure-center/presentation_tropicallandusechangeconsequences.pdf/view.html
./projects/completed-projects/translinks/translinks-2009/land-tenure-center/paper_resandcollectivelandtenureecuadorindonesia.pdf/view.html
./projects/completed-projects/translinks/translinks-2009/land-tenure-center/conference_agendawildlifeconservation.pdf/view.html
./projects/completed-projects/translinks/translinks-2009/land-tenure-center/paper_marketfinancingwildlifefriendlyecolabels.pdf/view.html
./projects/completed-projects/translinks/translinks-2009/land-tenure-center/paper_identifyingpotentiallionstrongholdugandadrc.pdf/view.html
./projects/completed-projects/translinks/translinks-2009/land-tenure-center/presentation_developmentandconservationyunnantraining.pdf/view.html
./projects/completed-projects/translinks/translinks-2009/land-tenure-center/paper_collaborativeplanningforlanduse_spanish.pdf/view.html
./projects/completed-projects/translinks/translinks-2009/land-tenure-center/presentation_projectresultstocolepatocommunity.pdf/view.html
./projects/completed-projects/translinks/translinks-2009/land-tenure-center/paper_agenciesdonorsandngosinterviewedecuador.pdf/view.html
./projects/completed-projects/translinks/translinks-2009/land-tenure-center/paper_titlingandregistrationprojectscosts.pdf/view.html
./projects/completed-projects/translinks/translinks-2009/land-tenure-center/presentation_seekingsustainabilityinamazon.pdf/view.html
./projects/completed-projects/translinks/translinks-2009/land-tenure-center/presentation_climatechangeimpactstropicalandes.pdf/view.html
./projects/completed-projects/translinks/translinks-2009/land-tenure-center/paper_landtenureinfluenceonforestcoverchangeecuador.pdf/view.html
./projects/completed-projects/translinks/translinks-2009/enterprise-works-vita-relief-international.html
./projects/completed-projects/translinks/translinks-2009/enterprise-works-vita-relief-international/2009-value-chain-workshop.html
./projects/completed-projects/translinks/translinks-2009/enterprise-works-vita-relief-international/index.html
./projects/completed-projects/translinks/translinks-2009/enterprise-works-vita-relief-international/casestudy_greenmarketingtrends.pdf/view.html
./projects/completed-projects/translinks/translinks-2009/enterprise-works-vita-relief-international/casestudy_forestcarbonprojectsnepal.pdf/view.html
./projects/completed-projects/translinks/translinks-2009/enterprise-works-vita-relief-international/casestudy_webbasedmarketing.pdf/view.html
./projects/completed-projects/translinks/translinks-2009/enterprise-works-vita-relief-international/2009-value-chain-workshop/presentation_marketsandpes.pdf/view.html
./projects/completed-projects/translinks/translinks-2009/enterprise-works-vita-relief-international/2009-value-chain-workshop/presentation_translinksoverview.pdf.html
./projects/completed-projects/translinks/translinks-2009/enterprise-works-vita-relief-international/2009-value-chain-workshop/presentation_marketsandpes.pdf.html
./projects/completed-projects/translinks/translinks-2009/enterprise-works-vita-relief-international/2009-value-chain-workshop/presentation_ecologicalregulationofes.pdf/view.html
./projects/completed-projects/translinks/translinks-2009/enterprise-works-vita-relief-international/2009-value-chain-workshop/conference_executivesummaryvaluechaintanzania.pdf/view.html
./projects/completed-projects/translinks/translinks-2009/enterprise-works-vita-relief-international/2009-value-chain-workshop/presentation_himalayanbiotradepvtltdoverview.pdf/view.html
./projects/completed-projects/translinks/translinks-2009/enterprise-works-vita-relief-international/2009-value-chain-workshop/presentation_greenmarketingtrends.pdf/view.html
./projects/completed-projects/translinks/translinks-2009/enterprise-works-vita-relief-international/2009-value-chain-workshop/presentation_conservationmarketingequation.pdf/view.html
./projects/completed-projects/translinks/translinks-2009/enterprise-works-vita-relief-international/2009-value-chain-workshop/presentation_easternarctreecrops.pdf/view.html
./projects/completed-projects/translinks/translinks-2009/enterprise-works-vita-relief-international/2009-value-chain-workshop/presentation_overviewvaluechaintanzania.pdf.html
./projects/completed-projects/translinks/translinks-2009/enterprise-works-vita-relief-international/2009-value-chain-workshop/presentation_conservationbrandingandmarketingstrategies.pdf/view.html
./projects/completed-projects/translinks/translinks-2009/enterprise-works-vita-relief-international/2009-value-chain-workshop/index.html
./projects/completed-projects/translinks/translinks-2009/enterprise-works-vita-relief-international/2009-value-chain-workshop/2009-Value-Chain-Workshop-Tanzania.html
./projects/completed-projects/translinks/translinks-2009/enterprise-works-vita-relief-international/2009-value-chain-workshop/presentation_overviewvaluechaintanzania.pdf/view.html
./projects/completed-projects/translinks/translinks-2009/enterprise-works-vita-relief-international/2009-value-chain-workshop/presentation_certifiedavocadoestanzania.pdf/view.html
./projects/completed-projects/translinks/translinks-2009/enterprise-works-vita-relief-international/2009-value-chain-workshop/presentation_greenmarketingtrends.pdf.html
./projects/completed-projects/translinks/translinks-2009/enterprise-works-vita-relief-international/2009-value-chain-workshop/presentation_standardsandcertificationschemes.pdf.html
./projects/completed-projects/translinks/translinks-2009/enterprise-works-vita-relief-international/2009-value-chain-workshop/presentation_certifiedavocadoestanzania.pdf.html
./projects/completed-projects/translinks/translinks-2009/enterprise-works-vita-relief-international/2009-value-chain-workshop/presentation_conservationcottoninitiative.pdf/view.html
./projects/completed-projects/translinks/translinks-2009/enterprise-works-vita-relief-international/2009-value-chain-workshop/presentation_marketresearchtosupportnwpgoals.pdf.html
./projects/completed-projects/translinks/translinks-2009/enterprise-works-vita-relief-international/2009-value-chain-workshop/presentation_standardsandcertificationschemes.pdf/view.html
./projects/completed-projects/translinks/translinks-2009/enterprise-works-vita-relief-international/2009-value-chain-workshop/presentation_forestcarbonnepal.pdf/view.html
./projects/completed-projects/translinks/translinks-2009/enterprise-works-vita-relief-international/2009-value-chain-workshop/presentation_translinksoverview.pdf/view.html
./projects/completed-projects/translinks/translinks-2009/enterprise-works-vita-relief-international/2009-value-chain-workshop/conference_proceedingsvaluechaintanzania.pdf/view.html
./projects/completed-projects/translinks/translinks-2009/enterprise-works-vita-relief-international/2009-value-chain-workshop/presentation_himalayanbiotradepvtltdoverview.pdf.html
./projects/completed-projects/translinks/translinks-2009/enterprise-works-vita-relief-international/2009-value-chain-workshop/presentation_medicinalandaromaticplantsproduction.pdf.html
./projects/completed-projects/translinks/translinks-2009/enterprise-works-vita-relief-international/2009-value-chain-workshop/presentation_conservationcottoninitiativemadagascar.pdf/view.html
./projects/completed-projects/translinks/translinks-2009/enterprise-works-vita-relief-international/2009-value-chain-workshop/presentation_medicinalandaromaticplantsproduction.pdf/view.html
./projects/completed-projects/translinks/translinks-2009/enterprise-works-vita-relief-international/2009-value-chain-workshop/presentation_biologicalbaseforbiodiversityandes.pdf/view.html
./projects/completed-projects/translinks/translinks-2009/enterprise-works-vita-relief-international/2009-value-chain-workshop/presentation_marketresearchtosupportnwpgoals.pdf/view.html
./projects/completed-projects/translinks/translinks-2009/enterprise-works-vita-relief-international/paper_ugandadomesticrainwaterharvesting.pdf/view.html
./projects/completed-projects/translinks/translinks-2009/earth-institute/presentation_ecologicalregulationofes.pdf/view.html
./projects/completed-projects/translinks/translinks-2009/earth-institute/casestudy_forestrestorationtengchong.pdf/view.html
./projects/completed-projects/translinks/translinks-2009/earth-institute/manual_esprimer.pdf/view.html
./projects/completed-projects/translinks/translinks-2009/earth-institute/casestudy_forestmanagementtanzania.pdf/view.html
./projects/completed-projects/translinks/translinks-2009/earth-institute/casestudy_bwindimgahingaconservationtrust.pdf/view.html
./projects/completed-projects/translinks/translinks-2009/earth-institute/index.html
./projects/completed-projects/translinks/translinks-2009/earth-institute/casestudy_workingforwaterprogramsouthafrica.pdf/view.html
./projects/completed-projects/translinks/translinks-2009/earth-institute/casestudy_pesbundlinginforestcommunitieshonduras.pdf/view.html
./projects/completed-projects/translinks/translinks-2009/earth-institute/casestudy_fosteringesdanubebasin.pdf/view.html
./projects/completed-projects/translinks/translinks-2009/earth-institute/casestudy_equitablepwstanzania.pdf/view.html
./projects/completed-projects/translinks/translinks-2009/earth-institute/paper_translinksandmillenniumvillages.pdf/view.html
./projects/completed-projects/translinks/translinks-2009/earth-institute/casestudy_silvopastoralecosystemmanagementnicaragua.pdf/view.html
./projects/completed-projects/translinks/translinks-2009/earth-institute/casestudy_rewardinguplandpoorforesindonesia.pdf/view.html
./projects/completed-projects/translinks/translinks-2009/earth-institute/presentation_biogeochemicales.pdf/view.html
./projects/completed-projects/translinks/translinks-2009/earth-institute/casestudy_protectingsierragordabiospherereservemexico.pdf/view.html
./projects/completed-projects/translinks/translinks-2009/earth-institute.html
./projects/completed-projects/translinks/translinks-2009/forest-trends/2009-forests-climate-change-and-ecosystem-services-training-pretoria-south-africa/presentation_pescasestudiessouthafrica.pdf.html
./projects/completed-projects/translinks/translinks-2009/forest-trends/2009-forests-climate-change-and-ecosystem-services-training-pretoria-south-africa/index.html
./projects/completed-projects/translinks/translinks-2009/forest-trends/2009-forests-climate-change-and-ecosystem-services-training-pretoria-south-africa/presentation_pescasestudiessouthafrica.pdf/view.html
./projects/completed-projects/translinks/translinks-2009/forest-trends/2009-forests-climate-change-and-ecosystem-services-training-pretoria-south-africa/Presentation_PESEastandSouthernAfrica.pdf/view.html
./projects/completed-projects/translinks/translinks-2009/forest-trends/2009-forests-climate-change-and-ecosystem-services-training-pretoria-south-africa/2009-Climate-Change-Training-South-Africa.html
./projects/completed-projects/translinks/translinks-2009/forest-trends/2009-forests-climate-change-and-ecosystem-services-training-pretoria-south-africa/conference_agendaforestclimatechangees.pdf/view.html
./projects/completed-projects/translinks/translinks-2009/forest-trends/manual_forestsvoluntarycarbonmarket_portuguese.pdf.html
./projects/completed-projects/translinks/translinks-2009/forest-trends/Manual_REDDCasebookLatinAmerica.pdf/view.html
./projects/completed-projects/translinks/translinks-2009/forest-trends/2009-community-payments-for-ecosystem-services-pes-and-redd-workshop-rio-branco-acre-brazil/presentation_eltioverview_portuguese.pdf/view.html
./projects/completed-projects/translinks/translinks-2009/forest-trends/2009-community-payments-for-ecosystem-services-pes-and-redd-workshop-rio-branco-acre-brazil/presentation_scarcityanddegradationofes_portuguese.pdf/view.html
./projects/completed-projects/translinks/translinks-2009/forest-trends/2009-community-payments-for-ecosystem-services-pes-and-redd-workshop-rio-branco-acre-brazil/conference_agendareddbrazil_portuguese.pdf/view.html
./projects/completed-projects/translinks/translinks-2009/forest-trends/2009-community-payments-for-ecosystem-services-pes-and-redd-workshop-rio-branco-acre-brazil/presentation_carbonprojectsurui_portuguese.pdf/view.html
./projects/completed-projects/translinks/translinks-2009/forest-trends/2009-community-payments-for-ecosystem-services-pes-and-redd-workshop-rio-branco-acre-brazil/index.html
./projects/completed-projects/translinks/translinks-2009/forest-trends/2009-community-payments-for-ecosystem-services-pes-and-redd-workshop-rio-branco-acre-brazil/presentation_carbonstockinruralproperties_spanish.pdf/view.html
./projects/completed-projects/translinks/translinks-2009/forest-trends/2009-community-payments-for-ecosystem-services-pes-and-redd-workshop-rio-branco-acre-brazil/presentation_paymentsandcompensationfores_portuguese.pdf/view.html
./projects/completed-projects/translinks/translinks-2009/forest-trends/2009-community-payments-for-ecosystem-services-pes-and-redd-workshop-rio-branco-acre-brazil/Presentation_AboutELTI_Portuguese.pdf/view.html
./projects/completed-projects/translinks/translinks-2009/forest-trends/2009-community-payments-for-ecosystem-services-pes-and-redd-workshop-rio-branco-acre-brazil/presentation_esoverview_spanish.pdf/view.html
./projects/completed-projects/translinks/translinks-2009/forest-trends/2009-community-payments-for-ecosystem-services-pes-and-redd-workshop-rio-branco-acre-brazil/Presentation_AboutForestTrends_Portuguese.pdf/view.html
./projects/completed-projects/translinks/translinks-2009/forest-trends/2009-community-payments-for-ecosystem-services-pes-and-redd-workshop-rio-branco-acre-brazil/presentation_climatechangeandforests_portuguese.pdf/view.html
./projects/completed-projects/translinks/translinks-2009/forest-trends/2009-community-payments-for-ecosystem-services-pes-and-redd-workshop-rio-branco-acre-brazil/presentation_integratingmapregion_portuguese.pdf/view.html
./projects/completed-projects/translinks/translinks-2009/forest-trends/2009-community-payments-for-ecosystem-services-pes-and-redd-workshop-rio-branco-acre-brazil/presentation_reddacreplan_portuguese.pdf/view.html
./projects/completed-projects/translinks/translinks-2009/forest-trends/2009-community-payments-for-ecosystem-services-pes-and-redd-workshop-rio-branco-acre-brazil/presentation_carbonmarkets_portuguese.pdf/view.html
./projects/completed-projects/translinks/translinks-2009/forest-trends/2009-community-payments-for-ecosystem-services-pes-and-redd-workshop-rio-branco-acre-brazil/Conference_EventSummaryREDDBrazil_Portuguese.pdf/view.html
./projects/completed-projects/translinks/translinks-2009/forest-trends/2009-community-payments-for-ecosystem-services-pes-and-redd-workshop-rio-branco-acre-brazil/Conference_HandoutSimulationRubberMataGrande_Portuguese.pdf/view.html
./projects/completed-projects/translinks/translinks-2009/forest-trends/2009-community-payments-for-ecosystem-services-pes-and-redd-workshop-rio-branco-acre-brazil/presentation_foresttrendsoverview.pdf/view.html
./projects/completed-projects/translinks/translinks-2009/forest-trends/2009-community-payments-for-ecosystem-services-pes-and-redd-workshop-rio-branco-acre-brazil/Conference_SummaryReportREDDAcre.pdf/view.html
./projects/completed-projects/translinks/translinks-2009/forest-trends/2009-community-payments-for-ecosystem-services-pes-and-redd-workshop-rio-branco-acre-brazil/presentation_reddandindigenouspeoples_portuguese.pdf/view.html
./projects/completed-projects/translinks/translinks-2009/forest-trends/Paper_CriteriaforSelectingWatershedsGuatemala_Spanish.pdf/view.html
./projects/completed-projects/translinks/translinks-2009/forest-trends/manual_learningaboutes_portuguese.pdf/view.html
./projects/completed-projects/translinks/translinks-2009/forest-trends/manual_beyondcarbonbiodiversityandwater.pdf/view.html
./projects/completed-projects/translinks/translinks-2009/forest-trends/Report_ImplementingRightsandProtectingForests_Spanish.pdf/view.html
./projects/completed-projects/translinks/translinks-2009/forest-trends/report_translinksprogrammaticreportfy09.pdf/view.html
./projects/completed-projects/translinks/translinks-2009/forest-trends/Manual_CCBAProjectDesignStandards_Spanish.pdf/view.html
./projects/completed-projects/translinks/translinks-2009/forest-trends/2009-forests-climate-change-and-ecosystem-services-training-pretoria-south-africa.html
./projects/completed-projects/translinks/translinks-2009/forest-trends/Paper_ValuationofWatershedServicesGuatemala_Spanish.pdf/view.html
./projects/completed-projects/translinks/translinks-2009/forest-trends/casestudy_reddscopingstudytanzania_.pdf/view.html
./projects/completed-projects/translinks/translinks-2009/forest-trends/manual_forestsvoluntarycarbonmarket.pdf/view.html
./projects/completed-projects/translinks/translinks-2009/forest-trends/Paper_HydrologicAssessmentGuatemala_Spanish.pdf/view.html
./projects/completed-projects/translinks/translinks-2009/forest-trends/the-redd-opportunities-scoping-exercise-a-tool-for-prioritizing-sub-national-redd-activities-case-studies-from-ghana-tanzania-and-uganda/view.html
./projects/completed-projects/translinks/translinks-2009/forest-trends/manual_forestsvoluntarycarbonmarket.pdf.html
./projects/completed-projects/translinks/translinks-2009/forest-trends/brochure_reddopportunitiesscopingexcercise.pdf/view.html
./projects/completed-projects/translinks/translinks-2009/forest-trends/2009-katoomba-meeting-xiv-cuiaba-mato-grosso-brazil/index.html
./projects/completed-projects/translinks/translinks-2009/forest-trends/2009-katoomba-meeting-xiv-cuiaba-mato-grosso-brazil/presentation_pwssanpaulo.pdf/view.html
./projects/completed-projects/translinks/translinks-2009/forest-trends/2009-katoomba-meeting-xiv-cuiaba-mato-grosso-brazil/Booklet_ForestsVoluntaryCarbonMarket1.jpg/view.html
./projects/completed-projects/translinks/translinks-2009/forest-trends/2009-katoomba-meeting-xiv-cuiaba-mato-grosso-brazil/2010-Katoomba-Meeting-XIV-Brazil.html
./projects/completed-projects/translinks/translinks-2009/forest-trends/2009-katoomba-meeting-xiv-cuiaba-mato-grosso-brazil/Booklet_ForestsVoluntaryCarbonMarket_Portuguese1.jpg/view.html
./projects/completed-projects/translinks/translinks-2009/forest-trends/2009-katoomba-meeting-xiv-cuiaba-mato-grosso-brazil/conference_agendakatoombabrazil.pdf/view.html
./projects/completed-projects/translinks/translinks-2009/forest-trends/Presentation_ClimateChangeandCarbonXingu_Portuguese.pdf/view.html
./projects/completed-projects/translinks/translinks-2009/forest-trends/manual_beyondcarbonintegratedsolutions.pdf/view.html
./projects/completed-projects/translinks/translinks-2009/forest-trends/index.html
./projects/completed-projects/translinks/translinks-2009/forest-trends/2010-katoomba-xv-meeting-accra-ghana.html
./projects/completed-projects/translinks/translinks-2009/forest-trends/Paper_LegalFrameworkofHydroServicesGuatemala_Spanish.pdf/view.html
./projects/completed-projects/translinks/translinks-2009/forest-trends/manual_forestsvoluntarycarbonmarket_portuguese.pdf/view.html
./projects/completed-projects/translinks/translinks-2009/forest-trends/manual_carbonandlandusecocoatimberagricultureeconomies.pdf/view.html
./projects/completed-projects/translinks/translinks-2009/forest-trends/the-redd-opportunities-scoping-exercise-a-tool-for-prioritizing-sub-national-redd-activities-case-studies-from-ghana-tanzania-and-uganda.html
./projects/completed-projects/translinks/translinks-2009/forest-trends/manual_beyondcarbonbiodiversityandwater_portuguese.pdf/view.html
./projects/completed-projects/translinks/translinks-2009/forest-trends/2009-katoomba-meeting-xiv-cuiaba-mato-grosso-brazil.html
./projects/completed-projects/translinks/translinks-2009/forest-trends/Presentation_BrazilLandRegistryIniative_Portuguese.pdf/view.html
./projects/completed-projects/translinks/translinks-2009/forest-trends/Presentation_CarbonMarketsandREDDCertification_Portuguese.pdf/view.html
./projects/completed-projects/translinks/translinks-2009/forest-trends/Law_UNDeclarationRightsofIndigenousPeople_Spanish.pdf/view.html
./projects/completed-projects/translinks/translinks-2009/forest-trends/Presentation_CaseStudyCarbonProjectSurui_Portuguese.pdf/view.html
./projects/completed-projects/translinks/translinks-2009/forest-trends/paper_ghanareddlegalreview.pdf/view.html
./projects/completed-projects/translinks/translinks-2009/forest-trends/Presentation_CarbonMarketforCommunities_Portuguese.pdf/view.html
./projects/completed-projects/translinks/translinks-2009/forest-trends/the-redd-opportunities-scoping-exercise-for-ghana-rose-expert-workshop.html
./projects/completed-projects/translinks/translinks-2009/forest-trends/Presentation_BiodiveristyinNWFrontierMatoGrosso_Portuguese.pdf/view.html
./projects/completed-projects/translinks/translinks-2009/forest-trends/Presentation_ClimateChangePoliciesAmazonia_Portuguese.pdf/view.html
./projects/completed-projects/translinks/translinks-2009/forest-trends/2009-community-payments-for-ecosystem-services-pes-and-redd-workshop-rio-branco-acre-brazil.html
./projects/completed-projects/translinks/translinks-2009/forest-trends/Paper_PreliminaryResultsofCDMProjects_Spanish.pdf/view.html
./projects/completed-projects/translinks/translinks-2009/forest-trends/conference_proceedingsbbopparis.pdf/view.html
./projects/completed-projects/translinks/translinks-2009/forest-trends/Paper_SystemsAnalysisofLifeGuatemala_Spanish.pdf/view.html
./projects/completed-projects/translinks/translinks-2009/forest-trends/the-redd-opportunities-scoping-exercise-for-ghana-rose-expert-workshop/view.html
./projects/completed-projects/translinks/translinks-2009/forest-trends/2010-katoomba-xv-meeting-accra-ghana/Presentation_BeyondREDD.mp3.html
./projects/completed-projects/translinks/translinks-2009/forest-trends/2010-katoomba-xv-meeting-accra-ghana/Presentation_REDDEvolvingArchitecture.mp3/view.html
./projects/completed-projects/translinks/translinks-2009/forest-trends/2010-katoomba-xv-meeting-accra-ghana/Presentation_SocialandEnvironmentalStandardsofREDD.mp3.html
./projects/completed-projects/translinks/translinks-2009/forest-trends/2010-katoomba-xv-meeting-accra-ghana/Presentation_BiocharProspectsforAfrica.pdf.html
./projects/completed-projects/translinks/translinks-2009/forest-trends/2010-katoomba-xv-meeting-accra-ghana/Presentation_LocalPerspectivesonOffshoreOilDiscovery.pdf.html
./projects/completed-projects/translinks/translinks-2009/forest-trends/2010-katoomba-xv-meeting-accra-ghana/Presentation_LocalPerspectivesonOffshoreOilDiscovery.pdf/view.html
./projects/completed-projects/translinks/translinks-2009/forest-trends/2010-katoomba-xv-meeting-accra-ghana/Presentation_PotentialforAgricultureCarbonFacility.pdf/view.html
./projects/completed-projects/translinks/translinks-2009/forest-trends/2010-katoomba-xv-meeting-accra-ghana/Presentation_CommunityBasedRegulationofCharcoal.pdf/view.html
./projects/completed-projects/translinks/translinks-2009/forest-trends/2010-katoomba-xv-meeting-accra-ghana/Presentation_DayTwoWelcomeMorakinyo.mp3/view.html
./projects/completed-projects/translinks/translinks-2009/forest-trends/2010-katoomba-xv-meeting-accra-ghana/Presentation_ClimateChangeandSustainableDevelopment.pdf.html
./projects/completed-projects/translinks/translinks-2009/forest-trends/2010-katoomba-xv-meeting-accra-ghana/Presentation_FutureofPESWestAfrica.mp3/view.html
./projects/completed-projects/translinks/translinks-2009/forest-trends/2010-katoomba-xv-meeting-accra-ghana/Presentation_PESWestAfrica.pdf/view.html
./projects/completed-projects/translinks/translinks-2009/forest-trends/2010-katoomba-xv-meeting-accra-ghana/Presentation_OilandPES.mp3.html
./projects/completed-projects/translinks/translinks-2009/forest-trends/2010-katoomba-xv-meeting-accra-ghana/Presentation_BeyondREDD.mp3/view.html
./projects/completed-projects/translinks/translinks-2009/forest-trends/2010-katoomba-xv-meeting-accra-ghana/Presentation_REDDEvolvingArchitecture.mp3.html
./projects/completed-projects/translinks/translinks-2009/forest-trends/2010-katoomba-xv-meeting-accra-ghana/Presentation_REDDReadinessAfrica.pdf/view.html
./projects/completed-projects/translinks/translinks-2009/forest-trends/2010-katoomba-xv-meeting-accra-ghana/Presentation_LandscapeScaleAgriculturalCarbonProjects.pdf/view.html
./projects/completed-projects/translinks/translinks-2009/forest-trends/2010-katoomba-xv-meeting-accra-ghana/Presentation_REDDReadinessAfrica.pdf.html
./projects/completed-projects/translinks/translinks-2009/forest-trends/2010-katoomba-xv-meeting-accra-ghana/Presentation_TowardanIntegratedLandscapeApproach.mp3.html
./projects/completed-projects/translinks/translinks-2009/forest-trends/2010-katoomba-xv-meeting-accra-ghana/Presentation_PaymentsforMarineandHydrologicServices.mp3/view.html
./projects/completed-projects/translinks/translinks-2009/forest-trends/2010-katoomba-xv-meeting-accra-ghana/Presentation_TreeCrops.mp3/view.html
./projects/completed-projects/translinks/translinks-2009/forest-trends/2010-katoomba-xv-meeting-accra-ghana/Presentation_TerrestrialCarbon.pdf/view.html
./projects/completed-projects/translinks/translinks-2009/forest-trends/2010-katoomba-xv-meeting-accra-ghana/Presentation_NigerDeltaOil.pdf/view.html
./projects/completed-projects/translinks/translinks-2009/forest-trends/2010-katoomba-xv-meeting-accra-ghana/Presentation_LandscapeScaleAgriculturalCarbonProjects.pdf.html
./projects/completed-projects/translinks/translinks-2009/forest-trends/2010-katoomba-xv-meeting-accra-ghana/Presentation_NigerDeltaOil.pdf.html
./projects/completed-projects/translinks/translinks-2009/forest-trends/2010-katoomba-xv-meeting-accra-ghana/Presentation_BiodiversityOffsetsandConservationBanking.pdf.html
./projects/completed-projects/translinks/translinks-2009/forest-trends/2010-katoomba-xv-meeting-accra-ghana/Presentation_EvaporationServices.pdf.html
./projects/completed-projects/translinks/translinks-2009/forest-trends/2010-katoomba-xv-meeting-accra-ghana/Presentation_EvaporationServices.pdf/view.html
./projects/completed-projects/translinks/translinks-2009/forest-trends/2010-katoomba-xv-meeting-accra-ghana/Presentation_WelcomeBoamah.mp3.html
./projects/completed-projects/translinks/translinks-2009/forest-trends/2010-katoomba-xv-meeting-accra-ghana/Presentation_LinkageBetweenBiodiversityandREDDMakira.pdf/view.html
./projects/completed-projects/translinks/translinks-2009/forest-trends/2010-katoomba-xv-meeting-accra-ghana/Presentation_PotentialforAgricultureCarbonFacility.pdf.html
./projects/completed-projects/translinks/translinks-2009/forest-trends/2010-katoomba-xv-meeting-accra-ghana/Presentation_TerrestrialCarbon.pdf.html
./projects/completed-projects/translinks/translinks-2009/forest-trends/2010-katoomba-xv-meeting-accra-ghana/Presentation_PotentialPESOptionsinGhanaWestCoast.pdf/view.html
./projects/completed-projects/translinks/translinks-2009/forest-trends/2010-katoomba-xv-meeting-accra-ghana/index.html
./projects/completed-projects/translinks/translinks-2009/forest-trends/2010-katoomba-xv-meeting-accra-ghana/Presentation_TowardsProPoorBenefitSharingMechanisms.pdf.html
./projects/completed-projects/translinks/translinks-2009/forest-trends/2010-katoomba-xv-meeting-accra-ghana/Presentation_REDDandtheCocoaFarmer.pdf.html
./projects/completed-projects/translinks/translinks-2009/forest-trends/2010-katoomba-xv-meeting-accra-ghana/Presentation_PolicyandFinancialMechanisms.pdf/view.html
./projects/completed-projects/translinks/translinks-2009/forest-trends/2010-katoomba-xv-meeting-accra-ghana/Presentation_REDDCarbonMRV.mp3.html
./projects/completed-projects/translinks/translinks-2009/forest-trends/2010-katoomba-xv-meeting-accra-ghana/Presentation_SocialandEnvironmentalStandardsofREDD.pdf.html
./projects/completed-projects/translinks/translinks-2009/forest-trends/2010-katoomba-xv-meeting-accra-ghana/Presentation_PESCoastalEcosystems.pdf.html
./projects/completed-projects/translinks/translinks-2009/forest-trends/2010-katoomba-xv-meeting-accra-ghana/Presentation_PaymentsforMarineandHydrologicServices.mp3.html
./projects/completed-projects/translinks/translinks-2009/forest-trends/2010-katoomba-xv-meeting-accra-ghana/Presentation_PotentialforCocoaCarbon.pdf/view.html
./projects/completed-projects/translinks/translinks-2009/forest-trends/2010-katoomba-xv-meeting-accra-ghana/Presentation_PayingforBiodiversityEmergingOpportunities.mp3.html
./projects/completed-projects/translinks/translinks-2009/forest-trends/2010-katoomba-xv-meeting-accra-ghana/Presentation_LegalandInstitutionalProPoorREDD.pdf/view.html
./projects/completed-projects/translinks/translinks-2009/forest-trends/2010-katoomba-xv-meeting-accra-ghana/Presentation_TowardsProPoorBenefitSharingMechanisms.pdf/view.html
./projects/completed-projects/translinks/translinks-2009/forest-trends/2010-katoomba-xv-meeting-accra-ghana/Presentation_PESCoastalEcosystems.pdf/view.html
./projects/completed-projects/translinks/translinks-2009/forest-trends/2010-katoomba-xv-meeting-accra-ghana/Presentation_CharcoalandEnergyOptions.mp3/view.html
./projects/completed-projects/translinks/translinks-2009/forest-trends/2010-katoomba-xv-meeting-accra-ghana/Presentation_SocialandEnvironmentalStandardsofREDD.pdf/view.html
./projects/completed-projects/translinks/translinks-2009/forest-trends/2010-katoomba-xv-meeting-accra-ghana/Presentation_WelcomeBoamah.mp3/view.html
./projects/completed-projects/translinks/translinks-2009/forest-trends/2010-katoomba-xv-meeting-accra-ghana/Presentation_PotentialforCocoaCarbon.pdf.html
./projects/completed-projects/translinks/translinks-2009/forest-trends/2010-katoomba-xv-meeting-accra-ghana/Presentation_REDDandPESinCentralAfrica.pdf/view.html
./projects/completed-projects/translinks/translinks-2009/forest-trends/2010-katoomba-xv-meeting-accra-ghana/Presentation_BiocharProspectsforAfrica.pdf/view.html
./projects/completed-projects/translinks/translinks-2009/forest-trends/2010-katoomba-xv-meeting-accra-ghana/Presentation_ForestsClimateandCarbon.pdf/view.html
./projects/completed-projects/translinks/translinks-2009/forest-trends/2010-katoomba-xv-meeting-accra-ghana/Presentation_OilandPES.mp3/view.html
./projects/completed-projects/translinks/translinks-2009/forest-trends/2010-katoomba-xv-meeting-accra-ghana/Presentation_BiodiversityOffsetsandConservationBanking.pdf/view.html
./projects/completed-projects/translinks/translinks-2009/forest-trends/2010-katoomba-xv-meeting-accra-ghana/Presentation_LegalandInstitutionalProPoorREDD.pdf.html
./projects/completed-projects/translinks/translinks-2009/forest-trends/2010-katoomba-xv-meeting-accra-ghana/Presentation_FutureofPESWestAfrica.mp3.html
./projects/completed-projects/translinks/translinks-2009/forest-trends/2010-katoomba-xv-meeting-accra-ghana/Presentation_LinkageBetweenBiodiversityandREDDMakira.pdf.html
./projects/completed-projects/translinks/translinks-2009/forest-trends/2010-katoomba-xv-meeting-accra-ghana/Presentation_HydroelectricityandBiodiversityOffsetting.pdf.html
./projects/completed-projects/translinks/translinks-2009/forest-trends/2010-katoomba-xv-meeting-accra-ghana/Presentation_PolicyandFinancialMechanisms.pdf.html
./projects/completed-projects/translinks/translinks-2009/forest-trends/2010-katoomba-xv-meeting-accra-ghana/Presentation_PaymentsforMarineandHydrologicServices.pdf/view.html
./projects/completed-projects/translinks/translinks-2009/forest-trends/2010-katoomba-xv-meeting-accra-ghana/Presentation_ClimateChangeandSustainableDevelopment.pdf/view.html
./projects/completed-projects/translinks/translinks-2009/forest-trends/2010-katoomba-xv-meeting-accra-ghana/Presentation_REDDandtheCocoaFarmer.pdf/view.html
./projects/completed-projects/translinks/translinks-2009/forest-trends/2010-katoomba-xv-meeting-accra-ghana/Presentation_REDDandPESinCentralAfrica.pdf.html
./projects/completed-projects/translinks/translinks-2009/forest-trends/2010-katoomba-xv-meeting-accra-ghana/Presentation_CharcoalandEnergyOptions.mp3.html
./projects/completed-projects/translinks/translinks-2009/forest-trends/2010-katoomba-xv-meeting-accra-ghana/Presentation_TowardanIntegratedLandscapeApproach.mp3/view.html
./projects/completed-projects/translinks/translinks-2009/forest-trends/2010-katoomba-xv-meeting-accra-ghana/Presentation_SocialandEnvironmentalStandardsofREDD.mp3/view.html
./projects/completed-projects/translinks/translinks-2009/forest-trends/2010-katoomba-xv-meeting-accra-ghana/Presentation_PESWestAfrica.pdf.html
./projects/completed-projects/translinks/translinks-2009/forest-trends/2010-katoomba-xv-meeting-accra-ghana/Presentation_PotentialPESOptionsinGhanaWestCoast.pdf.html
./projects/completed-projects/translinks/translinks-2009/forest-trends/2010-katoomba-xv-meeting-accra-ghana/Presentation_TreeCrops.mp3.html
./projects/completed-projects/translinks/translinks-2009/forest-trends/2010-katoomba-xv-meeting-accra-ghana/2009 -katoomba-xv-meeting-accra-ghana.html
./projects/completed-projects/translinks/translinks-2009/forest-trends/2010-katoomba-xv-meeting-accra-ghana/Presentation_REDDCarbonMRV.mp3/view.html
./projects/completed-projects/translinks/translinks-2009/forest-trends/2010-katoomba-xv-meeting-accra-ghana/Presentation_HydroelectricityandBiodiversityOffsetting.pdf/view.html
./projects/completed-projects/translinks/translinks-2009/forest-trends/2010-katoomba-xv-meeting-accra-ghana/Presentation_ForestsClimateandCarbon.pdf.html
./projects/completed-projects/translinks/translinks-2009/forest-trends/2010-katoomba-xv-meeting-accra-ghana/Presentation_PaymentsforMarineandHydrologicServices.pdf.html
./projects/completed-projects/translinks/translinks-2009/forest-trends/2010-katoomba-xv-meeting-accra-ghana/Presentation_CadburyCocoaandCarbon.pdf.html
./projects/completed-projects/translinks/translinks-2009/forest-trends/2010-katoomba-xv-meeting-accra-ghana/Presentation_CadburyCocoaandCarbon.pdf/view.html
./projects/completed-projects/translinks/translinks-2009/forest-trends/2010-katoomba-xv-meeting-accra-ghana/Presentation_DayTwoWelcomeMorakinyo.mp3.html
./projects/completed-projects/translinks/translinks-2009/forest-trends/2010-katoomba-xv-meeting-accra-ghana/Presentation_PayingforBiodiversityEmergingOpportunities.mp3/view.html
./projects/completed-projects/translinks/translinks-2009/index.html
./projects/completed-projects/translinks/translinks-2009/translinks-products-2009.html
./projects/completed-projects/translinks/translinks-2009/wildlife-conservation-society/casestudy_improvingpoultryproductiontanzania.pdf/view.html
./projects/completed-projects/translinks/translinks-2009/wildlife-conservation-society/presentation_carbonmarkets.pdf/view.html
./projects/completed-projects/translinks/translinks-2009/wildlife-conservation-society/casestudy_elephantpepperconservationfocusedbusiness.pdf/view.html
./projects/completed-projects/translinks/translinks-2009/wildlife-conservation-society/brochure_wfenaromaforestessentialoils.pdf/view.html
./projects/completed-projects/translinks/translinks-2009/wildlife-conservation-society/manual_reddprojectdevelopmentguide.pdf.html
./projects/completed-projects/translinks/translinks-2009/wildlife-conservation-society/brochure_wfenallthingsalpaca.pdf/view.html
./projects/completed-projects/translinks/translinks-2009/wildlife-conservation-society/2009-health-as-an-es-workshop-new-york-usa/conference_participantshealthasanes.pdf.html
./projects/completed-projects/translinks/translinks-2009/wildlife-conservation-society/2009-health-as-an-es-workshop-new-york-usa/conference_agendahealthasanes.pdf/view.html
./projects/completed-projects/translinks/translinks-2009/wildlife-conservation-society/2009-health-as-an-es-workshop-new-york-usa/index.html
./projects/completed-projects/translinks/translinks-2009/wildlife-conservation-society/2009-health-as-an-es-workshop-new-york-usa/2009-Health-as-an-ES-Workshop-USA.html
./projects/completed-projects/translinks/translinks-2009/wildlife-conservation-society/2009-health-as-an-es-workshop-new-york-usa/conference_agendahealthasanes.pdf.html
./projects/completed-projects/translinks/translinks-2009/wildlife-conservation-society/2009-health-as-an-es-workshop-new-york-usa/presentation_potentialsforconservinghealthases.pdf/view.html
./projects/completed-projects/translinks/translinks-2009/wildlife-conservation-society/2009-health-as-an-es-workshop-new-york-usa/presentation_potentialsforconservinghealthases.pdf.html
./projects/completed-projects/translinks/translinks-2009/wildlife-conservation-society/2009-health-as-an-es-workshop-new-york-usa/conference_participantshealthasanes.pdf/view.html
./projects/completed-projects/translinks/translinks-2009/wildlife-conservation-society/brochure_wfenibisrice.pdf/view.html
./projects/completed-projects/translinks/translinks-2009/wildlife-conservation-society/casestudy_participatorylandusezoningdrc.pdf/view.html
./projects/completed-projects/translinks/translinks-2009/wildlife-conservation-society/casestudy_intensivecropproductionmongolia_mongolian.pdf/view.html
./projects/completed-projects/translinks/translinks-2009/wildlife-conservation-society/manual_reddprojectdevelopmentguide.pdf/view.html
./projects/completed-projects/translinks/translinks-2009/wildlife-conservation-society/index.html
./projects/completed-projects/translinks/translinks-2009/wildlife-conservation-society/brochure_wfenhimalayanbiotradepvtltd.pdf/view.html
./projects/completed-projects/translinks/translinks-2009/wildlife-conservation-society/annualreport_translinksfy09.pdf/view.html
./projects/completed-projects/translinks/translinks-2009/wildlife-conservation-society/brochure_wfenannekenttaylorfund.pdf/view.html
./projects/completed-projects/translinks/translinks-2009/wildlife-conservation-society/casestudy_hwccompensationandinsurance.pdf/view.html
./projects/completed-projects/translinks/translinks-2009/wildlife-conservation-society/2009-health-as-an-es-workshop-new-york-usa.html
./projects/completed-projects/translinks/translinks-2009/wildlife-conservation-society/brochure_wfencommunitymarketsforconservation.pdf/view.html
./projects/completed-projects/translinks/translinks-2009/wildlife-conservation-society/report_improvementofpoultryproductionmozambique.pdf/view.html
./projects/completed-projects/translinks/translinks-2009/wildlife-conservation-society/casestudy_paymentsforbiodiversityconservationcambodia.pdf/view.html
./projects/completed-projects/translinks/translinks-2009/wildlife-conservation-society/casestudy_birdnestprotectionprogramcambodia.pdf/view.html
./projects/completed-projects/translinks/translinks-2009/wildlife-conservation-society/casestudy_bundlingagriculturalproductswithes.pdf/view.html
./projects/completed-projects/translinks/translinks-2009/wildlife-conservation-society/presentation_benefitsharingmechanisms.pdf/view.html
./projects/completed-projects/translinks/translinks-2009/wildlife-conservation-society/presentation_carbonprojecttypesandmethods.pdf/view.html
./projects/completed-projects/translinks/translinks-2009/wildlife-conservation-society/casestudy_participatorynaturalresourceassessmentmongolia.pdf/view.html
./projects/completed-projects/translinks/translinks-2009/wildlife-conservation-society/casestudy_challengestoestablishingpesgabon.pdf/view.html
./projects/completed-projects/translinks/translinks-2009/wildlife-conservation-society/brochure_wfenwildlifeworks.pdf/view.html
./projects/completed-projects/translinks/translinks-2009/wildlife-conservation-society/casestudy_incentiveagreementsmaleoconservationsulawesi.pdf/view.html
./projects/completed-projects/translinks/translinks-2009/wildlife-conservation-society/casestudy_intensivecropproductionmongolia.pdf/view.html
./projects/completed-projects/translinks/translinks-2009/wildlife-conservation-society/casestudy_effectsofinstitutionalcontrolsoncprextraction.pdf/view.html
./projects/completed-projects/translinks/translinks-2009/wildlife-conservation-society/brochure_wfenelephantpepper.pdf/view.html
./projects/completed-projects/translinks/translinks-2009/wildlife-conservation-society/report_ecologicalandeconomicvaluemongolianmarmots.pdf/view.html
./projects/completed-projects/translinks/translinks-2009/wildlife-conservation-society/presentation_forestcarbonprojectcambodia.pdf/view.html
./projects/completed-projects/translinks/translinks-2009/wildlife-conservation-society.html
./projects/completed-projects/translinks/translinks-2009/forest-trends.html
./projects/completed-projects/translinks/pes-general-1.html
./projects/completed-projects/translinks/seminars.html
./projects/completed-projects/translinks/translinks-collection/index.html
./projects/completed-projects/translinks/translinks-2009.html
./projects/completed-projects/translinks/specialty-collection-translinks-documents.html
./projects/completed-projects/translinks/translinks-promoting-transformations-nwp-final-report.html
./projects/completed-projects/translinks/comaco-excerpt-from-translinks-video.html
./projects/completed-projects/translinks/final-document-nested-approaches-to-redd/view.html
./projects/completed-projects/translinks/governance.html
./projects/completed-projects/translinks/other-research-papers-reports.html
./projects/completed-projects/translinks/enterprise-works-vita-translinks-products.html
./projects/completed-projects/translinks/wildlife-conservation-society-translinks-products.html
./projects/completed-projects/translinks/peer-reviewed-journal-articles/conflict-management-decentralization-agropastoralism-dryland-west-africa/view.html
./projects/completed-projects/translinks/peer-reviewed-journal-articles/new-pastoral-development-paradigm.html
./projects/completed-projects/translinks/peer-reviewed-journal-articles/evidence-of-payments-for-ecosystem-services-as-a-mechanism-for-supporting-biodiversity-conservation-and-rural-livelihoods/view.html
./projects/completed-projects/translinks/peer-reviewed-journal-articles/land-use-change-modeling-in-a-brazilian-indigenous-reserve-construction-of-a-reference-scenario-for-the-surui-redd-project.html
./projects/completed-projects/translinks/peer-reviewed-journal-articles/forest-conservation-slippage-mexico-pes/view.html
./projects/completed-projects/translinks/peer-reviewed-journal-articles/global-environmental-change-land-tenure-forests/view.html
./projects/completed-projects/translinks/peer-reviewed-journal-articles/getting-the-science-right-when-paying-for-natures-services/view.html
./projects/completed-projects/translinks/peer-reviewed-journal-articles/frontiers-in-ecology-environment-issue-9-nov-2010.html
./projects/completed-projects/translinks/peer-reviewed-journal-articles/index.html
./projects/completed-projects/translinks/peer-reviewed-journal-articles/paying-for-wolves-solapur-india-wisconsin-usa.html
./projects/completed-projects/translinks/peer-reviewed-journal-articles/frontiers-in-ecology-environment-issue-9-nov-2010/view.html
./projects/completed-projects/translinks/peer-reviewed-journal-articles/land-use-change-modeling-in-a-brazilian-indigenous-reserve-construction-of-a-reference-scenario-for-the-surui-redd-project/view.html
./projects/completed-projects/translinks/peer-reviewed-journal-articles/global-environmental-change-land-tenure-forests.html
./projects/completed-projects/translinks/peer-reviewed-journal-articles/peer-reviewed-journal-articles-in-progress-collection.html
./projects/completed-projects/translinks/peer-reviewed-journal-articles/evidence-of-payments-for-ecosystem-services-as-a-mechanism-for-supporting-biodiversity-conservation-and-rural-livelihoods.html
./projects/completed-projects/translinks/peer-reviewed-journal-articles/getting-the-science-right-when-paying-for-natures-services.html
./projects/completed-projects/translinks/peer-reviewed-journal-articles/livelihood-transitions-farmer-herder-conflict-sahelian-west-afirca/view.html
./projects/completed-projects/translinks/peer-reviewed-journal-articles/paying-for-wolves-solapur-india-wisconsin-usa/view.html
./projects/completed-projects/translinks/peer-reviewed-journal-articles/livelihood-transitions-farmer-herder-conflict-sahelian-west-afirca.html
./projects/completed-projects/translinks/peer-reviewed-journal-articles/new-pastoral-development-paradigm/view.html
./projects/completed-projects/translinks/peer-reviewed-journal-articles/forest-conservation-slippage-mexico-pes.html
./projects/completed-projects/translinks/peer-reviewed-journal-articles/conflict-management-decentralization-agropastoralism-dryland-west-africa.html
./projects/completed-projects/translinks/tools.html
./projects/completed-projects/translinks/translinks-2007/land-tenure-center.html
./projects/completed-projects/translinks/translinks-2007/translinks-products-2007.html
./projects/completed-projects/translinks/translinks-2007/land-tenure-center/HumanWildlifeConflict_Briefing_LTC_2007.pdf/view.html
./projects/completed-projects/translinks/translinks-2007/land-tenure-center/ecological-complexity-and-the-management-of-common-property-resources/view.html
./projects/completed-projects/translinks/translinks-2007/land-tenure-center/index.html
./projects/completed-projects/translinks/translinks-2007/land-tenure-center/ecological-complexity-and-the-management-of-common-property-resources.html
./projects/completed-projects/translinks/translinks-2007/land-tenure-center/CollaborativeLandUsePlanningZoningProtectedAreas_Briefing_LTC_2007.pdf/view.html
./projects/completed-projects/translinks/translinks-2007/land-tenure-center/GenderAndShiftingWaterGovernance_Briefing_LTC_2007.pdf/view.html
./projects/completed-projects/translinks/translinks-2007/enterpriseworks-vita-relief-international.html
./projects/completed-projects/translinks/translinks-2007/earth-institute/ProdMarketingChainsforCons_MarketingBrochure_EWV_2007.pdf/view.html
./projects/completed-projects/translinks/translinks-2007/earth-institute/BeyondBoundariesDraft_ZoningBrochure_2007.pdf/view.html
./projects/completed-projects/translinks/translinks-2007/earth-institute/ConservationConcessionsGuatemala_CaseStudy_Translinks_2007.pdf/view.html
./projects/completed-projects/translinks/translinks-2007/earth-institute/WatamuTurtleWatchNestProtectionProgKenya_CaseStudy_Translinks_2007.pdf/view.html
./projects/completed-projects/translinks/translinks-2007/earth-institute/index.html
./projects/completed-projects/translinks/translinks-2007/earth-institute/ChicoMendesLawandRubberTappersBrazil_CaseStudy_Translinks_2007.pdf/view.html
./projects/completed-projects/translinks/translinks-2007/earth-institute/SasumuaWaterTreatmentPlantKenya_CaseStudy_Translinks_2007.pdf/view.html
./projects/completed-projects/translinks/translinks-2007/earth-institute/LaAguadaAndTheSiembraDelAguaProjectBolivia_CaseStudy_Translinks_2007.pdf/view.html
./projects/completed-projects/translinks/translinks-2007/earth-institute/TorraConservancyNamibia_CaseStudy_Translinks_2007.pdf/view.html
./projects/completed-projects/translinks/translinks-2007/earth-institute/ConservationConcessionGuyana_CaseStudy_Translinks_2007.pdf/view.html
./projects/completed-projects/translinks/translinks-2007/earth-institute/SustainableResourceMgmtMalawi_CaseStudy_Translinks_2007.pdf/view.html
./projects/completed-projects/translinks/translinks-2007/earth-institute/CompensationInBrazilICMS_CaseStudy_Translinks_2007.pdf/view.html
./projects/completed-projects/translinks/translinks-2007/earth-institute/WorkingForWaterSouthAfrica_CaseStudy_Translinks_2007.pdf/view.html
./projects/completed-projects/translinks/translinks-2007/earth-institute/PymtsForWatershedServicesEcuador_CaseStudy_Translinks_2007.pdf/view.html
./projects/completed-projects/translinks/translinks-2007/earth-institute.html
./projects/completed-projects/translinks/translinks-2007/forest-trends/index.html
./projects/completed-projects/translinks/translinks-2007/forest-trends/INECommunity_Comic_ForestTrends_2007.pdf/view.html
./projects/completed-projects/translinks/translinks-2007/forest-trends/PESPrimerGettingStarted_IntroductoryDoc_KatoombaGroup_2007.doc/view.html
./projects/completed-projects/translinks/translinks-2007/enterpriseworks-vita-relief-international/GuideslinesCommBasedForestMgmt_Guide_EWV_2007.doc/view.html
./projects/completed-projects/translinks/translinks-2007/enterpriseworks-vita-relief-international/index.html
./projects/completed-projects/translinks/translinks-2007/enterpriseworks-vita-relief-international/ForestandForestLandsMgmt_Training Guide_EWV_2007.pdf.html
./projects/completed-projects/translinks/translinks-2007/enterpriseworks-vita-relief-international/2007-translinks-nwp-workshop-quezon-city-philippines/Presentation_CommunityForestManagementPhilippines/view.html
./projects/completed-projects/translinks/translinks-2007/enterpriseworks-vita-relief-international/2007-translinks-nwp-workshop-quezon-city-philippines/Presentation_UCMSEED.html
./projects/completed-projects/translinks/translinks-2007/enterpriseworks-vita-relief-international/2007-translinks-nwp-workshop-quezon-city-philippines/Presentation_2007PhilippinesTransLinksNWPWorkshopCDLaunch.html
./projects/completed-projects/translinks/translinks-2007/enterpriseworks-vita-relief-international/2007-translinks-nwp-workshop-quezon-city-philippines/Presentation_EnvironmentAndRuralDevelopment.html
./projects/completed-projects/translinks/translinks-2007/enterpriseworks-vita-relief-international/2007-translinks-nwp-workshop-quezon-city-philippines/LinkingNatResourcesEconGrowthAndGoodGov_NWPConf_PTFCF_2007.ppt/view.html
./projects/completed-projects/translinks/translinks-2007/enterpriseworks-vita-relief-international/2007-translinks-nwp-workshop-quezon-city-philippines/Presentation_2007PhilippinesTransLinksNWPWorkshopCDLaunch/view.html
./projects/completed-projects/translinks/translinks-2007/enterpriseworks-vita-relief-international/2007-translinks-nwp-workshop-quezon-city-philippines/Presentation_EnvironmentAndRuralDevelopment/view.html
./projects/completed-projects/translinks/translinks-2007/enterpriseworks-vita-relief-international/2007-translinks-nwp-workshop-quezon-city-philippines/2007-TransLinks-NWP-Workshop-Quezon-City-Philippines.html
./projects/completed-projects/translinks/translinks-2007/enterpriseworks-vita-relief-international/2007-translinks-nwp-workshop-quezon-city-philippines/index.html
./projects/completed-projects/translinks/translinks-2007/enterpriseworks-vita-relief-international/2007-translinks-nwp-workshop-quezon-city-philippines/Presentation_HoneyFromTheLastFrontier/view.html
./projects/completed-projects/translinks/translinks-2007/enterpriseworks-vita-relief-international/2007-translinks-nwp-workshop-quezon-city-philippines/TransLinks_NWPConf_WCS_2007.ppt/view.html
./projects/completed-projects/translinks/translinks-2007/enterpriseworks-vita-relief-international/2007-translinks-nwp-workshop-quezon-city-philippines/Presentation_TmatboeyIbisTourismSite.html
./projects/completed-projects/translinks/translinks-2007/enterpriseworks-vita-relief-international/2007-translinks-nwp-workshop-quezon-city-philippines/Presentation_EnterpriseBasedBiodiversityConservation/view.html
./projects/completed-projects/translinks/translinks-2007/enterpriseworks-vita-relief-international/2007-translinks-nwp-workshop-quezon-city-philippines/CBFMAssessmentSynthesis_NWPConf_EWV_2007.ppt/view.html
./projects/completed-projects/translinks/translinks-2007/enterpriseworks-vita-relief-international/2007-translinks-nwp-workshop-quezon-city-philippines/linking-natural-resources-economic-growth-and-good-governance/view.html
./projects/completed-projects/translinks/translinks-2007/enterpriseworks-vita-relief-international/2007-translinks-nwp-workshop-quezon-city-philippines/Presentation_UCMSEED/view.html
./projects/completed-projects/translinks/translinks-2007/enterpriseworks-vita-relief-international/2007-translinks-nwp-workshop-quezon-city-philippines/Presentation_TmatboeyIbisTourismSite/view.html
./projects/completed-projects/translinks/translinks-2007/enterpriseworks-vita-relief-international/2007-translinks-nwp-workshop-quezon-city-philippines/2007ProceedingsNWPPhilippines.pdf/view.html
./projects/completed-projects/translinks/translinks-2007/enterpriseworks-vita-relief-international/2007-translinks-nwp-workshop-quezon-city-philippines/Presentation_NWPFramework/view.html
./projects/completed-projects/translinks/translinks-2007/enterpriseworks-vita-relief-international/2007-translinks-nwp-workshop-quezon-city-philippines/ToolsMeasuringNatureWealthPower_NWPConf_EWV_2007.ppt/view.html
./projects/completed-projects/translinks/translinks-2007/enterpriseworks-vita-relief-international/2007-translinks-nwp-workshop-quezon-city-philippines/Presentation_EnterpriseBasedBiodiversityConservation.html
./projects/completed-projects/translinks/translinks-2007/enterpriseworks-vita-relief-international/2007-translinks-nwp-workshop-quezon-city-philippines/Presentation_TmatboeyCommunityEcotourism/view.html
./projects/completed-projects/translinks/translinks-2007/enterpriseworks-vita-relief-international/2007-translinks-nwp-workshop-quezon-city-philippines/Presentation_BiologyInstituteUPDiliman/view.html
./projects/completed-projects/translinks/translinks-2007/enterpriseworks-vita-relief-international/2007-translinks-nwp-workshop-quezon-city-philippines/Presentation_HoneyFromTheLastFrontier.html
./projects/completed-projects/translinks/translinks-2007/enterpriseworks-vita-relief-international/2007-translinks-nwp-workshop-quezon-city-philippines/Presentation_ForestHoneyDevelopmentDanau.html
./projects/completed-projects/translinks/translinks-2007/enterpriseworks-vita-relief-international/2007-translinks-nwp-workshop-quezon-city-philippines/emerging-tools-and-lessons-that-link-forestlands-management-with-economic-growth-and-governance.html
./projects/completed-projects/translinks/translinks-2007/enterpriseworks-vita-relief-international/2007-translinks-nwp-workshop-quezon-city-philippines/Presentation_ForestHoneyDevelopmentDanau/view.html
./projects/completed-projects/translinks/translinks-2007/enterpriseworks-vita-relief-international/2007-translinks-nwp-workshop-quezon-city-philippines/Presentation_NWPFramework.html
./projects/completed-projects/translinks/translinks-2007/enterpriseworks-vita-relief-international/2007-translinks-nwp-workshop-quezon-city-philippines/Presentation_ForestConservationAndNTFPEnterprise/view.html
./projects/completed-projects/translinks/translinks-2007/enterpriseworks-vita-relief-international/2007-translinks-nwp-workshop-quezon-city-philippines/linking-natural-resources-economic-growth-and-good-governance.html
./projects/completed-projects/translinks/translinks-2007/enterpriseworks-vita-relief-international/2007-translinks-nwp-workshop-quezon-city-philippines/Presentation_CommunityForestManagementPhilippines.html
./projects/completed-projects/translinks/translinks-2007/enterpriseworks-vita-relief-international/2007-translinks-nwp-workshop-quezon-city-philippines/emerging-tools-and-lessons-that-link-forestlands-management-with-economic-growth-and-governance/view.html
./projects/completed-projects/translinks/translinks-2007/enterpriseworks-vita-relief-international/2007-translinks-nwp-workshop-quezon-city-philippines/Presentation_NTFPRawSemiProcessedMaterials.ppt/view.html
./projects/completed-projects/translinks/translinks-2007/enterpriseworks-vita-relief-international/2007-translinks-nwp-workshop-quezon-city-philippines/Presentation_TmatboeyCommunityEcotourism.html
./projects/completed-projects/translinks/translinks-2007/enterpriseworks-vita-relief-international/2007-translinks-nwp-workshop-quezon-city-philippines/Presentation_BiologyInstituteUPDiliman.html
./projects/completed-projects/translinks/translinks-2007/enterpriseworks-vita-relief-international/2007-translinks-nwp-workshop-quezon-city-philippines/Presentation_ForestConservationAndNTFPEnterprise.html
./projects/completed-projects/translinks/translinks-2007/enterpriseworks-vita-relief-international/2007-translinks-nwp-workshop-quezon-city-philippines/Presentation_NTFPTaskForce.ppt/view.html
./projects/completed-projects/translinks/translinks-2007/enterpriseworks-vita-relief-international/2007-translinks-nwp-workshop-quezon-city-philippines.html
./projects/completed-projects/translinks/translinks-2007/enterpriseworks-vita-relief-international/ForestandForestLandsMgmt_Training Guide_EWV_2007.pdf/view.html
./projects/completed-projects/translinks/translinks-2007/index.html
./projects/completed-projects/translinks/translinks-2007/wildlife-conservation-society/TranslinksBriefsHumanRights_Briefing_WCS_2007.pdf/view.html
./projects/completed-projects/translinks/translinks-2007/wildlife-conservation-society/index.html
./projects/completed-projects/translinks/translinks-2007/wildlife-conservation-society/CastingConservationActors_WCS_2007.pdf/view.html
./projects/completed-projects/translinks/translinks-2007/wildlife-conservation-society/annual-report-2007-translinks-promoting-transformations-by-linking-natural-resources-economic-growth-and-governance/view.html
./projects/completed-projects/translinks/translinks-2007/wildlife-conservation-society/DirectPaymentsForConservation_Briefing_WCS_2007.pdf/view.html
./projects/completed-projects/translinks/translinks-2007/wildlife-conservation-society/LivelihoodSurveys_Manual_WCS_2007.pdf/view.html
./projects/completed-projects/translinks/translinks-2007/wildlife-conservation-society/annual-report-2007-translinks-promoting-transformations-by-linking-natural-resources-economic-growth-and-governance.html
./projects/completed-projects/translinks/translinks-2007/wildlife-conservation-society.html
./projects/completed-projects/translinks/translinks-2007/forest-trends.html
./projects/completed-projects/usaid-lestari.html
./projects/completed-projects/build.html
./projects/completed-projects/vukanow.html
./projects/completed-projects/translinks.html
./projects/completed-projects/wctc-project/projects/completed-projects/wctc-project/resources.html
./projects/completed-projects/wctc-project/resources.html
./projects/completed-projects/wctc-project/wildlife-crime-tech-challenge-1.html
./projects/completed-projects/wctc-project/index.html
./projects/completed-projects/wctc-project/wildlife-crime-tech-challenge/index.html
./projects/completed-projects/wctc-project/wildlife-crime-tech-challenge/wildlife-crime-tech-challenge-page.html
./projects/completed-projects/wctc-project/wildlife-crime-tech-challenge.html
./projects/completed-projects/wctc-project/resources/wctc-resources-collection.html
./projects/completed-projects/wctc-project/resources/index.html
./projects/completed-projects/wctc-project/resources/wctc-videos/uni-of-leicester-dna-sequencer-fight-wildlife-crime.html
./projects/completed-projects/wctc-project/resources/wctc-videos/planet-indonesia-app-protect-songbirds.html
./projects/completed-projects/wctc-project/resources/wctc-videos/mars-omega-boosts-wildlife-crime-intelligence.html
./projects/completed-projects/wctc-project/resources/wctc-videos/index.html
./projects/completed-projects/wctc-project/resources/wctc-videos/for-the-fishes-app-protects-coral-reef-fish.html
./projects/completed-projects/wctc-project/resources/wctc-videos/zsl-protects-wildlife-museums-protect-priceless-art.html
./projects/completed-projects/wctc-project/resources/wctc-videos/binomial-solutions-changing-wildlife-surveillance.html
./projects/completed-projects/wctc-project/resources/wctc-videos/uni-pretoria-dna-profiling-rhinos.html
./projects/completed-projects/wctc-project/resources/wctc-videos/new-england-aquarium-tackling-wildlife-trafficking-ports.html
./projects/completed-projects/wctc-project/resources/wctc-videos/paso-pacifico-saving-sea-turtles.html
./projects/completed-projects/wctc-project/resources/wctc-videos/gdelt-project-data-map-wildlife-crime.html
./projects/completed-projects/wctc-project/resources/wctc-videos/national-whistleblower-center-fighting-wildlife-crime-corruption.html
./projects/completed-projects/wctc-project/resources/wctc-videos/nyu-tackling-online-wildlife-trafficking.html
./projects/completed-projects/wctc-project/resources/wctc-videos/uni-washington-dna-tech-pangolins.html
./projects/completed-projects/wctc-project/resources/wctc-videos/bosque-antiguo-using-tech-tackle-bird-reptile-trafficking.html
./projects/completed-projects/wctc-project/resources/wctc-videos/yiari-protect-slow-lorises.html
./projects/completed-projects/wctc-project/resources/wctc-videos.html
./projects/completed-projects/wctc-project/resources/wctc-online-final-event-summary-for-the-gateway.html
./projects/completed-projects/usaid-lestari/index.html
./projects/completed-projects/usaid-lestari/usaid-lestari-project.html
./projects/completed-projects/bridge/bridge-news-and-events/index.html
./projects/completed-projects/bridge/bridge-news-and-events/bridge-news-and-events.html
./projects/completed-projects/bridge/evidence.html
./projects/completed-projects/bridge/cross-sector-linkages/bridge-resources/the-importance-of-biodiversity-and-natural-systems-to-food-security-in-tanzania/view.html
./projects/completed-projects/bridge/cross-sector-linkages/bridge-resources/democracy-human-rights-and-governance-and-biodiversity-conservation-linkages/view.html
./projects/completed-projects/bridge/opportunities-for-biodiversity-integration/democracy-human-rights-and-governance.html
./projects/completed-projects/bridge/opportunities-for-biodiversity-integration/food-security.html
./projects/completed-projects/bridge/opportunities-for-biodiversity-integration/index.html
./projects/completed-projects/bridge/opportunities-for-biodiversity-integration/health-water-sanitation-and-hygiene.html
./projects/completed-projects/bridge/opportunities-for-biodiversity-integration/home.html
./projects/completed-projects/bridge/opportunities-for-biodiversity-integration/climate-change.html
./projects/completed-projects/bridge/tools-and-approaches.html
./projects/completed-projects/bridge/index.html
./projects/completed-projects/bridge/bridge-resources.html
./projects/completed-projects/bridge/bridge-home.html
./projects/completed-projects/bridge/usaid-biodiversity-integration-case-study-competition.html
./projects/completed-projects/bridge/bridge-resources/bridge-final-report-2020.pdf/view.html
./projects/completed-projects/bridge/bridge-resources/democracy-human-rights-and-governance.html
./projects/completed-projects/bridge/bridge-resources/the-importance-of-biodiversity-and-natural-systems-to-food-security-in-tanzania/view.html
./projects/completed-projects/bridge/bridge-resources/thinking-and-working-politically-linkages-and-lessons-from-biodiversity-conservation.pdf/view.html
./projects/completed-projects/bridge/bridge-resources/maintaining-water-security-in-critical-water-catchments-in-mongolia.html
./projects/completed-projects/bridge/bridge-resources/advancing-reforms-to-promote-sustainable-management-of-ghana2019s-small-pelagic-fisheries/view.html
./projects/completed-projects/bridge/bridge-resources/integrating-biodiversity-and-sustainable-landscapes-in-usaid-programming_2020.pdf/view.html
./projects/completed-projects/bridge/bridge-resources/integrating-ecosystem-values-cost-benefit-analysis/index.html
./projects/completed-projects/bridge/bridge-resources/integrating-ecosystem-values-cost-benefit-analysis/view.html
./projects/completed-projects/bridge/bridge-resources/evidence-summary-ecosystem-based-adaptation-and-food-security/view.html
./projects/completed-projects/bridge/bridge-resources/food-security-reference-sheet/view.html
./projects/completed-projects/bridge/bridge-resources/case-study-restoring-coral-reefs-in-the-face-of-climate-change-in-the-seychelles/view.html
./projects/completed-projects/bridge/bridge-resources/ecosystem-based-adaptation-and-extreme-events/view.html
./projects/completed-projects/bridge/bridge-resources/monitoring-evaluating-and-learning-from-biodiversity-conservations-benefits-across-sectors.pdf.html
./projects/completed-projects/bridge/bridge-resources/lessons-learned-from-the-biodiversity-integration-case-study-competition.pdf.html
./projects/completed-projects/bridge/bridge-resources/evidence-summary-ecosystem-based-adaptation-and-food-security.html
./projects/completed-projects/bridge/bridge-resources/series-synthesis-ecosystem-based-adaptation/view.html
./projects/completed-projects/bridge/bridge-resources/bridge-reference-sheets.html
./projects/completed-projects/bridge/bridge-resources/wild-pollinators-food-security-and-nutrition.pdf.html
./projects/completed-projects/bridge/bridge-resources/ecosystem-based-adaptation-and-extreme-events.html
./projects/completed-projects/bridge/bridge-resources/evidence-summary-ecosystem-based-adaptation-and-water-security/view.html
./projects/completed-projects/bridge/bridge-resources/advancing-reforms-to-promote-sustainable-management-of-ghana2019s-small-pelagic-fisheries.html
./projects/completed-projects/bridge/bridge-resources/democracy-human-rights-and-governance/view.html
./projects/completed-projects/bridge/bridge-resources/biodiversity-reference-sheet.html
./projects/completed-projects/bridge/bridge-resources/evidence-summary-ecosystem-based-adaptation-and-water-security.html
./projects/completed-projects/bridge/bridge-resources/biodiversity-integration-in-practice-a-case-study-of-usaid-in-mozambique/index.html
./projects/completed-projects/bridge/bridge-resources/biodiversity-integration-in-practice-a-case-study-of-usaid-in-mozambique/view.html
./projects/completed-projects/bridge/bridge-resources/wild-pollinators-food-security-and-nutrition.pdf/view.html
./projects/completed-projects/bridge/bridge-resources/discussion-note-thinking-and-working-politically-and-strengthening-political-economy-analysis-in-usaid-biodiversity-programming/view.html
./projects/completed-projects/bridge/bridge-resources/index.html
./projects/completed-projects/bridge/bridge-resources/biodiversity-integration-case-study-competition-winners/index.html
./projects/completed-projects/bridge/bridge-resources/biodiversity-integration-case-study-competition-winners/view.html
./projects/completed-projects/bridge/bridge-resources/the-role-of-wild-caught-fisheries-in-african-development/index.html
./projects/completed-projects/bridge/bridge-resources/the-role-of-wild-caught-fisheries-in-african-development/view.html
./projects/completed-projects/bridge/bridge-resources/evidence-summary-ecosystem-based-adaptation-and-coastal-populations/view.html
./projects/completed-projects/bridge/bridge-resources/biodiversity-integration-in-practice-case-study-honduras-2018/view.html
./projects/completed-projects/bridge/bridge-resources/democracy-human-rights-and-governance-and-biodiversity-conservation-linkages/view.html
./projects/completed-projects/bridge/bridge-resources/food-security-reference-sheet.html
./projects/completed-projects/bridge/bridge-resources/bridge-resources/discussion-note-thinking-and-working-politically-and-strengthening-political-economy-analysis-in-usaid-biodiversity-programming/view.html
./projects/completed-projects/bridge/bridge-resources/biodiversity-conservation-advances-global-health-priorities/view.html
./projects/completed-projects/bridge/bridge-resources/monitoring-evaluating-and-learning-from-biodiversity-conservations-benefits-across-sectors.pdf/view.html
./projects/completed-projects/bridge/bridge-resources/evidence-summary-the-economics-of-ecosystem-based-adaptation/view.html
./projects/completed-projects/bridge/bridge-resources/maintaining-water-security-in-peru-through-green-infrastructure.html
./projects/completed-projects/bridge/bridge-resources/biodiversity-integration-in-practice-case-study-honduras-2018.html
./projects/completed-projects/bridge/bridge-resources/conserving-ecosystems-to-support-climate-resilience-in-bangladesh.html
./projects/completed-projects/bridge/bridge-resources/integrating-biodiversity-and-sustainable-landscapes-in-usaid-programming_2020.pdf.html
./projects/completed-projects/bridge/bridge-resources/maintaining-water-security-in-peru-through-green-infrastructure/view.html
./projects/completed-projects/bridge/bridge-resources/biodiversity-integration-in-practice-a-case-study-of-usaid-in-mozambique.html
./projects/completed-projects/bridge/bridge-resources/maintaining-water-security-in-critical-water-catchments-in-mongolia/view.html
./projects/completed-projects/bridge/bridge-resources/biodiversity-integration-case-study-competition-winners.html
./projects/completed-projects/bridge/bridge-resources/lessons-learned-from-the-biodiversity-integration-case-study-competition.pdf/view.html
./projects/completed-projects/bridge/bridge-resources/integrating-ecosystem-values-cost-benefit-analysis.html
./projects/completed-projects/bridge/bridge-resources/water-and-sanitation-reference-sheet.html
./projects/completed-projects/bridge/bridge-resources/health-reference-sheet.html
./projects/completed-projects/bridge/bridge-resources/evidence-summary-the-economics-of-ecosystem-based-adaptation.html
./projects/completed-projects/bridge/bridge-resources/conserving-ecosystems-to-support-climate-resilience-in-bangladesh/view.html
./projects/completed-projects/bridge/bridge-resources/facts-about-wild-caught-fisheries-african-development.html
./projects/completed-projects/bridge/bridge-resources/case-study-restoring-coral-reefs-in-the-face-of-climate-change-in-the-seychelles.html
./projects/completed-projects/bridge/bridge-resources/bridge-resources-collection.html
./projects/completed-projects/bridge/bridge-resources/the-role-of-wild-caught-fisheries-in-african-development.html
./projects/completed-projects/bridge/bridge-resources/the-importance-of-biodiversity-and-natural-systems-to-food-security-in-tanzania.html
./projects/completed-projects/bridge/bridge-resources/evidence-summary-ecosystem-based-adaptation-and-coastal-populations.html
./projects/completed-projects/bridge/bridge-resources/better-biodiversity-integration-through-geospatial-analysis.html
./projects/completed-projects/bridge/bridge-resources/better-biodiversity-integration-through-geospatial-analysis/view.html
./projects/completed-projects/bridge/bridge-resources/biodiversity-reference-sheet/view.html
./projects/completed-projects/bridge/bridge-resources/conservation-is-development-2020.pdf/view.html
./projects/completed-projects/bridge/bridge-resources/case-study-improving-ecosystem-management-to-strengthen-resilience-to-extreme-weather-in-the-philippines/view.html
./projects/completed-projects/bridge/bridge-resources/water-and-sanitation-reference-sheet/view.html
./projects/completed-projects/bridge/bridge-resources/series-synthesis-ecosystem-based-adaptation.html
./projects/completed-projects/bridge/bridge-resources/facts-about-wild-caught-fisheries-african-development/view.html
./projects/completed-projects/bridge/bridge-resources/discussion-note-thinking-and-working-politically-and-strengthening-political-economy-analysis-in-usaid-biodiversity-programming.html
./projects/completed-projects/bridge/bridge-resources/biodiversity-conservation-advances-global-health-priorities.html
./projects/completed-projects/bridge/bridge-resources/health-reference-sheet/view.html
./projects/completed-projects/bridge/bridge-resources/democracy-human-rights-and-governance-and-biodiversity-conservation-linkages.html
./projects/completed-projects/bridge/bridge-resources/case-study-improving-ecosystem-management-to-strengthen-resilience-to-extreme-weather-in-the-philippines.html
./projects/completed-projects/bridge/bridge-resources/bridge-reference-sheets/index.html
./projects/completed-projects/bridge/opportunities-for-biodiversity-integration.html
./projects/completed-projects/bridge/evidence/index.html
./projects/completed-projects/bridge/evidence/copy_of_bridge-subpage-2-page.html
./projects/completed-projects/bridge/evidence/ecosystem-based-adaptation.html
./projects/completed-projects/bridge/usaid-biodiversity-integration-case-study-competition/@@search-form.html
./projects/completed-projects/bridge/usaid-biodiversity-integration-case-study-competition/case-studies.html
./projects/completed-projects/bridge/usaid-biodiversity-integration-case-study-competition/biodiversityconservation-gateway/projects/current-global-projects/bridge.html
./projects/completed-projects/bridge/usaid-biodiversity-integration-case-study-competition/sitemap.html
./projects/completed-projects/bridge/usaid-biodiversity-integration-case-study-competition/index.html
./projects/completed-projects/bridge/usaid-biodiversity-integration-case-study-competition/winners.html
./projects/completed-projects/bridge/usaid-biodiversity-integration-case-study-competition/contact-info.html
./projects/completed-projects/bridge/usaid-biodiversity-integration-case-study-competition/accessibility-info.html
./projects/completed-projects/bridge/usaid-biodiversity-integration-case-study-competition/welcome.html
./projects/completed-projects/bridge/usaid-biodiversity-integration-case-study-competition/winners/index.html
./projects/completed-projects/bridge/usaid-biodiversity-integration-case-study-competition/winners/winners.html
./projects/completed-projects/bridge/usaid-biodiversity-integration-case-study-competition/about-us.html
./projects/completed-projects/bridge/usaid-biodiversity-integration-case-study-competition/case-studies/advancing-the-health-of-gorillas-and-humans.html
./projects/completed-projects/bridge/usaid-biodiversity-integration-case-study-competition/case-studies/supporting-beneficiaries-in-a-limited-funding-environment.html
./projects/completed-projects/bridge/usaid-biodiversity-integration-case-study-competition/case-studies/population-health-and-environment.html
./projects/completed-projects/bridge/usaid-biodiversity-integration-case-study-competition/case-studies/case-studies.html
./projects/completed-projects/bridge/usaid-biodiversity-integration-case-study-competition/case-studies/amazonia-verde.html
./projects/completed-projects/bridge/usaid-biodiversity-integration-case-study-competition/case-studies/alternative-livelihoods-create-incentives-for-stewardship.html
./projects/completed-projects/bridge/usaid-biodiversity-integration-case-study-competition/case-studies/index.html
./projects/completed-projects/bridge/usaid-biodiversity-integration-case-study-competition/case-studies/coastal-resilience-to-climate-change.html
./projects/completed-projects/bridge/usaid-biodiversity-integration-case-study-competition/case-studies/northern-rangelands-trust.html
./projects/completed-projects/bridge/usaid-biodiversity-integration-case-study-competition/case-studies/an-interdependent-vision.html
./projects/completed-projects/bridge/usaid-biodiversity-integration-case-study-competition/case-studies/local-communities-address-drivers-of-biodiversity-loss.html
./projects/completed-projects/bridge/usaid-biodiversity-integration-case-study-competition/case-studies/recognizing-connections.html
./projects/completed-projects/bridge/usaid-biodiversity-integration-case-study-competition/case-studies/protecting-ecosystem-goods-and-services.html
./projects/completed-projects/bridge/usaid-biodiversity-integration-case-study-competition/case-studies/incorporating-politically-and-economically-informed-approaches.html
./projects/completed-projects/bridge/usaid-biodiversity-integration-case-study-competition/case-studies/investing-in-prosperity.html
./projects/completed-projects/bridge/usaid-biodiversity-integration-case-study-competition/case-studies/community-stewards-of-natural-resources.html
./projects/completed-projects/bridge/usaid-biodiversity-integration-case-study-competition/case-studies/rest-the-bay-regenerate-fish-supplies.html
./projects/completed-projects/bridge/usaid-biodiversity-integration-case-study-competition/case-studies/a-coastal-communitys-persistence.html
./projects/completed-projects/bridge/usaid-biodiversity-integration-case-study-competition/case-studies/indigenous-peoples-allies-in-biodiversity-conservation.html
./projects/completed-projects/bridge/usaid-biodiversity-integration-case-study-competition/about-us/index.html
./projects/completed-projects/bridge/usaid-biodiversity-integration-case-study-competition/about-us/about.html
./projects/completed-projects/bridge/bridge-news-and-events.html
./projects/completed-projects/bridge/usaid-lestari.html
./projects/completed-projects/bridge/tools-and-approaches/tools-and-approaches-page.html
./projects/completed-projects/bridge/tools-and-approaches/index.html
./projects/completed-projects/bridge/tools-and-approaches/bridge-resources/integrating-ecosystem-values-cost-benefit-analysis/view.html
./projects/completed-projects/bridge/tools-and-approaches/bridge-resources/discussion-note-thinking-and-working-politically-and-strengthening-political-economy-analysis-in-usaid-biodiversity-programming/view.html
./projects/completed-projects/bridge/bridge.html
./projects/completed-projects/gcp/conservation-international.html
./projects/completed-projects/gcp/world-wildlife-fund.html
./projects/completed-projects/gcp/resources.html
./projects/completed-projects/gcp/index.html
./projects/completed-projects/gcp/nature-conservancy.html
./projects/completed-projects/gcp/african-wildlife-foundation.html
./projects/completed-projects/gcp/enterprise-works-vita.html
./projects/completed-projects/gcp/full-symposium-powerpoints-global-conservation-program-symposium-1999-2009.html
./projects/completed-projects/gcp/resources/mary-rowen-usaid-sept-15-adaptive-management-presentation.pdf/view.html
./projects/completed-projects/gcp/resources/abdul-halim-tnc-sept-16-gcp-presentation2.pdf/index.html
./projects/completed-projects/gcp/resources/abdul-halim-tnc-sept-16-gcp-presentation2.pdf/view.html
./projects/completed-projects/gcp/resources/bhishma-subedi-ew-v-sept-15-threat-assesmentand-mitigation.pdf/view.html
./projects/completed-projects/gcp/resources/gcp-brochure/index.html
./projects/completed-projects/gcp/resources/gcp-brochure/view.html
./projects/completed-projects/gcp/resources/gcp-evaluation-report/view.html
./projects/completed-projects/gcp/resources/nick-cox-wwf-sept-15-honey-presentation.pdf/view.html
./projects/completed-projects/gcp/resources/climate-change-science-vulnerability-and-adaptation/index.html
./projects/completed-projects/gcp/resources/climate-change-science-vulnerability-and-adaptation/view.html
./projects/completed-projects/gcp/resources/gcp-brochure.html
./projects/completed-projects/gcp/resources/roan-mcnab-wcs-sept-16-fire-prevention-presentation.pdf/view.html
./projects/completed-projects/gcp/resources/conservation-international-gcp-1-final-report.pdf/view.html
./projects/completed-projects/gcp/resources/paul-lokani-tnc-sept-15-gcp-presentation.pdf/view.html
./projects/completed-projects/gcp/resources/patrick-smith-sept-16-climate-change-and-redd.pdf/view.html
./projects/completed-projects/gcp/resources/ann-koontz-ew-vita-sept-15-threats-based-approach-in-phil.pdf/view.html
./projects/completed-projects/gcp/resources/wwf-gcp-mekong-closeout-report-fy00-09.pdf/view.html
./projects/completed-projects/gcp/resources/amani-ngusaru-wwf-sept-15-mpa-networks-in-ce-africa.pdf/index.html
./projects/completed-projects/gcp/resources/amani-ngusaru-wwf-sept-15-mpa-networks-in-ce-africa.pdf/view.html
./projects/completed-projects/gcp/resources/paul-lokani-tnc-sept-16-gcp-presentation.pdf/view.html
./projects/completed-projects/gcp/resources/ali-mwachui-wwf-community-based-conservation-in-kmnr.pdf/view.html
./projects/completed-projects/gcp/resources/ann-koontz-ew-vita-sept-15-enterprise-livelihoods-gover.pdf/view.html
./projects/completed-projects/gcp/resources/dahn-rai-wwf-sept-16-gcp-presentation.pdf/view.html
./projects/completed-projects/gcp/resources/diana-bermidez-sept-15-protecting-spawning-in-mesoamerica.pdf/view.html
./projects/completed-projects/gcp/resources/miguel-morales-ci-sept-15-protected-area-networks.pdf/index.html
./projects/completed-projects/gcp/resources/miguel-morales-ci-sept-15-protected-area-networks.pdf/view.html
./projects/completed-projects/gcp/resources/awf-maasai-steppe-heartland_gcp-closeout-report.pdf/view.html
./projects/completed-projects/gcp/resources/bruno-rajaspera-ci-sept-15-protected-area-systems-in-mada-1.pdf/view.html
./projects/completed-projects/gcp/resources/index.html
./projects/completed-projects/gcp/resources/dahn-rai-wwf-sept-15-gcp-presentation.pdf/view.html
./projects/completed-projects/gcp/resources/gcp-evaluation-report.html
./projects/completed-projects/gcp/resources/enterprise-works-vita-gcp-closeout-report-nepal.pdf/view.html
./projects/completed-projects/gcp/resources/conservation-international-gcp-closeout-report-final.pdf/view.html
./projects/completed-projects/gcp/resources/jimmiel-mandima-awf-sept-15-trans-frontier-parks-in-souther.pdf/view.html
./projects/completed-projects/gcp/resources/adam-henson-awf-sept-15-conservation-in-maasai-steppe-lan.pdf/view.html
./projects/completed-projects/gcp/resources/enterprise-livelihoods-governance-cutting-edge-lessons-for-conservation-projects/index.html
./projects/completed-projects/gcp/resources/enterprise-livelihoods-governance-cutting-edge-lessons-for-conservation-projects/view.html
./projects/completed-projects/gcp/resources/enterprise-works-vita-gcp-closeout-report-learning.pdf/view.html
./projects/completed-projects/gcp/resources/gcp-resources-collection.html
./projects/completed-projects/gcp/resources/david-williams-awf-sept-16-gorillas-in-albertine-rift-and.pdf/index.html
./projects/completed-projects/gcp/resources/david-williams-awf-sept-16-gorillas-in-albertine-rift-and.pdf/view.html
./projects/completed-projects/gcp/resources/jeff-price-wwf-sept-16-climate-change-science.pdf/view.html
./projects/completed-projects/gcp/resources/adapting-kimbe-bays-mpa-network/index.html
./projects/completed-projects/gcp/resources/adapting-kimbe-bays-mpa-network/view.html
./projects/completed-projects/gcp/resources/fiesta-warina-awf-sept-15-strengthening-local-governance.pdf/view.html
./projects/completed-projects/gcp/resources/adapting-kimbe-bays-mpa-network.html
./projects/completed-projects/gcp/resources/gcpcloseout_wcs_southsudan.pdf/view.html
./projects/completed-projects/gcp/resources/sushil-gyawali-ev-w-sept-15-incentives-for-conservation.pdf/view.html
./projects/completed-projects/gcp/resources/robert-wallace-wcs-sept-15-bolivia-peru-presentation.pdf/view.html
./projects/completed-projects/gcp/resources/climate-change-science-vulnerability-and-adaptation.html
./projects/completed-projects/gcp/resources/bruno-rajaspera-ci-sept-15-protected-area-systems-in-mada-2.pdf/view.html
./projects/completed-projects/gcp/resources/awf-zambezi-heartland_gcp-closeout-report.pdf/view.html
./projects/completed-projects/gcp/resources/awf-kilimanjaro-heartland_gcp-closeout-report.pdf/view.html
./projects/completed-projects/gcp/resources/enterprise-livelihoods-governance-cutting-edge-lessons-for-conservation-projects.html
./projects/completed-projects/gcp/the-gcp-homepage.html
./projects/completed-projects/vukanow/vukanow-stories.html
./projects/completed-projects/vukanow/success-story-setting-the-scene-for-successful-community-engagement.html
./projects/completed-projects/vukanow/resources.html
./projects/completed-projects/vukanow/index.html
./projects/completed-projects/vukanow/vukanow-landing-page.html
./projects/completed-projects/vukanow/vukanow-images.html
./projects/completed-projects/vukanow/agility-in-changing-times-sets-vukanow-up-for-success.html
./projects/completed-projects/vukanow/resources/vukanow-resources.html
./projects/completed-projects/vukanow/resources/illegal-wildlife-trade-in-southern-africa-a-state-of-knowledge-report.pdf/view.html
./projects/completed-projects/vukanow/resources/illegal-wildlife-trade-in-southern-africa-curriculum-framework.pdf/view.html
./projects/completed-projects/vukanow/resources/mutual-legal-assistance-and-extradition-in-southern-africa.pdf/view.html
./projects/completed-projects/vukanow/resources/docuseries-the-last-free-rhinos-episode-2-it-takes-a-village.html
./projects/completed-projects/vukanow/resources/oxpeckers-wildeye-learning-narrative_final-approved.pdf/view.html
./projects/completed-projects/vukanow/resources/vukanow-combatting-wildlife-crime-in-southern-africa.html
./projects/completed-projects/vukanow/resources/index.html
./projects/completed-projects/vukanow/resources/wildlife-crime-101-portuguese-low-res-single-pages-final.pdf/view.html
./projects/completed-projects/vukanow/resources/cost-benefit-analysis-methods-and-metrics-curbing-illegal-wildlife-trade-1.pdf/view.html
./projects/completed-projects/vukanow/resources/virtual-event-strategy-guide/view.html
./projects/completed-projects/vukanow/resources/wildlife-crime-reporting-handbook.html
./projects/completed-projects/vukanow/resources/wildlife-crime-reporting-handbook/view.html
./projects/completed-projects/vukanow/resources/docuseries-the-last-free-rhinos-episode-3-community-voices.html
./projects/completed-projects/vukanow/resources/virtual-event-strategy-guide.html
./projects/completed-projects/vukanow/resources/state-of-knowledge-on-impacts-of-illegal-wildlife-trade-southern-africa.pdf/view.html
./projects/completed-projects/vukanow/resources/wildlife-crime-101-portuguese-low-res-single-pages-final.pdf.html
./projects/completed-projects/vukanow/resources/trade-restrictions-low-res-spreads-final.pdf/view.html
./projects/completed-projects/vukanow/resources/docuseries-the-last-free-rhinos-episode-4-a-government-for-change.html
./projects/completed-projects/vukanow/resources/trade-restrictions-low-res-spreads-final.pdf.html
./projects/completed-projects/vukanow/resources/costs-and-benefits-of-curbing-illegal-wildlife-trade-namibia-case-study.pdf/view.html
./projects/completed-projects/vukanow/resources/namibia-case-study-cost-benefit-analysis.pdf/view.html
./projects/completed-projects/vukanow/resources/docuseries-the-last-free-rhinos-episode-1-introduction.html
./projects/completed-projects/vukanow/vukanow-images/chemonics_rgb_horizontal.png/view.html
./projects/completed-projects/vukanow/vukanow-images/trace-logo.jpg/view.html
./projects/completed-projects/vukanow/vukanow-images/usaid-logo/view.html
./projects/completed-projects/vukanow/vukanow-images/lion-cub.png/view.html
./projects/completed-projects/vukanow/vukanow-images/index.html
./projects/completed-projects/vukanow/vukanow-images/lioness.jpg/view.html
./projects/completed-projects/vukanow/vukanow-images/collaborateup.jpg/view.html
./projects/completed-projects/vukanow/vukanow-images/wildlife-crime-reporting-101.jpg/view.html
./projects/completed-projects/vukanow/vukanow-images/white-rhinos.jpg/view.html
./projects/completed-projects/gsta.html
./projects/completed-projects/reducing-demand-for-wildlife/wildlife-asia-rdw.html
./projects/completed-projects/reducing-demand-for-wildlife/resources.html
./projects/completed-projects/reducing-demand-for-wildlife/index.html
./projects/completed-projects/reducing-demand-for-wildlife/wildlife-asia-images/index.html
./projects/completed-projects/reducing-demand-for-wildlife/wildlife-asia-images/pangolin-guide.png/view.html
./projects/completed-projects/reducing-demand-for-wildlife/wildlife-asia-images/tiger-closeup.jpg/view.html
./projects/completed-projects/reducing-demand-for-wildlife/wildlife-asia-images.html
./projects/completed-projects/reducing-demand-for-wildlife/videos.html
./projects/completed-projects/reducing-demand-for-wildlife/resources/rdw.html
./projects/completed-projects/reducing-demand-for-wildlife/resources/index.html
./projects/completed-projects/reducing-demand-for-wildlife/videos/resources-collection.html
./projects/completed-projects/reducing-demand-for-wildlife/videos/index.html
./projects/completed-projects/scapes.html
./projects/completed-projects/measuring-impact-2.html
./projects/completed-projects/reducing-demand-for-wildlife.html
./projects/completed-projects/cbnrm.html
./projects/completed-projects/measuring-impact/evidence-in-action.html
./projects/completed-projects/measuring-impact/mi-measuring-impact-1.html
./projects/completed-projects/measuring-impact/resources.html
./projects/completed-projects/measuring-impact/evidence-in-action/evidence-in-action-unit-1-understanding-an-evidence-based-approach/view.html
./projects/completed-projects/measuring-impact/evidence-in-action/evidence-in-action-unit-3-generating-evidence/view.html
./projects/completed-projects/measuring-impact/evidence-in-action/evidence-in-action-unit-3-generating-evidence.html
./projects/completed-projects/measuring-impact/evidence-in-action/evidence-in-action-unit-2-using-evidence/view.html
./projects/completed-projects/measuring-impact/evidence-in-action/index.html
./projects/completed-projects/measuring-impact/evidence-in-action/acting-on-the-evidence/view.html
./projects/completed-projects/measuring-impact/evidence-in-action/evidence-in-action-unit-4-building-the-evidence-base.html
./projects/completed-projects/measuring-impact/evidence-in-action/acting-on-the-evidence.html
./projects/completed-projects/measuring-impact/evidence-in-action/evidence-in-action-using-and-generating-evidence-about-effectiveness-in-biodiversity-programming.html
./projects/completed-projects/measuring-impact/evidence-in-action/evidence-in-action-unit-2-using-evidence.html
./projects/completed-projects/measuring-impact/evidence-in-action/evidence-in-action-unit-4-building-the-evidence-base/view.html
./projects/completed-projects/measuring-impact/evidence-in-action/evidence-in-action-unit-1-understanding-an-evidence-based-approach.html
./projects/completed-projects/measuring-impact/index.html
./projects/completed-projects/measuring-impact/how-to-guides-for-usaid-biodiversity-programming.html
./projects/completed-projects/measuring-impact/how-to-guides-for-usaid-biodiversity-programming/how-to-guide-2-summary-using-results-chains-to-depict-theories-of-change-in-usaid-biodiversity-programming/view.html
./projects/completed-projects/measuring-impact/how-to-guides-for-usaid-biodiversity-programming/how-to-guide-1-summary-developing-situation-models-in-usaid-biodiversity-programming.html
./projects/completed-projects/measuring-impact/how-to-guides-for-usaid-biodiversity-programming/biodiversity-how-to-guide-1-developing-situation-models-in-usaid-biodiversity-programming.html
./projects/completed-projects/measuring-impact/how-to-guides-for-usaid-biodiversity-programming/biodiversity-how-to-guide-3-defining-outcomes-and-indicators-for-monitoring-evaluation-and-learning-in-usaid-biodiversity-programming/view.html
./projects/completed-projects/measuring-impact/how-to-guides-for-usaid-biodiversity-programming/supplemental-guide-2-rating-direct-threats-in-usaid-biodiversity-programming.html
./projects/completed-projects/measuring-impact/how-to-guides-for-usaid-biodiversity-programming/how-to-guide-3-summary-defining-outcomes-indicators-for-monitoring-evaluation-and-learning-in-usaid-biodiversity-programming.html
./projects/completed-projects/measuring-impact/how-to-guides-for-usaid-biodiversity-programming/how-to-guide-2-summary-using-results-chains-to-depict-theories-of-change-in-usaid-biodiversity-programming.html
./projects/completed-projects/measuring-impact/how-to-guides-for-usaid-biodiversity-programming/index.html
./projects/completed-projects/measuring-impact/how-to-guides-for-usaid-biodiversity-programming/supplemental-guide-3-prioritizing-and-selecting-strategic-approaches-in-usaid-biodiversity-programming.html
./projects/completed-projects/measuring-impact/how-to-guides-for-usaid-biodiversity-programming/how-to-guide-1-summary-developing-situation-models-in-usaid-biodiversity-programming/view.html
./projects/completed-projects/measuring-impact/how-to-guides-for-usaid-biodiversity-programming/how-to-guides-for-usaid-biodiversity-programming.html
./projects/completed-projects/measuring-impact/how-to-guides-for-usaid-biodiversity-programming/supplemental-guide-2-rating-direct-threats-in-usaid-biodiversity-programming/view.html
./projects/completed-projects/measuring-impact/how-to-guides-for-usaid-biodiversity-programming/interactive-biodiversity-how-to-guides.html
./projects/completed-projects/measuring-impact/how-to-guides-for-usaid-biodiversity-programming/guias-practicas-de-biodiversidad.html
./projects/completed-projects/measuring-impact/how-to-guides-for-usaid-biodiversity-programming/biodiversity-how-to-guide-3-defining-outcomes-and-indicators-for-monitoring-evaluation-and-learning-in-usaid-biodiversity-programming.html
./projects/completed-projects/measuring-impact/how-to-guides-for-usaid-biodiversity-programming/biodiversity-how-to-guide-1-developing-situation-models-in-usaid-biodiversity-programming/view.html
./projects/completed-projects/measuring-impact/how-to-guides-for-usaid-biodiversity-programming/supplemental-guide-3-prioritizing-and-selecting-strategic-approaches-in-usaid-biodiversity-programming/view.html
./projects/completed-projects/measuring-impact/how-to-guides-for-usaid-biodiversity-programming/guias-practicas-de-biodiversidad/guia-practica-de-biodiversidad-3-resumen/view.html
./projects/completed-projects/measuring-impact/how-to-guides-for-usaid-biodiversity-programming/guias-practicas-de-biodiversidad/guia-practica-de-biodiversidad-1-desarrollo-de-modelos-de-situacion-en-los-programas-de-biodiversidad-en-usaid.html
./projects/completed-projects/measuring-impact/how-to-guides-for-usaid-biodiversity-programming/guias-practicas-de-biodiversidad/guia-practica-de-biodiversidad-3-resumen.html
./projects/completed-projects/measuring-impact/how-to-guides-for-usaid-biodiversity-programming/guias-practicas-de-biodiversidad/index.html
./projects/completed-projects/measuring-impact/how-to-guides-for-usaid-biodiversity-programming/guias-practicas-de-biodiversidad/guia-practica-de-biodiversidad-1-resumen/view.html
./projects/completed-projects/measuring-impact/how-to-guides-for-usaid-biodiversity-programming/guias-practicas-de-biodiversidad/guias-practicas-de-biodiversidad.html
./projects/completed-projects/measuring-impact/how-to-guides-for-usaid-biodiversity-programming/guias-practicas-de-biodiversidad/guia-practica-de-biodiversidad-2-resumen/view.html
./projects/completed-projects/measuring-impact/how-to-guides-for-usaid-biodiversity-programming/guias-practicas-de-biodiversidad/guia-practica-de-biodiversidad-1-desarrollo-de-modelos-de-situacion-en-los-programas-de-biodiversidad-en-usaid/view.html
./projects/completed-projects/measuring-impact/how-to-guides-for-usaid-biodiversity-programming/guias-practicas-de-biodiversidad/guia-practica-de-biodiversidad-2-resumen.html
./projects/completed-projects/measuring-impact/how-to-guides-for-usaid-biodiversity-programming/guias-practicas-de-biodiversidad/guia-practica-de-biodiversidad-1-resumen.html
./projects/completed-projects/measuring-impact/how-to-guides-for-usaid-biodiversity-programming/supplemental-guide-1-defining-scope-and-biodiversity-focal-interests-in-usaid-biodiversity-programming/view.html
./projects/completed-projects/measuring-impact/how-to-guides-for-usaid-biodiversity-programming/how-to-guide-3-summary-defining-outcomes-indicators-for-monitoring-evaluation-and-learning-in-usaid-biodiversity-programming/view.html
./projects/completed-projects/measuring-impact/how-to-guides-for-usaid-biodiversity-programming/supplemental-guide-1-defining-scope-and-biodiversity-focal-interests-in-usaid-biodiversity-programming.html
./projects/completed-projects/measuring-impact/how-to-guides-for-usaid-biodiversity-programming/biodiversity-how-to-guide-2-using-results-chains-to-depict-theories-of-change-in-usaid-biodiversity-programming/view.html
./projects/completed-projects/measuring-impact/how-to-guides-for-usaid-biodiversity-programming/biodiversity-how-to-guide-2-using-results-chains-to-depict-theories-of-change-in-usaid-biodiversity-programming.html
./projects/completed-projects/measuring-impact/the-nature-resources/index.html
./projects/completed-projects/measuring-impact/the-nature-resources/the-nature-of-conservation-enterprises.html
./projects/completed-projects/measuring-impact/resources/stakeholder-engagement-for-biodiversity-conservation-goals-assessing-the-status-of-the-evidence/view.html
./projects/completed-projects/measuring-impact/resources/wildlife-traps-revised-monitoring-framework-and-midterm-performance-assessment/view.html
./projects/completed-projects/measuring-impact/resources/ce-theory-of-change-approach-synthesize-lessons-usaid-bio-project/view.html
./projects/completed-projects/measuring-impact/resources/the-importance-of-wild-fisheries-for-local-food-security/the-importance-of-wild-fisheries-for-local-food-security-kenya/view.html
./projects/completed-projects/measuring-impact/resources/the-importance-of-wild-fisheries-for-local-food-security/PA00KQB4.pdf/view.html
./projects/completed-projects/measuring-impact/resources/the-importance-of-wild-fisheries-for-local-food-security/PA00KQ9R.pdf/view.html
./projects/completed-projects/measuring-impact/resources/the-importance-of-wild-fisheries-for-local-food-security/the-importance-of-wild-fisheries-for-local-food-security-ghana.html
./projects/completed-projects/measuring-impact/resources/the-importance-of-wild-fisheries-for-local-food-security/the-importance-of-wild-fisheries-for-local-food-security-cambodia.html
./projects/completed-projects/measuring-impact/resources/the-importance-of-wild-fisheries-for-local-food-security/the-importance-of-wild-fisheries-for-local-food-security-kenya.html
./projects/completed-projects/measuring-impact/resources/the-importance-of-wild-fisheries-for-local-food-security/the-importance-of-wild-fisheries-for-local-food-security-cambodia/view.html
./projects/completed-projects/measuring-impact/resources/the-importance-of-wild-fisheries-for-local-food-security/PA00KQB1.pdf/view.html
./projects/completed-projects/measuring-impact/resources/the-importance-of-wild-fisheries-for-local-food-security/index.html
./projects/completed-projects/measuring-impact/resources/the-importance-of-wild-fisheries-for-local-food-security/the-importance-of-wild-fisheries-for-local-food-security.html
./projects/completed-projects/measuring-impact/resources/the-importance-of-wild-fisheries-for-local-food-security/the-importance-of-wild-fisheries-for-local-food-security-ghana/view.html
./projects/completed-projects/measuring-impact/resources/the-importance-of-wild-fisheries-for-local-food-security/PA00KQQK.pdf/view.html
./projects/completed-projects/measuring-impact/resources/the-importance-of-wild-fisheries-for-local-food-security/the-importance-of-wild-fisheries-for-local-food-security-tanzania/view.html
./projects/completed-projects/measuring-impact/resources/the-importance-of-wild-fisheries-for-local-food-security/the-importance-of-wild-fisheries-for-local-food-security-tanzania.html
./projects/completed-projects/measuring-impact/resources/miradi-user-guide-3-define-outcomes-and-indicators.html
./projects/completed-projects/measuring-impact/resources/measuring-impact-final-report.pdf/view.html
./projects/completed-projects/measuring-impact/resources/mi-project-resources.html
./projects/completed-projects/measuring-impact/resources/combating-wildlife-trafficking-cross-mission-learning-agenda.html
./projects/completed-projects/measuring-impact/resources/miradi-user-guide-2-use-results-chains/view.html
./projects/completed-projects/measuring-impact/resources/start-up-guidance-for-usaid-biodiversity-activities-2013-process-overview.html
./projects/completed-projects/measuring-impact/resources/integrating-livelihood-and-conservation-goals-a-retrospective-analysis-of-world-bank-projects.html
./projects/completed-projects/measuring-impact/resources/projects/measuring-impact.html
./projects/completed-projects/measuring-impact/resources/incorporating-geospatial-design-into-usaid-biodiversity-programming.html
./projects/completed-projects/measuring-impact/resources/integrating-livelihood-and-conservation-goals-a-retrospective-analysis-of-world-bank-projects/view.html
./projects/completed-projects/measuring-impact/resources/threat-rating-worksheet/view.html
./projects/completed-projects/measuring-impact/resources/start-up-guidance-for-usaid-biodiversity-activities-2013-process-overview/view.html
./projects/completed-projects/measuring-impact/resources/supplemental-guide-2-rating-direct-threats-in-usaid-biodiversity-programming.html
./projects/completed-projects/measuring-impact/resources/stakeholder-engagement-for-biodiversity-conservation-goals-assessing-the-status-of-the-evidence.html
./projects/completed-projects/measuring-impact/resources/index.html
./projects/completed-projects/measuring-impact/resources/final-evaluation-scapes.html
./projects/completed-projects/measuring-impact/resources/supplemental-guide-2-rating-direct-threats-in-usaid-biodiversity-programming/view.html
./projects/completed-projects/measuring-impact/resources/threat-rating-worksheet-1.html
./projects/completed-projects/measuring-impact/resources/fishing-for-food-security-041316_508.pdf/view.html
./projects/completed-projects/measuring-impact/resources/the-importance-of-wild-fisheries-for-local-food-security.html
./projects/completed-projects/measuring-impact/resources/final-evaluation-scapes/view.html
./projects/completed-projects/measuring-impact/resources/miradi-user-guide-3-define-outcomes-and-indicators/view.html
./projects/completed-projects/measuring-impact/resources/miradi-user-guide-1-develop-a-situation-model/view.html
./projects/completed-projects/measuring-impact/resources/miradi-user-guide-2-use-results-chains.html
./projects/completed-projects/measuring-impact/resources/building-a-conservation-enterprise-keys-for-success.html
./projects/completed-projects/measuring-impact/resources/integrating-food-security-wild-fisheries-usaid-illustrative-model.html
./projects/completed-projects/measuring-impact/resources/summary-of-indicators-for-combating-wildlife-trafficking-pdf/view.html
./projects/completed-projects/measuring-impact/resources/supplemental-guide-1-defining-scope-and-biodiversity-focal-interests-in-usaid-biodiversity-programming/view.html
./projects/completed-projects/measuring-impact/resources/best-practices-for-stakeholder-engagement-in-biodiversity-programming.pdf.html
./projects/completed-projects/measuring-impact/resources/wildlife-traps-revised-monitoring-framework-and-midterm-performance-assessment.html
./projects/completed-projects/measuring-impact/resources/best-practices-for-stakeholder-engagement-in-biodiversity-programming.pdf/view.html
./projects/completed-projects/measuring-impact/resources/threat-rating-worksheet.html
./projects/completed-projects/measuring-impact/resources/tips-for-usaid-biodiversity-activity-start-up-steps-3-5.html
./projects/completed-projects/measuring-impact/resources/combating-wildlife-trafficking-cross-mission-learning-agenda/view.html
./projects/completed-projects/measuring-impact/resources/ce-theory-of-change-approach-synthesize-lessons-usaid-bio-project.html
./projects/completed-projects/measuring-impact/resources/supplemental-guide-1-defining-scope-and-biodiversity-focal-interests-in-usaid-biodiversity-programming.html
./projects/completed-projects/measuring-impact/resources/building-a-conservation-enterprise-keys-for-success/view.html
./projects/completed-projects/measuring-impact/resources/mi-lessons-learned-forest-climate-communities-alliance.pdf/view.html
./projects/completed-projects/measuring-impact/resources/summary-of-indicators-for-combating-wildlife-trafficking-pdf.html
./projects/completed-projects/measuring-impact/resources/miradi-user-guide-1-develop-a-situation-model.html
./projects/completed-projects/measuring-impact/resources/integrating-food-security-wild-fisheries-usaid-illustrative-model/view.html
./projects/completed-projects/measuring-impact/resources/incorporating-geospatial-design-into-usaid-biodiversity-programming/view.html
./projects/completed-projects/measuring-impact/resources/fishing-for-food-security-041316_508.pdf.html
./projects/completed-projects/measuring-impact/resources/tips-for-usaid-biodiversity-activity-start-up-steps-3-5/view.html
./projects/completed-projects/measuring-impact/the-nature-resources.html
./projects/completed-projects/economics-of-natural-capital-in-east-africa.html
./projects/completed-projects/bridge.html
./projects/completed-projects/scapes/landscapes.html
./projects/completed-projects/scapes/resources.html
./projects/completed-projects/scapes/index.html
./projects/completed-projects/scapes/scapes-sustainable-conservation-approaches-in-priority-ecosystems-2010-2014-collection.html
./projects/completed-projects/scapes/scapes-archive/scapes-daurian-steppe-fugitive-resources.html
./projects/completed-projects/scapes/scapes-archive/final-report-executive-summary-scapes.html
./projects/completed-projects/scapes/scapes-archive/scapes-sacred-himalaya-landscape-presentation.html
./projects/completed-projects/scapes/scapes-archive/scapes-partners.html
./projects/completed-projects/scapes/scapes-archive/scapes-financial-sustainability-awf/view.html
./projects/completed-projects/scapes/scapes-archive/scapes-financial-sustainability-awf.html
./projects/completed-projects/scapes/scapes-archive/scapes-infrastructure-development-biodiversity-conservation-eastern-cordillera-real/view.html
./projects/completed-projects/scapes/scapes-archive/scapes-awf-kazungula-heartland-social-sustainability.html
./projects/completed-projects/scapes/scapes-archive/scapes-ustyurt-landscape-conservation-initiative/view.html
./projects/completed-projects/scapes/scapes-archive/scapes-sacred-himalaya-landscape-presentation/view.html
./projects/completed-projects/scapes/scapes-archive/scapes-social-sustainablity-ruvuma-landscape.html
./projects/completed-projects/scapes/scapes-archive/final-report-executive-summary-scapes/view.html
./projects/completed-projects/scapes/scapes-archive/index.html
./projects/completed-projects/scapes/scapes-archive/beyond-fences/view.html
./projects/completed-projects/scapes/scapes-archive/scapes-greater-madidi-tambopata-landscape.html
./projects/completed-projects/scapes/scapes-archive/beyond-fences.html
./projects/completed-projects/scapes/scapes-archive/scapes-infrastructure-development-biodiversity-conservation-eastern-cordillera-real.html
./projects/completed-projects/scapes/scapes-archive/scapes-daurian-steppe-fugitive-resources/view.html
./projects/completed-projects/scapes/scapes-archive/scapes-partners/view.html
./projects/completed-projects/scapes/scapes-archive/scapes-social-sustainablity-ruvuma-landscape/view.html
./projects/completed-projects/scapes/scapes-archive/scapes-awf-kazungula-heartland-social-sustainability/view.html
./projects/completed-projects/scapes/scapes-archive/scapes-greater-madidi-tambopata-landscape/view.html
./projects/completed-projects/scapes/scapes-archive/scapes-ustyurt-landscape-conservation-initiative.html
./projects/completed-projects/scapes/landscapes/index.html
./projects/completed-projects/scapes/landscapes/success-stories.html
./projects/completed-projects/scapes/landscapes/profiles.html
./projects/completed-projects/scapes/scapes-archive.html
./projects/completed-projects/scapes/resources/scapes-resources-collection.html
./projects/completed-projects/scapes/resources/scapes-governance-assessment-tool/view.html
./projects/completed-projects/scapes/resources/projects/completed-projects/scapes/resources/final-evaluation-scapes.html
./projects/completed-projects/scapes/resources/guidelines-learning-applying-nrgt-landscapes-seascapes.html
./projects/completed-projects/scapes/resources/guidelines-learning-applying-nrgt-landscapes-seascapes/view.html
./projects/completed-projects/scapes/resources/scapes-landscape-profile-the-ustyurt-plateau/view.html
./projects/completed-projects/scapes/resources/scapes-governance-assessment-tool.html
./projects/completed-projects/scapes/resources/index.html
./projects/completed-projects/scapes/resources/final-evaluation-scapes.html
./projects/completed-projects/scapes/resources/scapes-landscape-profile-the-ustyurt-plateau.html
./projects/completed-projects/scapes/resources/scapes-sustainable-conservation-approaches-in-priority-ecosystems-2010-2014.html
./projects/completed-projects/scapes/resources/scapes-landscape-profile-the-kavango-zambezi-transfrontier-conservation-area-kaza.html
./projects/completed-projects/scapes/resources/scapes-learning-program-assessment.html
./projects/completed-projects/scapes/resources/scapes-landscape-profile-the-kavango-zambezi-transfrontier-conservation-area-kaza/view.html
./projects/completed-projects/scapes/resources/scapes-landscape-profile-the-sacred-himalayan-landscape/view.html
./projects/completed-projects/scapes/resources/scapes-landscape-profile-eastern-cordillera-real-landscape/view.html
./projects/completed-projects/scapes/resources/scapes-landscape-profile-the-kazungula-heartland.html
./projects/completed-projects/scapes/resources/scapes-landscape-profile-the-daurian-steppe-landscape.html
./projects/completed-projects/scapes/resources/awf-logo/view.html
./projects/completed-projects/scapes/resources/scapes-landscape-profile-kilimanjaro-landscape/view.html
./projects/completed-projects/scapes/resources/scapes-learning-program-assessment-pdf.html
./projects/completed-projects/scapes/resources/scapes-landscape-profile-the-kazungula-heartland/view.html
./projects/completed-projects/scapes/resources/scapes-archive/beyond-fences/view.html
./projects/completed-projects/scapes/resources/scapes-landscape-profile-kilimanjaro-landscape.html
./projects/completed-projects/scapes/resources/scapes-landscape-profile-the-sacred-himalayan-landscape.html
./projects/completed-projects/scapes/resources/scapes-landscape-profile-the-greater-madidi-tambopata-landscape.html
./projects/completed-projects/scapes/resources/scapes-landscape-profile-the-daurian-steppe-landscape/view.html
./projects/completed-projects/scapes/resources/scapes-landscape-profile-eastern-cordillera-real-landscape.html
./projects/completed-projects/scapes/resources/scapes-learning-program-assessment-pdf/view.html
./projects/completed-projects/scapes/resources/scapes-landscape-profile-the-ruvuma-landscape.html
./projects/completed-projects/scapes/resources/scapes-landscape-profile-the-ruvuma-landscape/view.html
./projects/completed-projects/scapes/resources/scapes-landscape-profile-the-greater-madidi-tambopata-landscape/view.html
./projects/completed-projects/wctc-project.html
./projects/current-global-projects.html
./projects/completed-projects.html
./login﹖came_from=https﹕ꤷꤷwww.biodiversitylinks.orgꤷlibraryꤷresourcesꤷamazonvisionreport_final-508.pdfꤷview.html
./login﹖came_from=https﹕ꤷꤷwww.biodiversitylinks.orgꤷlibraryꤷresourcesꤷusaid_pse_factsheet.pdfꤷview.html
./login.html
./biodiversityconservation-gateway/learning-evidence/marine-and-sustainable-fishing-learning-group/@@search-form.html
./biodiversityconservation-gateway/learning-evidence/lac-ccc/@@search-form.html
./biodiversityconservation-gateway/learning-evidence/lac-pse/@@search-form.html
./biodiversityconservation-gateway/learning-evidence/wild-meat-collaborative-learning-group/@@search-form.html
./biodiversityconservation-gateway/learning-evidence/conservation-enterprises/@@search-form.html
./sitemap.html
./login﹖came_from=https﹕ꤷꤷwww.biodiversitylinks.orgꤷlibraryꤷresourcesꤷie106-dpw1-1045-cambodia-pes.pdfꤷview.html
./login﹖came_from=https﹕ꤷꤷwww.biodiversitylinks.orgꤷprojectsꤷcompleted-projectsꤷgstaꤷnews-you-can-useꤷview.html
./login﹖came_from=https﹕ꤷꤷwww.biodiversitylinks.orgꤷlibraryꤷresourcesꤷdrivers-of-land-conversion-systems-approach.pdfꤷview.html
./login﹖came_from=https﹕ꤷꤷwww.biodiversitylinks.orgꤷlibraryꤷresourcesꤷreturning-33-reptiles-to-their-habitatꤷview.html
./login﹖came_from=https﹕ꤷꤷwww.biodiversitylinks.orgꤷlibraryꤷresourcesꤷlawe-cimanok-and-orangutanꤷview.html
./login﹖came_from=https﹕ꤷꤷwww.biodiversitylinks.orgꤷprojectsꤷcompleted-projectsꤷgstaꤷcreating-a-market-for-beautyꤷview.html
./projects.html
./login﹖came_from=https﹕ꤷꤷwww.biodiversitylinks.orgꤷlibraryꤷresourcesꤷpathways-for-usaid-action-iuuf-lac.pdfꤷview.html
./login﹖came_from=https﹕ꤷꤷwww.biodiversitylinks.orgꤷprojectsꤷcompleted-projectsꤷnwpꤷbangladesh-case-studyꤷview.html
./index.html
./learning-evidence/marine-and-sustainable-fishing-learning-group/@@search-form.html
./learning-evidence/marine-and-sustainable-fishing-learning-group/topics/index.html
./learning-evidence/marine-and-sustainable-fishing-learning-group/topics/distant-water-fleets-page.html
./learning-evidence/marine-and-sustainable-fishing-learning-group/resources.html
./learning-evidence/marine-and-sustainable-fishing-learning-group/sitemap.html
./learning-evidence/marine-and-sustainable-fishing-learning-group/webinars/webinar-content-folder.html
./learning-evidence/marine-and-sustainable-fishing-learning-group/webinars/index.html
./learning-evidence/marine-and-sustainable-fishing-learning-group/webinars/webinars.html
./learning-evidence/marine-and-sustainable-fishing-learning-group/webinars/webinar-content-folder/building-forward-in-fisheries-opportunities-for-transformation-post-covid-webinar-presentation.pdf/view.html
./learning-evidence/marine-and-sustainable-fishing-learning-group/webinars/webinar-content-folder/asia-pacific-presentation-05july2022.pdf/view.html
./learning-evidence/marine-and-sustainable-fishing-learning-group/webinars/webinar-content-folder/dwf-afr-lac-presentation-29june2022.pdf/view.html
./learning-evidence/marine-and-sustainable-fishing-learning-group/webinars/webinar-content-folder/upcoming-webinar2013countering-chinas-influence-in-fisheries-priority-needs-for-information-and-analysis.html
./learning-evidence/marine-and-sustainable-fishing-learning-group/webinars/webinar-content-folder/webinar-sustainable-fisheries-in-the-context-of-covid.html
./learning-evidence/marine-and-sustainable-fishing-learning-group/webinars/webinar-content-folder/upcoming-webinar-licensing-good-practices-to-counter-illegal-unreported-and-unregulated-iuu-fishing.html
./learning-evidence/marine-and-sustainable-fishing-learning-group/webinars/webinar-content-folder/mural-africa-lac-dwf-webinar.pdf/view.html
./learning-evidence/marine-and-sustainable-fishing-learning-group/webinars/webinar-content-folder/building-forward-in-fisheries-webinar-small-group-discussion-notes.pdf/view.html
./learning-evidence/marine-and-sustainable-fishing-learning-group/webinars/webinar-content-folder/index.html
./learning-evidence/marine-and-sustainable-fishing-learning-group/webinars/webinar-content-folder/from-the-field-lessons-from-usaid-fisheries-programming-in-indonesia-ghana.html
./learning-evidence/marine-and-sustainable-fishing-learning-group/webinars/webinar-content-folder/upcoming-webinar-the-impacts-of-distant-water-fishing-fleets-on-local-food-security.html
./learning-evidence/marine-and-sustainable-fishing-learning-group/webinars/webinar-content-folder/china2019s-influence-on-fisheries-and-marine-resources-issues-and-potential-responses.html
./learning-evidence/marine-and-sustainable-fishing-learning-group/webinars/webinar-content-folder/blue-carbon-slides-30-march-2023.pdf/view.html
./learning-evidence/marine-and-sustainable-fishing-learning-group/webinars/webinar-content-folder/mural-asia-pacific-dwf-webinar.pdf/view.html
./learning-evidence/marine-and-sustainable-fishing-learning-group/webinars/webinar-content-folder/webinar-a-dive-into-blue-carbon-and-coastal-resilience-at-usaid.html
./learning-evidence/marine-and-sustainable-fishing-learning-group/webinars/webinar-content-folder/webinar-recording-getting-the-most-from-your-pause-reflect-events-recent-experiences-from-usaid2019s-marine-freshwater-programs.html
./learning-evidence/marine-and-sustainable-fishing-learning-group/webinars/webinar-content-folder/webinar-the-scale-form-and-impacts-of-distant-water-fishing-fleets-on-national-fisheries-and-fisherfolk-2.html
./learning-evidence/marine-and-sustainable-fishing-learning-group/webinars/webinar-content-folder/webinar-recording2014building-forward-in-fisheries-opportunities-for-transformation-post-covid.html
./learning-evidence/marine-and-sustainable-fishing-learning-group/webinars/webinar-content-folder/fisheries-in-covid-cover.jpg/view.html
./learning-evidence/marine-and-sustainable-fishing-learning-group/webinars/webinar-content-folder/asia-pacific-research-summaries-dwf-webinar-30june2022.pdf/view.html
./learning-evidence/marine-and-sustainable-fishing-learning-group/webinars/webinar-content-folder/pause-and-reflect-events-webinar_marine-and-freshwater-program-1.pdf/view.html
./learning-evidence/marine-and-sustainable-fishing-learning-group/webinars/webinar-content-folder/africa-lac-final-results-ubc-feru-analysis-dwf-webinar-28june2022.pdf/view.html
./learning-evidence/marine-and-sustainable-fishing-learning-group/index.html
./learning-evidence/marine-and-sustainable-fishing-learning-group/topics.html
./learning-evidence/marine-and-sustainable-fishing-learning-group/webinars.html
./learning-evidence/marine-and-sustainable-fishing-learning-group/contact-info.html
./learning-evidence/marine-and-sustainable-fishing-learning-group/marine-conservation-and-sustainable-fisheries.html
./learning-evidence/marine-and-sustainable-fishing-learning-group/accessibility-info.html
./learning-evidence/marine-and-sustainable-fishing-learning-group/@@search.html
./learning-evidence/marine-and-sustainable-fishing-learning-group/resources/usaid-situation-models-and-results-chains.html
./learning-evidence/marine-and-sustainable-fishing-learning-group/resources/library-of-usaid-situation-models-and-results-chains.html
./learning-evidence/marine-and-sustainable-fishing-learning-group/resources/dwf-research-agenda/view.html
./learning-evidence/marine-and-sustainable-fishing-learning-group/resources/index.html
./learning-evidence/marine-and-sustainable-fishing-learning-group/resources/usaid-situation-models-and-results-chains/usaid-situation-models/refresh-malawi-situation-model/view.html
./learning-evidence/marine-and-sustainable-fishing-learning-group/resources/usaid-situation-models-and-results-chains/usaid-situation-models/senegal-marine-situation-model-2016.png.html
./learning-evidence/marine-and-sustainable-fishing-learning-group/resources/usaid-situation-models-and-results-chains/usaid-situation-models/rdma-oceans-situation-model-2016.png/view.html
./learning-evidence/marine-and-sustainable-fishing-learning-group/resources/usaid-situation-models-and-results-chains/usaid-situation-models/index.html
./learning-evidence/marine-and-sustainable-fishing-learning-group/resources/usaid-situation-models-and-results-chains/usaid-situation-models/papua-new-guinea-marine-situation-model.html
./learning-evidence/marine-and-sustainable-fishing-learning-group/resources/usaid-situation-models-and-results-chains/usaid-situation-models/papua-new-guinea-lukautim-graun-milne-bay-situation-model-2020.pdf.html
./learning-evidence/marine-and-sustainable-fishing-learning-group/resources/usaid-situation-models-and-results-chains/usaid-situation-models/rdma-oceans-situation-model-2016.png.html
./learning-evidence/marine-and-sustainable-fishing-learning-group/resources/usaid-situation-models-and-results-chains/usaid-situation-models/senegal-marine-situation-model-2016.png/view.html
./learning-evidence/marine-and-sustainable-fishing-learning-group/resources/usaid-situation-models-and-results-chains/usaid-situation-models/papua-new-guinea-marine-situation-model/view.html
./learning-evidence/marine-and-sustainable-fishing-learning-group/resources/usaid-situation-models-and-results-chains/usaid-situation-models/papua-new-guinea-lukautim-graun-milne-bay-situation-model-2020.pdf/view.html
./learning-evidence/marine-and-sustainable-fishing-learning-group/resources/usaid-situation-models-and-results-chains/usaid-situation-models/usaid-situation-models.html
./learning-evidence/marine-and-sustainable-fishing-learning-group/resources/usaid-situation-models-and-results-chains/usaid-situation-models/refresh-malawi-situation-model.html
./learning-evidence/marine-and-sustainable-fishing-learning-group/resources/usaid-situation-models-and-results-chains/usaid-situation-models/ghana-fisheries-situation-model/view.html
./learning-evidence/marine-and-sustainable-fishing-learning-group/resources/usaid-situation-models-and-results-chains/usaid-situation-models/ghana-fisheries-situation-model.html
./learning-evidence/marine-and-sustainable-fishing-learning-group/resources/usaid-situation-models-and-results-chains/strengthening-the-policy-framework-results-chains/malawi-refresh-sa1-governance-and-regulatory-frameworks-2020-results-chain.png/view.html
./learning-evidence/marine-and-sustainable-fishing-learning-group/resources/usaid-situation-models-and-results-chains/strengthening-the-policy-framework-results-chains/ghana-sfmp-ir1-ir4-enabling-conditions-and-applied-management-results-chain-1.png.html
./learning-evidence/marine-and-sustainable-fishing-learning-group/resources/usaid-situation-models-and-results-chains/strengthening-the-policy-framework-results-chains/senegal-fbl-sa6-strengthen-policies-2019-results-chain.png.html
./learning-evidence/marine-and-sustainable-fishing-learning-group/resources/usaid-situation-models-and-results-chains/strengthening-the-policy-framework-results-chains/strengthening-the-policy-framework-results-chains.html
./learning-evidence/marine-and-sustainable-fishing-learning-group/resources/usaid-situation-models-and-results-chains/strengthening-the-policy-framework-results-chains/indonesia-sea-sa4-advance-policies-and-regulations-2018-results-chain.png/view.html
./learning-evidence/marine-and-sustainable-fishing-learning-group/resources/usaid-situation-models-and-results-chains/strengthening-the-policy-framework-results-chains/papua-new-guinea-lukautim-graun-resulst-chain-sa1-ridge-to-reef-planning-and-implementation-2020.pdf/view.html
./learning-evidence/marine-and-sustainable-fishing-learning-group/resources/usaid-situation-models-and-results-chains/strengthening-the-policy-framework-results-chains/senegal-fbl-sa6-strengthen-policies-2019-results-chain.png/view.html
./learning-evidence/marine-and-sustainable-fishing-learning-group/resources/usaid-situation-models-and-results-chains/strengthening-the-policy-framework-results-chains/madagascar-hay-tao-sa4-results-chain-strengthen-public-sector-in-policymaking-2020.pdf/view.html
./learning-evidence/marine-and-sustainable-fishing-learning-group/resources/usaid-situation-models-and-results-chains/strengthening-the-policy-framework-results-chains/philippines-fish-right-sa3-results-chain-policy-environment-2020.pdf.html
./learning-evidence/marine-and-sustainable-fishing-learning-group/resources/usaid-situation-models-and-results-chains/strengthening-the-policy-framework-results-chains/papua-new-guinea-lukautim-graun-resulst-chain-sa1-ridge-to-reef-planning-and-implementation-2020.pdf.html
./learning-evidence/marine-and-sustainable-fishing-learning-group/resources/usaid-situation-models-and-results-chains/strengthening-the-policy-framework-results-chains/central-america-and-mexico-rcbp-sa3-strengthen-governance-results-chain.png/view.html
./learning-evidence/marine-and-sustainable-fishing-learning-group/resources/usaid-situation-models-and-results-chains/strengthening-the-policy-framework-results-chains/index.html
./learning-evidence/marine-and-sustainable-fishing-learning-group/resources/usaid-situation-models-and-results-chains/strengthening-the-policy-framework-results-chains/indonesia-sea-sa4-advance-policies-and-regulations-2018-results-chain.png.html
./learning-evidence/marine-and-sustainable-fishing-learning-group/resources/usaid-situation-models-and-results-chains/strengthening-the-policy-framework-results-chains/malawi-refresh-sa1-governance-and-regulatory-frameworks-2020-results-chain.png.html
./learning-evidence/marine-and-sustainable-fishing-learning-group/resources/usaid-situation-models-and-results-chains/strengthening-the-policy-framework-results-chains/ghana-sfmp-ir1-ir4-enabling-conditions-and-applied-management-results-chain-1.png/view.html
./learning-evidence/marine-and-sustainable-fishing-learning-group/resources/usaid-situation-models-and-results-chains/strengthening-the-policy-framework-results-chains/philippines-fish-right-sa3-policy-environment-2019-results-chain.png/view.html
./learning-evidence/marine-and-sustainable-fishing-learning-group/resources/usaid-situation-models-and-results-chains/strengthening-the-policy-framework-results-chains/philippines-fish-right-sa3-results-chain-policy-environment-2020.pdf/view.html
./learning-evidence/marine-and-sustainable-fishing-learning-group/resources/usaid-situation-models-and-results-chains/strengthening-the-policy-framework-results-chains/central-america-and-mexico-rcbp-sa3-strengthen-governance-results-chain.png.html
./learning-evidence/marine-and-sustainable-fishing-learning-group/resources/usaid-situation-models-and-results-chains/strengthening-the-policy-framework-results-chains/madagascar-hay-tao-sa4-results-chain-strengthen-public-sector-in-policymaking-2020.pdf.html
./learning-evidence/marine-and-sustainable-fishing-learning-group/resources/usaid-situation-models-and-results-chains/strengthening-the-policy-framework-results-chains/philippines-fish-right-sa3-policy-environment-2019-results-chain.png.html
./learning-evidence/marine-and-sustainable-fishing-learning-group/resources/usaid-situation-models-and-results-chains/strengthening-the-policy-framework-results-chains.html
./learning-evidence/marine-and-sustainable-fishing-learning-group/resources/usaid-situation-models-and-results-chains/strengthening-conservation-enterprises-results-chains/papua-new-guinea-lukautim-graun-results-chain-women-are-supported-and-incentivized.pdf/view.html
./learning-evidence/marine-and-sustainable-fishing-learning-group/resources/usaid-situation-models-and-results-chains/strengthening-conservation-enterprises-results-chains/indonesia-sea-sa3-increase-incentives-for-marine-stewardship-2018-results-chain.png/view.html
./learning-evidence/marine-and-sustainable-fishing-learning-group/resources/usaid-situation-models-and-results-chains/strengthening-conservation-enterprises-results-chains/madagascar-mikajy-sa2-community-based-livelihoods-and-enterprises-results-chain-2020.pdf/view.html
./learning-evidence/marine-and-sustainable-fishing-learning-group/resources/usaid-situation-models-and-results-chains/strengthening-conservation-enterprises-results-chains/malawi-refresh-sa3-conservation-enterprises-2020-results-chain.png/view.html
./learning-evidence/marine-and-sustainable-fishing-learning-group/resources/usaid-situation-models-and-results-chains/strengthening-conservation-enterprises-results-chains/senegal-fbl-sa5-improve-livelihoods-2019-results-chain.png.html
./learning-evidence/marine-and-sustainable-fishing-learning-group/resources/usaid-situation-models-and-results-chains/strengthening-conservation-enterprises-results-chains/central-america-and-mexico-rcbp-sa2-improve-livelihoods-through-biocommerce-results-chain.png.html
./learning-evidence/marine-and-sustainable-fishing-learning-group/resources/usaid-situation-models-and-results-chains/strengthening-conservation-enterprises-results-chains/central-america-and-mexico-rcbp-sa2-improve-livelihoods-through-biocommerce-results-chain.png/view.html
./learning-evidence/marine-and-sustainable-fishing-learning-group/resources/usaid-situation-models-and-results-chains/strengthening-conservation-enterprises-results-chains/madagascar-mikajy-sa2-community-based-livelihoods-and-enterprises-results-chain-2020.pdf.html
./learning-evidence/marine-and-sustainable-fishing-learning-group/resources/usaid-situation-models-and-results-chains/strengthening-conservation-enterprises-results-chains/index.html
./learning-evidence/marine-and-sustainable-fishing-learning-group/resources/usaid-situation-models-and-results-chains/strengthening-conservation-enterprises-results-chains/papua-new-guinea-lukautim-graun-results-chain-women-are-supported-and-incentivized.pdf.html
./learning-evidence/marine-and-sustainable-fishing-learning-group/resources/usaid-situation-models-and-results-chains/strengthening-conservation-enterprises-results-chains/madagascar-mikajy-sa2-community-based-livelihoods-and-enterprises-2019-results-chain.jpg/view.html
./learning-evidence/marine-and-sustainable-fishing-learning-group/resources/usaid-situation-models-and-results-chains/strengthening-conservation-enterprises-results-chains/malawi-refresh-sa3-conservation-enterprises-2020-results-chain.png.html
./learning-evidence/marine-and-sustainable-fishing-learning-group/resources/usaid-situation-models-and-results-chains/strengthening-conservation-enterprises-results-chains/indonesia-sea-sa3-increase-incentives-for-marine-stewardship-2018-results-chain.png.html
./learning-evidence/marine-and-sustainable-fishing-learning-group/resources/usaid-situation-models-and-results-chains/strengthening-conservation-enterprises-results-chains/madagascar-mikajy-sa2-community-based-livelihoods-and-enterprises-2019-results-chain.jpg.html
./learning-evidence/marine-and-sustainable-fishing-learning-group/resources/usaid-situation-models-and-results-chains/strengthening-conservation-enterprises-results-chains/senegal-fbl-sa5-improve-livelihoods-2019-results-chain.png/view.html
./learning-evidence/marine-and-sustainable-fishing-learning-group/resources/usaid-situation-models-and-results-chains/strengthening-conservation-enterprises-results-chains/strengthening-conservation-enterprises-results-chains.html
./learning-evidence/marine-and-sustainable-fishing-learning-group/resources/usaid-situation-models-and-results-chains/building-constituencies-results-chains.html
./learning-evidence/marine-and-sustainable-fishing-learning-group/resources/usaid-situation-models-and-results-chains/strengthening-organizational-capacity-results-chains/philippines-fish-right-sa2-results-chain-strengthening-institutional-capacity-2020.pdf/view.html
./learning-evidence/marine-and-sustainable-fishing-learning-group/resources/usaid-situation-models-and-results-chains/strengthening-organizational-capacity-results-chains/philippines-fish-right-sa2-strengthen-institutional-capacity-2019-results-chain.png.html
./learning-evidence/marine-and-sustainable-fishing-learning-group/resources/usaid-situation-models-and-results-chains/strengthening-organizational-capacity-results-chains/madagascar-hay-tao-sa5-strengthen-cso-network-capacity-2019-results-chain.jpg.html
./learning-evidence/marine-and-sustainable-fishing-learning-group/resources/usaid-situation-models-and-results-chains/strengthening-organizational-capacity-results-chains/madagascar-hay-tao-sa5-strengthen-cso-network-capacity-2019-results-chain.jpg/view.html
./learning-evidence/marine-and-sustainable-fishing-learning-group/resources/usaid-situation-models-and-results-chains/strengthening-organizational-capacity-results-chains/index.html
./learning-evidence/marine-and-sustainable-fishing-learning-group/resources/usaid-situation-models-and-results-chains/strengthening-organizational-capacity-results-chains/indonesia-sea-sa5-institutionalize-training-and-capacity-building-2018-results-chain.png/view.html
./learning-evidence/marine-and-sustainable-fishing-learning-group/resources/usaid-situation-models-and-results-chains/strengthening-organizational-capacity-results-chains/ghana-sfmp-ir7-capacity-building-of-targeted-institutions-results-chain.png/view.html
./learning-evidence/marine-and-sustainable-fishing-learning-group/resources/usaid-situation-models-and-results-chains/strengthening-organizational-capacity-results-chains/indonesia-sea-sa5-institutionalize-training-and-capacity-building-2018-results-chain.png.html
./learning-evidence/marine-and-sustainable-fishing-learning-group/resources/usaid-situation-models-and-results-chains/strengthening-organizational-capacity-results-chains/ghana-sfmp-ir7-capacity-building-of-targeted-institutions-results-chain.png.html
./learning-evidence/marine-and-sustainable-fishing-learning-group/resources/usaid-situation-models-and-results-chains/strengthening-organizational-capacity-results-chains/philippines-fish-right-sa2-results-chain-strengthening-institutional-capacity-2020.pdf.html
./learning-evidence/marine-and-sustainable-fishing-learning-group/resources/usaid-situation-models-and-results-chains/strengthening-organizational-capacity-results-chains/strengthening-organizational-capacity-results-chains.html
./learning-evidence/marine-and-sustainable-fishing-learning-group/resources/usaid-situation-models-and-results-chains/strengthening-organizational-capacity-results-chains/philippines-fish-right-sa2-strengthen-institutional-capacity-2019-results-chain.png/view.html
./learning-evidence/marine-and-sustainable-fishing-learning-group/resources/usaid-situation-models-and-results-chains/improving-science-and-information-capacities-results-chains/philippines-fish-right-sa6-enhance-partnerships-and-research-2019-results-chain.png.html
./learning-evidence/marine-and-sustainable-fishing-learning-group/resources/usaid-situation-models-and-results-chains/improving-science-and-information-capacities-results-chains/madagascar-hay-tao-results-chain-sa2-improve-and-make-available-data-2020.pdf/view.html
./learning-evidence/marine-and-sustainable-fishing-learning-group/resources/usaid-situation-models-and-results-chains/improving-science-and-information-capacities-results-chains/madagascar-hay-tao-sa2-improve-and-make-available-data-2020-results-chain.jpg.html
./learning-evidence/marine-and-sustainable-fishing-learning-group/resources/usaid-situation-models-and-results-chains/improving-science-and-information-capacities-results-chains/index.html
./learning-evidence/marine-and-sustainable-fishing-learning-group/resources/usaid-situation-models-and-results-chains/improving-science-and-information-capacities-results-chains/improving-science-and-information-capacities-results-chains.html
./learning-evidence/marine-and-sustainable-fishing-learning-group/resources/usaid-situation-models-and-results-chains/improving-science-and-information-capacities-results-chains/central-america-and-mexico-rcbp-sa1-education-and-scientific-capacity-results-chain.png.html
./learning-evidence/marine-and-sustainable-fishing-learning-group/resources/usaid-situation-models-and-results-chains/improving-science-and-information-capacities-results-chains/madagascar-hay-tao-results-chain-sa2-improve-and-make-available-data-2020.pdf.html
./learning-evidence/marine-and-sustainable-fishing-learning-group/resources/usaid-situation-models-and-results-chains/improving-science-and-information-capacities-results-chains/malawi-refresh-sa2-science-info-and-tech-capacities-2020-results-chain.png/view.html
./learning-evidence/marine-and-sustainable-fishing-learning-group/resources/usaid-situation-models-and-results-chains/improving-science-and-information-capacities-results-chains/philippines-fish-right-sa6-enhance-partnerships-and-research-2019-results-chain.png/view.html
./learning-evidence/marine-and-sustainable-fishing-learning-group/resources/usaid-situation-models-and-results-chains/improving-science-and-information-capacities-results-chains/malawi-refresh-sa2-science-info-and-tech-capacities-2020-results-chain.png.html
./learning-evidence/marine-and-sustainable-fishing-learning-group/resources/usaid-situation-models-and-results-chains/improving-science-and-information-capacities-results-chains/philippines-fish-right-results-chain-sa6-enhance-partnerships-and-research-2020.pdf/view.html
./learning-evidence/marine-and-sustainable-fishing-learning-group/resources/usaid-situation-models-and-results-chains/improving-science-and-information-capacities-results-chains/madagascar-hay-tao-sa2-improve-and-make-available-data-2020-results-chain.jpg/view.html
./learning-evidence/marine-and-sustainable-fishing-learning-group/resources/usaid-situation-models-and-results-chains/improving-science-and-information-capacities-results-chains/philippines-fish-right-results-chain-sa6-enhance-partnerships-and-research-2020.pdf.html
./learning-evidence/marine-and-sustainable-fishing-learning-group/resources/usaid-situation-models-and-results-chains/improving-science-and-information-capacities-results-chains/central-america-and-mexico-rcbp-sa1-education-and-scientific-capacity-results-chain.png/view.html
./learning-evidence/marine-and-sustainable-fishing-learning-group/resources/usaid-situation-models-and-results-chains/strengthening-decentralized-co-management-results-chains.html
./learning-evidence/marine-and-sustainable-fishing-learning-group/resources/usaid-situation-models-and-results-chains/building-constituencies-results-chains/ghana-sfmp-ir3-constituencies-results-chain.png.html
./learning-evidence/marine-and-sustainable-fishing-learning-group/resources/usaid-situation-models-and-results-chains/building-constituencies-results-chains/malawi-refresh-sa5-constituencies.png.html
./learning-evidence/marine-and-sustainable-fishing-learning-group/resources/usaid-situation-models-and-results-chains/building-constituencies-results-chains/philippines-fish-right-sa4-participation-and-leadership-2019.png.html
./learning-evidence/marine-and-sustainable-fishing-learning-group/resources/usaid-situation-models-and-results-chains/building-constituencies-results-chains/building-constituencies-results-chains.html
./learning-evidence/marine-and-sustainable-fishing-learning-group/resources/usaid-situation-models-and-results-chains/building-constituencies-results-chains/malawi-refresh-sa5-constituencies.png/view.html
./learning-evidence/marine-and-sustainable-fishing-learning-group/resources/usaid-situation-models-and-results-chains/building-constituencies-results-chains/index.html
./learning-evidence/marine-and-sustainable-fishing-learning-group/resources/usaid-situation-models-and-results-chains/building-constituencies-results-chains/madagascar-mikajy-sa5-strengthen-capacities-2019-results-chain.jpg/view.html
./learning-evidence/marine-and-sustainable-fishing-learning-group/resources/usaid-situation-models-and-results-chains/building-constituencies-results-chains/indonesia-sea-sa1-create-demand-using-awareness-raising-and-advocacy-2018.png.html
./learning-evidence/marine-and-sustainable-fishing-learning-group/resources/usaid-situation-models-and-results-chains/building-constituencies-results-chains/senegal-fbl-sa1-constituents-2019.jpg/view.html
./learning-evidence/marine-and-sustainable-fishing-learning-group/resources/usaid-situation-models-and-results-chains/building-constituencies-results-chains/ghana-sfmp-ir3-constituencies-results-chain.png/view.html
./learning-evidence/marine-and-sustainable-fishing-learning-group/resources/usaid-situation-models-and-results-chains/building-constituencies-results-chains/philippines-fish-right-sa4-participation-and-leadership-2019.png/view.html
./learning-evidence/marine-and-sustainable-fishing-learning-group/resources/usaid-situation-models-and-results-chains/building-constituencies-results-chains/madagascar-mikajy-results-chain-sa5-strengthen-capacities-2020.pdf/view.html
./learning-evidence/marine-and-sustainable-fishing-learning-group/resources/usaid-situation-models-and-results-chains/building-constituencies-results-chains/madagascar-mikajy-sa5-strengthen-capacities-2019-results-chain.jpg.html
./learning-evidence/marine-and-sustainable-fishing-learning-group/resources/usaid-situation-models-and-results-chains/building-constituencies-results-chains/senegal-fbl-sa1-constituents-2019.jpg.html
./learning-evidence/marine-and-sustainable-fishing-learning-group/resources/usaid-situation-models-and-results-chains/building-constituencies-results-chains/philippines-fish-right-enhancing-participation-and-leadership-results-chain-2020.pdf.html
./learning-evidence/marine-and-sustainable-fishing-learning-group/resources/usaid-situation-models-and-results-chains/building-constituencies-results-chains/indonesia-sea-sa1-create-demand-using-awareness-raising-and-advocacy-2018.png/view.html
./learning-evidence/marine-and-sustainable-fishing-learning-group/resources/usaid-situation-models-and-results-chains/building-constituencies-results-chains/madagascar-mikajy-results-chain-sa5-strengthen-capacities-2020.pdf.html
./learning-evidence/marine-and-sustainable-fishing-learning-group/resources/usaid-situation-models-and-results-chains/building-constituencies-results-chains/philippines-fish-right-enhancing-participation-and-leadership-results-chain-2020.pdf/view.html
./learning-evidence/marine-and-sustainable-fishing-learning-group/resources/usaid-situation-models-and-results-chains/improving-science-and-information-capacities-results-chains.html
./learning-evidence/marine-and-sustainable-fishing-learning-group/resources/usaid-situation-models-and-results-chains/usaid-situation-models.html
./learning-evidence/marine-and-sustainable-fishing-learning-group/resources/usaid-situation-models-and-results-chains/strengthening-decentralized-co-management-results-chains/malawi-refresh-sa3-decentralized-co-management-results-chain.png.html
./learning-evidence/marine-and-sustainable-fishing-learning-group/resources/usaid-situation-models-and-results-chains/strengthening-decentralized-co-management-results-chains/ghana-sfmp-ir1-ir4-enabling-conditions-and-applied-management-results-chain.png/view.html
./learning-evidence/marine-and-sustainable-fishing-learning-group/resources/usaid-situation-models-and-results-chains/strengthening-decentralized-co-management-results-chains/philippines-fish-right-sa1-results-chain-increase-management-effectiveness-2020.pdf/view.html
./learning-evidence/marine-and-sustainable-fishing-learning-group/resources/usaid-situation-models-and-results-chains/strengthening-decentralized-co-management-results-chains/senegal-fbl-sa3-institutional-capacity-for-decentralized-co-management-2019-results-chain.png/view.html
./learning-evidence/marine-and-sustainable-fishing-learning-group/resources/usaid-situation-models-and-results-chains/strengthening-decentralized-co-management-results-chains/philippines-fish-right-sa1-results-chain-increase-management-effectiveness-2020.pdf.html
./learning-evidence/marine-and-sustainable-fishing-learning-group/resources/usaid-situation-models-and-results-chains/strengthening-decentralized-co-management-results-chains/indonesia-sea-sa2-improve-ecosystem-management-of-fma-715-and-mpas-2018-results-chain.png.html
./learning-evidence/marine-and-sustainable-fishing-learning-group/resources/usaid-situation-models-and-results-chains/strengthening-decentralized-co-management-results-chains/strengthening-decentralized-co-management-results-chains.html
./learning-evidence/marine-and-sustainable-fishing-learning-group/resources/usaid-situation-models-and-results-chains/strengthening-decentralized-co-management-results-chains/index.html
./learning-evidence/marine-and-sustainable-fishing-learning-group/resources/usaid-situation-models-and-results-chains/strengthening-decentralized-co-management-results-chains/indonesia-sea-sa2-improve-ecosystem-management-of-fma-715-and-mpas-2018-results-chain.png/view.html
./learning-evidence/marine-and-sustainable-fishing-learning-group/resources/usaid-situation-models-and-results-chains/strengthening-decentralized-co-management-results-chains/philippines-fish-right-sa1-increase-management-effectiveness-2019-results-chain.png.html
./learning-evidence/marine-and-sustainable-fishing-learning-group/resources/usaid-situation-models-and-results-chains/strengthening-decentralized-co-management-results-chains/papua-new-guinea-lukautim-graun-results-chain-sa3-and-sa4-support-to-customary-owners-and-rekindling-customary-stewardship.pdf/view.html
./learning-evidence/marine-and-sustainable-fishing-learning-group/resources/usaid-situation-models-and-results-chains/strengthening-decentralized-co-management-results-chains/senegal-fbl-sa3-institutional-capacity-for-decentralized-co-management-2019-results-chain.png.html
./learning-evidence/marine-and-sustainable-fishing-learning-group/resources/usaid-situation-models-and-results-chains/strengthening-decentralized-co-management-results-chains/madagascar-mikajy-results-chain-sa4-community-based-land-and-resource-tenure-policy-2020.pdf/view.html
./learning-evidence/marine-and-sustainable-fishing-learning-group/resources/usaid-situation-models-and-results-chains/strengthening-decentralized-co-management-results-chains/madagascar-mikajy-results-chain-sa4-community-based-land-and-resource-tenure-policy-2020.pdf.html
./learning-evidence/marine-and-sustainable-fishing-learning-group/resources/usaid-situation-models-and-results-chains/strengthening-decentralized-co-management-results-chains/papua-new-guinea-lukautim-graun-results-chain-sa3-and-sa4-support-to-customary-owners-and-rekindling-customary-stewardship.pdf.html
./learning-evidence/marine-and-sustainable-fishing-learning-group/resources/usaid-situation-models-and-results-chains/strengthening-decentralized-co-management-results-chains/ghana-sfmp-ir1-ir4-enabling-conditions-and-applied-management-results-chain.png.html
./learning-evidence/marine-and-sustainable-fishing-learning-group/resources/usaid-situation-models-and-results-chains/strengthening-decentralized-co-management-results-chains/malawi-refresh-sa3-decentralized-co-management-results-chain.png/view.html
./learning-evidence/marine-and-sustainable-fishing-learning-group/resources/usaid-situation-models-and-results-chains/strengthening-decentralized-co-management-results-chains/philippines-fish-right-sa1-increase-management-effectiveness-2019-results-chain.png/view.html
./learning-evidence/marine-and-sustainable-fishing-learning-group/resources/usaid-situation-models-and-results-chains/strengthening-organizational-capacity-results-chains.html
./learning-evidence/marine-and-sustainable-fishing-learning-group/resources/usaid-situation-models-and-results-chains/strengthening-conservation-enterprises-results-chains.html
./learning-evidence/marine-and-sustainable-fishing-learning-group/resources/dwf-research-agenda.html
./learning-evidence/wild-meat-collaborative-learning-group.html
./learning-evidence/lac-ccc/documents/small-scale-mining-cs-508.pdf.html
./learning-evidence/lac-ccc/documents/ccc-learning-agenda-v2-508.pdf/view.html
./learning-evidence/lac-ccc/documents/documents-collection.html
./learning-evidence/lac-ccc/documents/index.html
./learning-evidence/lac-ccc/documents/small-scale-mining-cs-508.pdf/view.html
./learning-evidence/lac-ccc/documents/lac-ccc-corruption-webinar-march-2021.pdf/view.html
./learning-evidence/lac-ccc/documents/lac-learning-asgm-usaid-presentation.pdf/view.html
./learning-evidence/lac-ccc/documents/ccc-learning-agenda-v2-508.pdf.html
./learning-evidence/lac-ccc/learning-agenda.html
./learning-evidence/lac-ccc/@@search-form.html
./learning-evidence/lac-ccc/documents.html
./learning-evidence/lac-ccc/sitemap.html
./learning-evidence/lac-ccc/news-events/index.html
./learning-evidence/lac-ccc/news-events/news-events-collection.html
./learning-evidence/lac-ccc/news-events/natural-resource-governance-findings-recommendations-from-usaid-colombias-corruption-criminality-analysis.html
./learning-evidence/lac-ccc/news-events/asgm-sector-expansion-in-latin-america-drivers-impacts-solutions.html
./learning-evidence/lac-ccc/news-events/lessons-from-the-field-building-the-evidence-base-on-natural-resource-corruption.html
./learning-evidence/lac-ccc/index.html
./learning-evidence/lac-ccc/ask-the-group/index.html
./learning-evidence/lac-ccc/ask-the-group/ask-the-group.html
./learning-evidence/lac-ccc/contact-info.html
./learning-evidence/lac-ccc/accessibility-info.html
./learning-evidence/lac-ccc/ask-the-group.html
./learning-evidence/lac-ccc/lac-environment-combating-conservation-crime-ccc-home-page.html
./learning-evidence/lac-ccc/learning-agenda/learning-agenda.html
./learning-evidence/lac-ccc/learning-agenda/index.html
./learning-evidence/lac-ccc/news-events.html
./learning-evidence/learning-resources/learning-resources-collection.html
./learning-evidence/learning-resources/index.html
./learning-evidence/projects/completed-projects/measuring-impact/evidence-in-action.html
./learning-evidence/webinars/index.html
./learning-evidence/webinars/webinars-collection.html
./learning-evidence/marine-and-sustainable-fishing-learning-group.html
./learning-evidence/index.html
./learning-evidence/learning-resources.html
./learning-evidence/lac-ccc.html
./learning-evidence/combating-wildlife-trafficking/learning-agenda.html
./learning-evidence/combating-wildlife-trafficking/evidence.html
./learning-evidence/combating-wildlife-trafficking/@@search-form.html
./learning-evidence/combating-wildlife-trafficking/resources.html
./learning-evidence/combating-wildlife-trafficking/sitemap.html
./learning-evidence/combating-wildlife-trafficking/cwt-case-study-compilation.html
./learning-evidence/combating-wildlife-trafficking/index.html
./learning-evidence/combating-wildlife-trafficking/cwt-learning-group.html
./learning-evidence/combating-wildlife-trafficking/cwt-case-study-compilation/@@search-form.html
./learning-evidence/combating-wildlife-trafficking/cwt-case-study-compilation/finalists/finalists.html
./learning-evidence/combating-wildlife-trafficking/cwt-case-study-compilation/finalists/index.html
./learning-evidence/combating-wildlife-trafficking/cwt-case-study-compilation/finalists/cwt-case-finalists.html
./learning-evidence/combating-wildlife-trafficking/cwt-case-study-compilation/finalists/finalists-pdf-folder/wildlife-trust-of-india/view.html
./learning-evidence/combating-wildlife-trafficking/cwt-case-study-compilation/finalists/finalists-pdf-folder/zoological-society-of-london-in-nepal/view.html
./learning-evidence/combating-wildlife-trafficking/cwt-case-study-compilation/finalists/finalists-pdf-folder/compiled-cwt-synthesis-and-cases/view.html
./learning-evidence/combating-wildlife-trafficking/cwt-case-study-compilation/finalists/finalists-pdf-folder/kerinci-seblat-national-park-in-indonesia/view.html
./learning-evidence/combating-wildlife-trafficking/cwt-case-study-compilation/finalists/finalists-pdf-folder/tenboma-in-kenya.html
./learning-evidence/combating-wildlife-trafficking/cwt-case-study-compilation/finalists/finalists-pdf-folder/wildlife-crimes-unit-in-indonesia/view.html
./learning-evidence/combating-wildlife-trafficking/cwt-case-study-compilation/finalists/finalists-pdf-folder/compiled-cwt-synthesis-and-cases.html
./learning-evidence/combating-wildlife-trafficking/cwt-case-study-compilation/finalists/finalists-pdf-folder/mesa-tecnica-in-guatemala.html
./learning-evidence/combating-wildlife-trafficking/cwt-case-study-compilation/finalists/finalists-pdf-folder/fish-i-in-east-africa/view.html
./learning-evidence/combating-wildlife-trafficking/cwt-case-study-compilation/finalists/finalists-pdf-folder/national-and-transnational-serious-crimes-investigative-unit-in-tanzania.html
./learning-evidence/combating-wildlife-trafficking/cwt-case-study-compilation/finalists/finalists-pdf-folder/conservancy-rhino-ranger-incentive-program-in-namibia.html
./learning-evidence/combating-wildlife-trafficking/cwt-case-study-compilation/finalists/finalists-pdf-folder/zoological-society-of-london-in-nepal.html
./learning-evidence/combating-wildlife-trafficking/cwt-case-study-compilation/finalists/finalists-pdf-folder/index.html
./learning-evidence/combating-wildlife-trafficking/cwt-case-study-compilation/finalists/finalists-pdf-folder/space-for-giants-in-kenya.html
./learning-evidence/combating-wildlife-trafficking/cwt-case-study-compilation/finalists/finalists-pdf-folder/wildlife-trust-of-india.html
./learning-evidence/combating-wildlife-trafficking/cwt-case-study-compilation/finalists/finalists-pdf-folder/synthesis-of-lessons-from-the-cwt-case-study-compilation/view.html
./learning-evidence/combating-wildlife-trafficking/cwt-case-study-compilation/finalists/finalists-pdf-folder/kerinci-seblat-national-park-in-indonesia.html
./learning-evidence/combating-wildlife-trafficking/cwt-case-study-compilation/finalists/finalists-pdf-folder/fish-i-in-east-africa.html
./learning-evidence/combating-wildlife-trafficking/cwt-case-study-compilation/finalists/finalists-pdf-folder/eyes-in-the-courtroom-in-kenya.html
./learning-evidence/combating-wildlife-trafficking/cwt-case-study-compilation/finalists/finalists-pdf-folder/eyes-in-the-courtroom-in-kenya/view.html
./learning-evidence/combating-wildlife-trafficking/cwt-case-study-compilation/finalists/finalists-pdf-folder/tenboma-in-kenya/view.html
./learning-evidence/combating-wildlife-trafficking/cwt-case-study-compilation/finalists/finalists-pdf-folder/usaid-prepared-project-in-east-africa.html
./learning-evidence/combating-wildlife-trafficking/cwt-case-study-compilation/finalists/finalists-pdf-folder/mesa-tecnica-in-guatemala/view.html
./learning-evidence/combating-wildlife-trafficking/cwt-case-study-compilation/finalists/finalists-pdf-folder/wildlife-crimes-unit-in-indonesia.html
./learning-evidence/combating-wildlife-trafficking/cwt-case-study-compilation/finalists/finalists-pdf-folder/national-and-transnational-serious-crimes-investigative-unit-in-tanzania/view.html
./learning-evidence/combating-wildlife-trafficking/cwt-case-study-compilation/finalists/finalists-pdf-folder/usaid-prepared-project-in-east-africa/view.html
./learning-evidence/combating-wildlife-trafficking/cwt-case-study-compilation/finalists/finalists-pdf-folder/conservancy-rhino-ranger-incentive-program-in-namibia/view.html
./learning-evidence/combating-wildlife-trafficking/cwt-case-study-compilation/finalists/finalists-pdf-folder/synthesis-of-lessons-from-the-cwt-case-study-compilation.html
./learning-evidence/combating-wildlife-trafficking/cwt-case-study-compilation/finalists/finalists-pdf-folder/space-for-giants-in-kenya/view.html
./learning-evidence/combating-wildlife-trafficking/cwt-case-study-compilation/finalists/finalists-pdf-folder.html
./learning-evidence/combating-wildlife-trafficking/cwt-case-study-compilation/finalists.html
./learning-evidence/combating-wildlife-trafficking/cwt-case-study-compilation/sitemap.html
./learning-evidence/combating-wildlife-trafficking/cwt-case-study-compilation/index.html
./learning-evidence/combating-wildlife-trafficking/cwt-case-study-compilation/contact-info.html
./learning-evidence/combating-wildlife-trafficking/cwt-case-study-compilation/accessibility-info.html
./learning-evidence/combating-wildlife-trafficking/cwt-case-study-compilation/welcome.html
./learning-evidence/combating-wildlife-trafficking/evidence/cwt-learning-group-evidence-collection.html
./learning-evidence/combating-wildlife-trafficking/evidence/evidence-inbox/wildlife-forest-crime-analytic-toolkit/view.html
./learning-evidence/combating-wildlife-trafficking/evidence/evidence-inbox/competences-for-personnel-of-protected-areas-and-other-conservation-sites-a-global-register-and-user-guide.html
./learning-evidence/combating-wildlife-trafficking/evidence/evidence-inbox/how-does-developing-enforcement-capacity-reduce-wildlife-crime.html
./learning-evidence/combating-wildlife-trafficking/evidence/evidence-inbox/sustainable-conservation-approaches-in-priority-ecosystems-scapes-ustyurt-landscape-conservation-initiative-ulci/view.html
./learning-evidence/combating-wildlife-trafficking/evidence/evidence-inbox/measuring-efforts-to-combat-wildlife-crime-a-toolkit-for-improving-action-and-accountability.html
./learning-evidence/combating-wildlife-trafficking/evidence/evidence-inbox/competence-standards-for-protected-area-jobs-in-south-east-asia.html
./learning-evidence/combating-wildlife-trafficking/evidence/evidence-inbox/mid-term-performance-evaluation-of-asia2019s-regional-response-to-endangered-species-trafficking-arrest-program.html
./learning-evidence/combating-wildlife-trafficking/evidence/evidence-inbox/poaching-is-more-than-an-enforcement-problem.html
./learning-evidence/combating-wildlife-trafficking/evidence/evidence-inbox/competence-standards-for-protected-area-jobs-in-south-east-asia/view.html
./learning-evidence/combating-wildlife-trafficking/evidence/evidence-inbox/estimating-the-economic-losses-to-tourism-in-africa-from-illegal-killing-of-elephants.html
./learning-evidence/combating-wildlife-trafficking/evidence/evidence-inbox/social-and-behavior-change-communication-sbcc-demand-reduction-guidebook/view.html
./learning-evidence/combating-wildlife-trafficking/evidence/evidence-inbox/copy_of_reducing-desire-for-ivory-a-psychosocial-guide-to-address-ivory-consumption.html
./learning-evidence/combating-wildlife-trafficking/evidence/evidence-inbox/dismantling-wildlife-crime/view.html
./learning-evidence/combating-wildlife-trafficking/evidence/evidence-inbox/usaid-combating-wildlife-trafficking-learning-exchange-2019.pdf/view.html
./learning-evidence/combating-wildlife-trafficking/evidence/evidence-inbox/proceedings-of-the-international-expert-workshop-on-the-enforcement-of-wildlife-trade-controls-in-the-eu-5-6-november-2001-frankfurt-germany/view.html
./learning-evidence/combating-wildlife-trafficking/evidence/evidence-inbox/reducing-desire-for-ivory-a-psychosocial-guide-to-address-ivory-consumption/view.html
./learning-evidence/combating-wildlife-trafficking/evidence/evidence-inbox/cwt-learning-exchange-posters.pdf/view.html
./learning-evidence/combating-wildlife-trafficking/evidence/evidence-inbox/conservation-crime-and-communities-case-studies-of-efforts-to-engage-local-communities-in-tackling-illegal-wildlife-trade.html
./learning-evidence/combating-wildlife-trafficking/evidence/evidence-inbox/changes-for-justice-project-final-report/view.html
./learning-evidence/combating-wildlife-trafficking/evidence/evidence-inbox/usaid-cwt-adaptive-management-assessment.pdf.html
./learning-evidence/combating-wildlife-trafficking/evidence/evidence-inbox/reducing-desire-for-ivory-a-psychosocial-guide-to-address-ivory-consumption.html
./learning-evidence/combating-wildlife-trafficking/evidence/evidence-inbox/2018such-misconducts-don2019t-make-a-good-ranger2019-examining-law-enforcement-ranger-wrongdoing-in-uganda.html
./learning-evidence/combating-wildlife-trafficking/evidence/evidence-inbox/anti-poaching-and-wildlife-law-enforcement-in-africa-what-works-where-and-why/view.html
./learning-evidence/combating-wildlife-trafficking/evidence/evidence-inbox/anti-poaching-and-wildlife-law-enforcement-in-africa-what-works-where-and-why.html
./learning-evidence/combating-wildlife-trafficking/evidence/evidence-inbox/wildlife-crime-a-guide-to-the-use-of-forensic-specialist-techniques-in-the-investigation-of-wildlife-crime.html
./learning-evidence/combating-wildlife-trafficking/evidence/evidence-inbox/successful-reduction-in-rhino-poaching-in-nepal/view.html
./learning-evidence/combating-wildlife-trafficking/evidence/evidence-inbox/sustainable-conservation-approaches-in-priority-ecosystems-scapes-ustyurt-landscape-conservation-initiative-ulci.html
./learning-evidence/combating-wildlife-trafficking/evidence/evidence-inbox/strategies-for-enforcing-wildlife-trade-regulations-in-ulaanbaatar/view.html
./learning-evidence/combating-wildlife-trafficking/evidence/evidence-inbox/poaching-is-more-than-an-enforcement-problem/view.html
./learning-evidence/combating-wildlife-trafficking/evidence/evidence-inbox/strengthening-the-weakest-links-strategies-for-improving-the-enforcement-of-environmental-laws-globally/view.html
./learning-evidence/combating-wildlife-trafficking/evidence/evidence-inbox/criminal-justice-response-to-wildlife-and-forest-crime-in-cambodia-a-rapid-assessment.html
./learning-evidence/combating-wildlife-trafficking/evidence/evidence-inbox/wildleaks/view.html
./learning-evidence/combating-wildlife-trafficking/evidence/evidence-inbox/dismantling-wildlife-crime.html
./learning-evidence/combating-wildlife-trafficking/evidence/evidence-inbox/conservation-crime-and-communities-case-studies-of-efforts-to-engage-local-communities-in-tackling-illegal-wildlife-trade/view.html
./learning-evidence/combating-wildlife-trafficking/evidence/evidence-inbox/managing-wildlife-crime-in-and-around-protected-areas-a-training-guideline-for-field-rangers.html
./learning-evidence/combating-wildlife-trafficking/evidence/evidence-inbox/wildlife-forest-crime-analytic-toolkit.html
./learning-evidence/combating-wildlife-trafficking/evidence/evidence-inbox/how-does-developing-enforcement-capacity-reduce-wildlife-crime/view.html
./learning-evidence/combating-wildlife-trafficking/evidence/evidence-inbox/successful-reduction-in-rhino-poaching-in-nepal.html
./learning-evidence/combating-wildlife-trafficking/evidence/evidence-inbox/occupational-stress-among-law-enforcement-rangers-insights-from-uganda/view.html
./learning-evidence/combating-wildlife-trafficking/evidence/evidence-inbox/policing-the-wilderness-a-descriptive-study-of-wildlife-conservation-officers-in-south-africa/view.html
./learning-evidence/combating-wildlife-trafficking/evidence/evidence-inbox/in-cold-blood-combating-organized-wildlife-crime/view.html
./learning-evidence/combating-wildlife-trafficking/evidence/evidence-inbox/in-cold-blood-combating-organized-wildlife-crime.html
./learning-evidence/combating-wildlife-trafficking/evidence/evidence-inbox/usaid-wildlife-asia-as-a-case-study-in-adaptive-rigour.pdf/view.html
./learning-evidence/combating-wildlife-trafficking/evidence/evidence-inbox/criminal-justice-response-to-wildlife-and-forest-crime-in-cambodia-a-rapid-assessment/view.html
./learning-evidence/combating-wildlife-trafficking/evidence/evidence-inbox/wildlife-crime-a-guide-to-the-use-of-forensic-specialist-techniques-in-the-investigation-of-wildlife-crime/view.html
./learning-evidence/combating-wildlife-trafficking/evidence/evidence-inbox/evaluating-the-design-of-behavior-change-interventions-a-case-study-of-rhino-horn-in-vietnam.html
./learning-evidence/combating-wildlife-trafficking/evidence/evidence-inbox/mid-term-performance-evaluation-of-asia2019s-regional-response-to-endangered-species-trafficking-arrest-program/view.html
./learning-evidence/combating-wildlife-trafficking/evidence/evidence-inbox/occupational-stress-among-law-enforcement-rangers-insights-from-uganda.html
./learning-evidence/combating-wildlife-trafficking/evidence/evidence-inbox/strengthening-the-weakest-links-strategies-for-improving-the-enforcement-of-environmental-laws-globally.html
./learning-evidence/combating-wildlife-trafficking/evidence/evidence-inbox/horn-of-contention-a-review-of-the-literature-on-the-economics-of-trade-in-rhino-horn/view.html
./learning-evidence/combating-wildlife-trafficking/evidence/evidence-inbox/managing-wildlife-crime-in-and-around-protected-areas-a-training-guideline-for-field-rangers/view.html
./learning-evidence/combating-wildlife-trafficking/evidence/evidence-inbox/evaluating-the-design-of-behavior-change-interventions-a-case-study-of-rhino-horn-in-vietnam/view.html
./learning-evidence/combating-wildlife-trafficking/evidence/evidence-inbox/rewards-and-risks-associated-with-community-engagement-in-anti-poaching-and-anti-trafficking-research-paper.html
./learning-evidence/combating-wildlife-trafficking/evidence/evidence-inbox/estimating-the-economic-losses-to-tourism-in-africa-from-illegal-killing-of-elephants/view.html
./learning-evidence/combating-wildlife-trafficking/evidence/evidence-inbox/mi-making-use-portfolio-organizational-learning-usaid.html
./learning-evidence/combating-wildlife-trafficking/evidence/evidence-inbox/policing-the-wilderness-a-descriptive-study-of-wildlife-conservation-officers-in-south-africa.html
./learning-evidence/combating-wildlife-trafficking/evidence/evidence-inbox/adaptive-management-in-the-usaid-cwt-portfolio-assessment-summary.pdf/view.html
./learning-evidence/combating-wildlife-trafficking/evidence/evidence-inbox/usaid-wildlife-asia-as-a-case-study-in-adaptive-rigour.pdf.html
./learning-evidence/combating-wildlife-trafficking/evidence/evidence-inbox/the-disappearing-act-the-illicit-trade-in-wildlife-in-asia/view.html
./learning-evidence/combating-wildlife-trafficking/evidence/evidence-inbox/strategies-for-enforcing-wildlife-trade-regulations-in-ulaanbaatar.html
./learning-evidence/combating-wildlife-trafficking/evidence/evidence-inbox/usaid-cwt-adaptive-management-assessment.pdf/view.html
./learning-evidence/combating-wildlife-trafficking/evidence/evidence-inbox/wildleaks.html
./learning-evidence/combating-wildlife-trafficking/evidence/evidence-inbox/social-and-behavior-change-communication-sbcc-demand-reduction-guidebook.html
./learning-evidence/combating-wildlife-trafficking/evidence/evidence-inbox/copy_of_reducing-desire-for-ivory-a-psychosocial-guide-to-address-ivory-consumption/view.html
./learning-evidence/combating-wildlife-trafficking/evidence/evidence-inbox/measuring-efforts-to-combat-wildlife-crime-a-toolkit-for-improving-action-and-accountability/view.html
./learning-evidence/combating-wildlife-trafficking/evidence/evidence-inbox/changes-for-justice-project-final-report.html
./learning-evidence/combating-wildlife-trafficking/evidence/evidence-inbox/rewards-and-risks-associated-with-community-engagement-in-anti-poaching-and-anti-trafficking-research-paper/view.html
./learning-evidence/combating-wildlife-trafficking/evidence/evidence-inbox/the-disappearing-act-the-illicit-trade-in-wildlife-in-asia.html
./learning-evidence/combating-wildlife-trafficking/evidence/evidence-inbox/2018such-misconducts-don2019t-make-a-good-ranger2019-examining-law-enforcement-ranger-wrongdoing-in-uganda/view.html
./learning-evidence/combating-wildlife-trafficking/evidence/evidence-inbox/competences-for-personnel-of-protected-areas-and-other-conservation-sites-a-global-register-and-user-guide/view.html
./learning-evidence/combating-wildlife-trafficking/evidence/evidence-inbox/horn-of-contention-a-review-of-the-literature-on-the-economics-of-trade-in-rhino-horn.html
./learning-evidence/combating-wildlife-trafficking/evidence/evidence-inbox/mi-making-use-portfolio-organizational-learning-usaid/view.html
./learning-evidence/combating-wildlife-trafficking/evidence/index.html
./learning-evidence/combating-wildlife-trafficking/contact-info.html
./learning-evidence/combating-wildlife-trafficking/accessibility-info.html
./learning-evidence/combating-wildlife-trafficking/learning-agenda/copy_of_framework-for-the-learning-agenda.html
./learning-evidence/combating-wildlife-trafficking/learning-agenda/framework-for-the-learning-agenda.html
./learning-evidence/combating-wildlife-trafficking/learning-agenda/index.html
./learning-evidence/combating-wildlife-trafficking/learning-agenda/cwt-learning-agenda/view.html
./learning-evidence/combating-wildlife-trafficking/learning-agenda/cwt-learning-agenda.html
./learning-evidence/combating-wildlife-trafficking/resources/cwt-webinars.html
./learning-evidence/combating-wildlife-trafficking/resources/cwt-learning-group-resources/cwt-learning-group-what-we-have-learned/view.html
./learning-evidence/combating-wildlife-trafficking/resources/cwt-learning-group-resources/people-not-poaching.html
./learning-evidence/combating-wildlife-trafficking/resources/cwt-learning-group-resources/index.html
./learning-evidence/combating-wildlife-trafficking/resources/cwt-learning-group-resources/gender-brief-single-final-508.pdf/view.html
./learning-evidence/combating-wildlife-trafficking/resources/cwt-learning-group-resources/saving-species.html
./learning-evidence/combating-wildlife-trafficking/resources/cwt-learning-group-resources/saving-species/view.html
./learning-evidence/combating-wildlife-trafficking/resources/cwt-learning-group-resources/demand-reduction-summary-2022_508.pdf.html
./learning-evidence/combating-wildlife-trafficking/resources/cwt-learning-group-resources/cwt-transboundary-brief-spreads-8-9-22-508.pdf/view.html
./learning-evidence/combating-wildlife-trafficking/resources/cwt-learning-group-resources/cwt-learning-group-resources.html
./learning-evidence/combating-wildlife-trafficking/resources/cwt-learning-group-resources/cwt-judiciary-brief-final-8-9-22-508.pdf/view.html
./learning-evidence/combating-wildlife-trafficking/resources/cwt-learning-group-resources/cwt-demand-reduction-final-7-25_508.pdf/view.html
./learning-evidence/combating-wildlife-trafficking/resources/cwt-learning-group-resources/demand-reduction-summary-2022_508.pdf/view.html
./learning-evidence/combating-wildlife-trafficking/resources/cwt-learning-group-resources/cwt-learning-group-what-we-have-learned.html
./learning-evidence/combating-wildlife-trafficking/resources/cwt-learning-group-resources/gender-brief-single-final-508.pdf.html
./learning-evidence/combating-wildlife-trafficking/resources/cwt-learning-group-resources/cwt-demand-reduction-final-7-25_508.pdf.html
./learning-evidence/combating-wildlife-trafficking/resources/index.html
./learning-evidence/combating-wildlife-trafficking/resources/learning-evidence/combating-wildlife-trafficking/cwt-case-study-compilation/index.html
./learning-evidence/combating-wildlife-trafficking/resources/cwt-learning-group-resources.html
./learning-evidence/combating-wildlife-trafficking/resources/cwt-resources.html
./learning-evidence/combating-wildlife-trafficking/resources/cwt-webinars/webinar-law-of-the-jungle-cwt-enforcement-capacity-building-in-guatemala.html
./learning-evidence/combating-wildlife-trafficking/resources/cwt-webinars/reducing-consumer-demand-for-elephant-ivory-and-tiger-parts-and-products-webinar-presentation.pdf/view.html
./learning-evidence/combating-wildlife-trafficking/resources/cwt-webinars/can-community-enterprises-conserve-the-titi-monkey-and-improve-human-development-in-colombia_508-pptx.pdf/view.html
./learning-evidence/combating-wildlife-trafficking/resources/cwt-webinars/peer-to-peer-exchange-on-supporting-demand-reduction-programs-slide-deck-1.pdf/view.html
./learning-evidence/combating-wildlife-trafficking/resources/cwt-webinars/webinar-peer-to-peer-exchange-on-supporting-demand-reduction-programs.html
./learning-evidence/combating-wildlife-trafficking/resources/cwt-webinars/webinar-interagency-coordination-best-practices.html
./learning-evidence/combating-wildlife-trafficking/resources/cwt-webinars/cwt-learning-series-transboundary-cooperation-slide-deck.pdf.html
./learning-evidence/combating-wildlife-trafficking/resources/cwt-webinars/webinar-can-enterprises-conserve-the-cotton-top-tamarin-and-improve-human-development-in-colombia.html
./learning-evidence/combating-wildlife-trafficking/resources/cwt-webinars/digital-approaches-to-demand-reduction-recent-results-from-the-field-presentation/index.html
./learning-evidence/combating-wildlife-trafficking/resources/cwt-webinars/digital-approaches-to-demand-reduction-recent-results-from-the-field-presentation/view.html
./learning-evidence/combating-wildlife-trafficking/resources/cwt-webinars/fail-forward-regional-virtual-event-slide-deck-session1.pdf/view.html
./learning-evidence/combating-wildlife-trafficking/resources/cwt-webinars/cwt-learning-series-transboundary-cooperation-slide-deck.pdf/view.html
./learning-evidence/combating-wildlife-trafficking/resources/cwt-webinars/webinar-a-conversation-with-dr.-renee-lertzman-on-reducing-desire-for-ivory.html
./learning-evidence/combating-wildlife-trafficking/resources/cwt-webinars/law-enforcement-and-prosecution-of-wildlife-crime-in-mozambique-presentation.html
./learning-evidence/combating-wildlife-trafficking/resources/cwt-webinars/building-capacity-for-law-enforcement-and-prosecution-of-wildlife-crime-experience-from-mozambique.html
./learning-evidence/combating-wildlife-trafficking/resources/cwt-webinars/webinar-demand-reduction-with-gayle-burgess-traffic.html
./learning-evidence/combating-wildlife-trafficking/resources/cwt-webinars/songbird-demand-reduction-and-behavior-change-in-indonesia-webinar-presentation.pdf/view.html
./learning-evidence/combating-wildlife-trafficking/resources/cwt-webinars/webinar-reducing-consumer-demand-for-elephant-ivory-and-tiger-parts-and-products.html
./learning-evidence/combating-wildlife-trafficking/resources/cwt-webinars/webinar-wildlife-friendly-enterprise-network.html
./learning-evidence/combating-wildlife-trafficking/resources/cwt-webinars/index.html
./learning-evidence/combating-wildlife-trafficking/resources/cwt-webinars/cwt-fail-forward-regional-event-session-1.html
./learning-evidence/combating-wildlife-trafficking/resources/cwt-webinars/webinar-a-conversation-with-sal-amato-wildlife-asia.html
./learning-evidence/combating-wildlife-trafficking/resources/cwt-webinars/law-enforcement-and-prosecution-of-wildlife-crime-in-mozambique-presentation/view.html
./learning-evidence/combating-wildlife-trafficking/resources/cwt-webinars/webinar-david-wilkie-and-community-engagement-in-cwt.html
./learning-evidence/combating-wildlife-trafficking/resources/cwt-webinars/webinar-songbird-demand-reduction-and-behavior-change-in-indonesia.html
./learning-evidence/combating-wildlife-trafficking/resources/cwt-webinars/webinar-demand-reduction-and-covid-19-response.html
./learning-evidence/combating-wildlife-trafficking/resources/cwt-webinars/cwt-learning-series-interagency-coordination-slide-deck.pdf.html
./learning-evidence/combating-wildlife-trafficking/resources/cwt-webinars/cwt-webinars-collection.html
./learning-evidence/combating-wildlife-trafficking/resources/cwt-webinars/cwt-case-compilation-webinar-with-mark-ssemakula-and-kurt-duchez.html
./learning-evidence/combating-wildlife-trafficking/resources/cwt-webinars/fail-forward-regional-virtual-event-slide-deck-session1.pdf.html
./learning-evidence/combating-wildlife-trafficking/resources/cwt-webinars/can-community-enterprises-conserve-the-titi-monkey-and-improve-human-development-in-colombia_508-pptx.pdf.html
./learning-evidence/combating-wildlife-trafficking/resources/cwt-webinars/cwt-learning-series-interagency-coordination-slide-deck.pdf/view.html
./learning-evidence/combating-wildlife-trafficking/resources/cwt-webinars/cwt-digital-deterrence-campaign-in-thailand-presentation.html
./learning-evidence/combating-wildlife-trafficking/resources/cwt-webinars/cwt-digital-deterrence-campaign-in-thailand-presentation/view.html
./learning-evidence/combating-wildlife-trafficking/resources/cwt-webinars/wildlife-friendly-enterprise-network-case-studies-of-conservation-enterprises-at-work-for-wildlife-presentation.pdf/view.html
./learning-evidence/combating-wildlife-trafficking/resources/cwt-webinars/cwt-kick-off-webinar-presentation-on-laos-tiger-conservation-1.html
./learning-evidence/combating-wildlife-trafficking/resources/cwt-webinars/digital-deterrence-campaign-in-thailand.html
./learning-evidence/combating-wildlife-trafficking/resources/cwt-webinars/cwt-learning-series-working-with-the-judiciary.pdf/view.html
./learning-evidence/combating-wildlife-trafficking/resources/cwt-webinars/fail-forward-regional-virtual-event-slide-deck-session2.pdf.html
./learning-evidence/combating-wildlife-trafficking/resources/cwt-webinars/copy_of_rewards-risks-associated-with-community-engagement-in-anti-poaching-anti-trafficking-efforts.html
./learning-evidence/combating-wildlife-trafficking/resources/cwt-webinars/copy_of_webinar-digital-approaches-to-demand-reduction-recent-results-from-the-field.html
./learning-evidence/combating-wildlife-trafficking/resources/cwt-webinars/fail-forward-regional-virtual-event-slide-deck-session2.pdf/view.html
./learning-evidence/combating-wildlife-trafficking/resources/cwt-webinars/peer-to-peer-exchange-on-supporting-demand-reduction-programs-slide-deck-1.pdf.html
./learning-evidence/combating-wildlife-trafficking/resources/cwt-webinars/webinar-transboundary-cooperation-knowledge-harvest.html
./learning-evidence/combating-wildlife-trafficking/resources/cwt-webinars/digital-approaches-to-demand-reduction-recent-results-from-the-field-presentation.html
./learning-evidence/combating-wildlife-trafficking/resources/cwt-webinars/webinar-interagency-cooperation-new-practice-note.html
./learning-evidence/combating-wildlife-trafficking/resources/cwt-webinars/songbird-demand-reduction-and-behavior-change-in-indonesia-webinar-presentation.pdf.html
./learning-evidence/combating-wildlife-trafficking/resources/cwt-webinars/webinar-behavior-change-design-with-alegria-olmedo.html
./learning-evidence/combating-wildlife-trafficking/resources/cwt-webinars/demand-reduction-and-covid-19-response-webinar-presentation.pdf/view.html
./learning-evidence/combating-wildlife-trafficking/resources/cwt-webinars/webinar-digital-approaches-to-demand-reduction-recent-results-from-the-field.html
./learning-evidence/combating-wildlife-trafficking/resources/cwt-webinars/cwt-fail-forward-regional-event-session-2.html
./learning-evidence/webinars.html
./learning-evidence/learning-and-evidence.html
./learning-evidence/one-health-evidence/index.html
./learning-evidence/one-health-evidence/one-health-glossary-folder/one-health-glossary.html
./learning-evidence/one-health-evidence/one-health-glossary-folder/index.html
./learning-evidence/one-health-evidence/one-health-glossary-folder.html
./learning-evidence/one-health-evidence/one-health-evidence-inbox.html
./learning-evidence/one-health-evidence/one-health-evidence-inbox/global-economic-costs-invasive-mosquitoesand-diseases.pdf.html
./learning-evidence/one-health-evidence/one-health-evidence-inbox/deforestation-impacts-on-childhood-malaria.pdf/view.html
./learning-evidence/one-health-evidence/one-health-evidence-inbox/fao_oie_who-2019_tripartitezoonosesguide.pdf/view.html
./learning-evidence/one-health-evidence/one-health-evidence-inbox/include-indigenous-peoples-policy-to-handle-zoonoses.pdf/view.html
./learning-evidence/one-health-evidence/one-health-evidence-inbox/naguib-2021_live-and-wet-markets_food-access-versus-the-risk-of-disease-emergence.pdf.html
./learning-evidence/one-health-evidence/one-health-evidence-inbox/international-law-reform-for-one-health-notifications.pdf.html
./learning-evidence/one-health-evidence/one-health-evidence-inbox/schoonover-2021_the-security-threat-that-binds-us.pdf/view.html
./learning-evidence/one-health-evidence/one-health-evidence-inbox/compendium-of-who-and-other-un-guidance-on-health-and-environment_2021.pdf/view.html
./learning-evidence/one-health-evidence/one-health-evidence-inbox/booth-2021_investigating-risks-of-removing-wild-meat-from-global-food-systems.pdf/view.html
./learning-evidence/one-health-evidence/one-health-evidence-inbox/one-world-one-health-nov-2023.pdf.html
./learning-evidence/one-health-evidence/one-health-evidence-inbox/rice2010animal-co2010culture-systems-benefit-global-sustainable-intensification.pdf/view.html
./learning-evidence/one-health-evidence/one-health-evidence-inbox/one-health-approach-amr-why-gender-matters-tanzania.pdf/view.html
./learning-evidence/one-health-evidence/one-health-evidence-inbox/early-loss-of-ecological-integrity-drives-risk-of-zoonotic-disease-emergence.pdf/view.html
./learning-evidence/one-health-evidence/one-health-evidence-inbox/tackling-antimicrobial-resistance-one-health-and-sustainable-development.pdf.html
./learning-evidence/one-health-evidence/one-health-evidence-inbox/collaborative-surveillance-hepr.pdf/view.html
./learning-evidence/one-health-evidence/one-health-evidence-inbox/crop-livestock-clinics-advancing-one-health-uganda.pdf.html
./learning-evidence/one-health-evidence/one-health-evidence-inbox/environmental-variation-across-spatial-scales-temporal-lags-hendra-virus-spillover.pdf/view.html
./learning-evidence/one-health-evidence/one-health-evidence-inbox/world-forests-global-change-emerging-pests-pathogens.pdf/view.html
./learning-evidence/one-health-evidence/one-health-evidence-inbox/good-emergency-management-practice_-the-essentials.pdf.html
./learning-evidence/one-health-evidence/one-health-evidence-inbox/bio-based-fertilizers-for-soil-health.pdf/view.html
./learning-evidence/one-health-evidence/one-health-evidence-inbox/environmental-variation-across-spatial-scales-temporal-lags-hendra-virus-spillover.pdf.html
./learning-evidence/one-health-evidence/one-health-evidence-inbox/brief-wildlife-livelihoods-health-challenges-asia-and-pacific.pdf.html
./learning-evidence/one-health-evidence/one-health-evidence-inbox/guidance-to-facilitate-monitoring-and-evaluation-for-antimicrobial-resistance-national-action-plans.pdf/view.html
./learning-evidence/one-health-evidence/one-health-evidence-inbox/information-about-zoonotic-disease-risks-reduces-desire-to-own-exotic-pets-among-global-consumers.pdf/view.html
./learning-evidence/one-health-evidence/one-health-evidence-inbox/rasolofoson-2021_forests-moderate-the-effectiveness-of-water-treatment-at-reducing-childhood-diarrhea.pdf/view.html
./learning-evidence/one-health-evidence/one-health-evidence-inbox/oh-google-earth-gis-monitor-water-quality.pdf/view.html
./learning-evidence/one-health-evidence/one-health-evidence-inbox/new-research-links-infant-mortality-to-crashing-bat-populations.pdf.html
./learning-evidence/one-health-evidence/one-health-evidence-inbox/connecting-global-threats-climate-biodiversity-loss-infectious-diseases.pdf.html
./learning-evidence/one-health-evidence/one-health-evidence-inbox/stratifying-urban-matrix-using-zoning-laws.pdf/view.html
./learning-evidence/one-health-evidence/one-health-evidence-inbox/onehealth-joint-plan-of-action-202220122026.pdf.html
./learning-evidence/one-health-evidence/one-health-evidence-inbox/oie-2021_rapid-evidence-review-managing-risk-of-disease-emergence_wildlife-trade.pdf/view.html
./learning-evidence/one-health-evidence/one-health-evidence-inbox/antimicrobial_resistance_and_environment.pdf.html
./learning-evidence/one-health-evidence/one-health-evidence-inbox/mitigating-zoonotic-disease-threats-to-prevent-future-pandemics.pdf/view.html
./learning-evidence/one-health-evidence/one-health-evidence-inbox/a-better-classification-of-wet-markets-is-key-to-safeguarding-human-health-and-biodiversity.pdf/view.html
./learning-evidence/one-health-evidence/one-health-evidence-inbox/review-of-one-health-in-philippines.pdf/view.html
./learning-evidence/one-health-evidence/one-health-evidence-inbox/ecological-economic-performance-of-agrienvironment-schemes.pdf/view.html
./learning-evidence/one-health-evidence/one-health-evidence-inbox/implementing-humanhealth-as-landscape-service.pdf.html
./learning-evidence/one-health-evidence/one-health-evidence-inbox/possibility-decolonising-planetary-health-exploring-new-geographies-for-collaboration.pdf.html
./learning-evidence/one-health-evidence/one-health-evidence-inbox/oh-assessment-of-mining-in-nigeria.pdf.html
./learning-evidence/one-health-evidence/one-health-evidence-inbox/ohhlep-onehealth-theory-of-change.pdf.html
./learning-evidence/one-health-evidence/one-health-evidence-inbox/pollution-and-health_a-progress-update.pdf/view.html
./learning-evidence/one-health-evidence/one-health-evidence-inbox/fao_oie_who-2019_tripartitezoonosesguide.pdf.html
./learning-evidence/one-health-evidence/one-health-evidence-inbox/evidence-for-policies-practices-to-address-global-food-insecurity.pdf/view.html
./learning-evidence/one-health-evidence/one-health-evidence-inbox/boyle-2021_small-mammal-glucocorticoid-concentrations_forests-size-type_brazil.pdf/view.html
./learning-evidence/one-health-evidence/one-health-evidence-inbox/aligning-conservation-and-public-health-goals-tackle-unsustainable-trade-of-mammals.pdf/view.html
./learning-evidence/one-health-evidence/one-health-evidence-inbox/huong-2020_coronavirus-transmission-risk-increases-along-wildlife-supply-chains.pdf/view.html
./learning-evidence/one-health-evidence/one-health-evidence-inbox/reaser-2021_ecological-countermeasures-for-pandemic-prevention_ecological-restoration.pdf/view.html
./learning-evidence/one-health-evidence/one-health-evidence-inbox/climate-change-impacts-on-livestock-food-supply.pdf.html
./learning-evidence/one-health-evidence/one-health-evidence-inbox/davies-2022_chans2010law_-preventing-the-next-pandemic-through-the-integration-of-social-and-environmental-law.pdf.html
./learning-evidence/one-health-evidence/one-health-evidence-inbox/one-health-post-grad-programmes-review.pdf/view.html
./learning-evidence/one-health-evidence/one-health-evidence-inbox/one-health-operational-framework.pdf.html
./learning-evidence/one-health-evidence/one-health-evidence-inbox/how-to-start-up-a-national-wildlife-health-surveillance-programme.pdf.html
./learning-evidence/one-health-evidence/one-health-evidence-inbox/one-health-turkana-county-kenya-applications-lessons-learned.pdf.html
./learning-evidence/one-health-evidence/one-health-evidence-inbox/crop-livestock-clinics-advancing-one-health-uganda.pdf/view.html
./learning-evidence/one-health-evidence/one-health-evidence-inbox/one-health-needs-social-sciences-behaviour.pdf.html
./learning-evidence/one-health-evidence/one-health-evidence-inbox/recommendations-technical-specifications-sustainable-surveillance-zoonotic-pathogens.pdf/view.html
./learning-evidence/one-health-evidence/one-health-evidence-inbox/a-framework-to-guide-planetary-health-education.pdf/view.html
./learning-evidence/one-health-evidence/one-health-evidence-inbox/opportunities-for-defence-engagement.pdf.html
./learning-evidence/one-health-evidence/one-health-evidence-inbox/pandemic-impacts-on-global-warming-agriculture-biodiversity.pdf.html
./learning-evidence/one-health-evidence/one-health-evidence-inbox/global-health-equity-atlas.pdf/view.html
./learning-evidence/one-health-evidence/one-health-evidence-inbox/summary-report-invasive-species-and-control-of-intergovernmental-sciences.pdf/view.html
./learning-evidence/one-health-evidence/one-health-evidence-inbox/a-tool-for-rapid-assessment-of-wildlife-markets-in-the-asia-pacific-region-for-risk-of-future-zoonotic-disease-outbreaks.pdf.html
./learning-evidence/one-health-evidence/one-health-evidence-inbox/regenerative-agriculture-soil-health.pdf/view.html
./learning-evidence/one-health-evidence/one-health-evidence-inbox/characterizing-one-health-workforce-to-promote-interdisciplinary-approaches-global-problem-solving.pdf/view.html
./learning-evidence/one-health-evidence/one-health-evidence-inbox/one-health-and-neglected-tropical-diseases.pdf.html
./learning-evidence/one-health-evidence/one-health-evidence-inbox/increase-human-fungal-diseases-climate-change.pdf/view.html
./learning-evidence/one-health-evidence/one-health-evidence-inbox/the-association-between-dengue-and-climate-systematic-review-meta-analysis.pdf.html
./learning-evidence/one-health-evidence/one-health-evidence-inbox/gender-analysis-one-health-theoretical-perspectives-recommendations.pdf/view.html
./learning-evidence/one-health-evidence/one-health-evidence-inbox/mitigating-zoonotic-disease-threats-to-prevent-future-pandemics.pdf.html
./learning-evidence/one-health-evidence/one-health-evidence-inbox/manual-for-the-management-of-operations-during-an-animal-health-emergency.pdf/view.html
./learning-evidence/one-health-evidence/one-health-evidence-inbox/the-association-between-dengue-and-climate-systematic-review-meta-analysis.pdf/view.html
./learning-evidence/one-health-evidence/one-health-evidence-inbox/land-use-change-and-rodent-borne-diseases_hazards-on-the-shared-socioeconomic-pathways.pdf/view.html
./learning-evidence/one-health-evidence/one-health-evidence-inbox/global-health-security-strategy-2024.pdf.html
./learning-evidence/one-health-evidence/one-health-evidence-inbox/case-for-investing-in-animal-health-to-support-one-health-1.pdf.html
./learning-evidence/one-health-evidence/one-health-evidence-inbox/global-trends-antimicrobial-use-food-producing-animals.pdf.html
./learning-evidence/one-health-evidence/one-health-evidence-inbox/pinillos-2021_one-welfare-impacts-of-covid-19-2013-a-summary-of-key-highlights-within-the-one-welfare-framework.pdf/view.html
./learning-evidence/one-health-evidence/one-health-evidence-inbox/the-impact-of-climate-change-on-health_reducing-risks-and-increasing-resilience_covid-19.pdf/view.html
./learning-evidence/one-health-evidence/one-health-evidence-inbox/reducing-pandemic-risks-at-source.pdf/view.html
./learning-evidence/one-health-evidence/one-health-evidence-inbox/disease-control-tools-to-protect-health-densely-populated-world.pdf.html
./learning-evidence/one-health-evidence/one-health-evidence-inbox/widespread-human-exposure-to-food-packaging-chemicals.pdf.html
./learning-evidence/one-health-evidence/one-health-evidence-inbox/facilitating-implementation-of-one-health-approach-definition-of-intervention.pdf.html
./learning-evidence/one-health-evidence/one-health-evidence-inbox/evolution-expansion-of-one-health-approach-to-promote-sustainable-resilient-health-and-well-being.pdf/view.html
./learning-evidence/one-health-evidence/one-health-evidence-inbox/fate-human-health-environmental-impacts-regulation-antibiotics-in-aquaculture.pdf/view.html
./learning-evidence/one-health-evidence/one-health-evidence-inbox/possibility-decolonising-planetary-health-exploring-new-geographies-for-collaboration.pdf/view.html
./learning-evidence/one-health-evidence/one-health-evidence-inbox/wildlife-trade-pandemics-and-the-law_fighting-this-years-virus-with-last-years-law.pdf.html
./learning-evidence/one-health-evidence/one-health-evidence-inbox/captive-wildlife-management-survey-vietnam.pdf/view.html
./learning-evidence/one-health-evidence/one-health-evidence-inbox/global-governance-pandemic-prevention-and-wildlife-trade.pdf.html
./learning-evidence/one-health-evidence/one-health-evidence-inbox/future-of-fungi-threats-opportunities.pdf/view.html
./learning-evidence/one-health-evidence/one-health-evidence-inbox/organising-onehealth-in-developing-country.pdf/view.html
./learning-evidence/one-health-evidence/one-health-evidence-inbox/synergising-tools-capacity-assessment-one-health-operationalisation.pdf/view.html
./learning-evidence/one-health-evidence/one-health-evidence-inbox/attitudes-perspectives-on-disease-surveillance-thailand.pdf.html
./learning-evidence/one-health-evidence/one-health-evidence-inbox/human-health-benefits-forests-access-lit-review.pdf.html
./learning-evidence/one-health-evidence/one-health-evidence-inbox/co-benefits-of-mpa-for-nature-and-people.pdf/view.html
./learning-evidence/one-health-evidence/one-health-evidence-inbox/traffic-2021_situation-analysis-covid-19-wildlife-trade-and-consumer-engagement.pdf.html
./learning-evidence/one-health-evidence/one-health-evidence-inbox/global-one-health-index-for-zoonoses.pdf/view.html
./learning-evidence/one-health-evidence/one-health-evidence-inbox/un_sdgs_biodiversity-climate-change-health_2021.pdf.html
./learning-evidence/one-health-evidence/one-health-evidence-inbox/one-world-one-health-nov-2023.pdf/view.html
./learning-evidence/one-health-evidence/one-health-evidence-inbox/ipm-onehealth-call-for-action.pdf.html
./learning-evidence/one-health-evidence/one-health-evidence-inbox/gender-analysis-one-health-theoretical-perspectives-recommendations.pdf.html
./learning-evidence/one-health-evidence/one-health-evidence-inbox/gibbs-2014_evolution-one-health_decade-of-progress_future-challenges.pdf/view.html
./learning-evidence/one-health-evidence/one-health-evidence-inbox/guidance-for-climate-resilient-and-sustainable-healthcare-facilities.pdf/view.html
./learning-evidence/one-health-evidence/one-health-evidence-inbox/analysis-global-change-drivers-and-risk-of-infectious-disease.pdf/view.html
./learning-evidence/one-health-evidence/one-health-evidence-inbox/seaweed-contribution-to-food-security.pdf/view.html
./learning-evidence/one-health-evidence/one-health-evidence-inbox/grange-2021_ranking-the-risk-of-animal-to-human-spillover-for-newly-discovered-viruses.pdf/view.html
./learning-evidence/one-health-evidence/one-health-evidence-inbox/rights-knowledge-indigenous-peoples-and-planetary-health.pdf/view.html
./learning-evidence/one-health-evidence/one-health-evidence-inbox/practical-actions-to-operationalize-the-one-health-approach-in-the-asian-development-bank.pdf.html
./learning-evidence/one-health-evidence/one-health-evidence-inbox/global-governance-pandemic-prevention-and-wildlife-trade.pdf/view.html
./learning-evidence/one-health-evidence/one-health-evidence-inbox/one-health-exploring-indigenous-and-western-epistemologies.pdf/view.html
./learning-evidence/one-health-evidence/one-health-evidence-inbox/iskandar-2020_drivers-ab-resistance_one-health-perspective_review.pdf/view.html
./learning-evidence/one-health-evidence/one-health-evidence-inbox/addressing-disease-risks-wildlife-trade.pdf.html
./learning-evidence/one-health-evidence/one-health-evidence-inbox/re-imagining-one-health-perspective-social-science.pdf.html
./learning-evidence/one-health-evidence/one-health-evidence-inbox/fate-human-health-environmental-impacts-regulation-antibiotics-in-aquaculture.pdf.html
./learning-evidence/one-health-evidence/one-health-evidence-inbox/determinants-planetary-health-indigenous-consensus-perspective.pdf/view.html
./learning-evidence/one-health-evidence/one-health-evidence-inbox/global-health-security-agenda-annual-report_2020.pdf.html
./learning-evidence/one-health-evidence/one-health-evidence-inbox/evidence-of-economic-value-of-one-health-initiatives.pdf/view.html
./learning-evidence/one-health-evidence/one-health-evidence-inbox/reduction-antibiotic-resistant-bacteria-black-soldier-fly-larvae-chicken-manure.pdf/view.html
./learning-evidence/one-health-evidence/one-health-evidence-inbox/roadmap-for-achieving-net-zero-emissions-in-global-food-systems-by-2050.pdf/view.html
./learning-evidence/one-health-evidence/one-health-evidence-inbox/a-systems-approach-to-evaluate-one-health-initiatives.pdf.html
./learning-evidence/one-health-evidence/one-health-evidence-inbox/immune-mediated-disease-associated-environmental-hazards-mitigation.pdf.html
./learning-evidence/one-health-evidence/one-health-evidence-inbox/decline-in-nutritional-quality-of-foods.pdf.html
./learning-evidence/one-health-evidence/one-health-evidence-inbox/academic-health-institutions-declaration-planetary-health.pdf/view.html
./learning-evidence/one-health-evidence/one-health-evidence-inbox/onehealth-all-connected-coloring-book.pdf.html
./learning-evidence/one-health-evidence/one-health-evidence-inbox/guidance-on-mainstreaming-biodiversity-for-nutrition-and-health.pdf/view.html
./learning-evidence/one-health-evidence/one-health-evidence-inbox/land-use-change-and-rodent-borne-diseases_hazards-on-the-shared-socioeconomic-pathways.pdf.html
./learning-evidence/one-health-evidence/one-health-evidence-inbox/operationalizing-one-health-in-pastoralist-settings-module-1.pdf/view.html
./learning-evidence/one-health-evidence/one-health-evidence-inbox/applications-of-science-integrated-conservation-health-programs.pdf/view.html
./learning-evidence/one-health-evidence/one-health-evidence-inbox/role-of-pollution-on-the-selection-of-antibiotic-resistance-and-bacterial-pathogens-in-the-environment.pdf.html
./learning-evidence/one-health-evidence/one-health-evidence-inbox/manual-for-the-management-of-operations-during-an-animal-health-emergency.pdf.html
./learning-evidence/one-health-evidence/one-health-evidence-inbox/evidence-of-economic-value-of-one-health-initiatives.pdf.html
./learning-evidence/one-health-evidence/one-health-evidence-inbox/evaluation-of-global-training-in-one-health-communication.pdf.html
./learning-evidence/one-health-evidence/one-health-evidence-inbox/environmental-health-impacts-pesticides-fertilizers-and-ways-of-minimizing.pdf.html
./learning-evidence/one-health-evidence/one-health-evidence-inbox/davies-2022_chans2010law_-preventing-the-next-pandemic-through-the-integration-of-social-and-environmental-law.pdf/view.html
./learning-evidence/one-health-evidence/one-health-evidence-inbox/synergising-tools-capacity-assessment-one-health-operationalisation.pdf.html
./learning-evidence/one-health-evidence/one-health-evidence-inbox/sector-environmental-guideline-livestock-production.pdf/view.html
./learning-evidence/one-health-evidence/one-health-evidence-inbox/allen-2017_global-hotspots_eid-correlates.pdf/view.html
./learning-evidence/one-health-evidence/one-health-evidence-inbox/social-costs-keystone-species-collapse-evidence-from-india.pdf.html
./learning-evidence/one-health-evidence/one-health-evidence-inbox/from-reacting-to-preventing-pandemics-building-animal-health-wildlife-systems-one-health.pdf/view.html
./learning-evidence/one-health-evidence/one-health-evidence-inbox/disease-control-tools-to-protect-health-densely-populated-world.pdf/view.html
./learning-evidence/one-health-evidence/one-health-evidence-inbox/who-coined-oh-cooperation-amid-siloization.pdf.html
./learning-evidence/one-health-evidence/one-health-evidence-inbox/iucn-brief-nbs-human-health.pdf/view.html
./learning-evidence/one-health-evidence/one-health-evidence-inbox/one-health-systems-strengthening-in-countries-tripartite-tools-approaches.pdf/view.html
./learning-evidence/one-health-evidence/one-health-evidence-inbox/effects-climate-related-risks-on-health-outcomes-in-rural-remote-areas.pdf/view.html
./learning-evidence/one-health-evidence/one-health-evidence-inbox/effectiveness-of-gpas-for-climatechange-mitigation.pdf/view.html
./learning-evidence/one-health-evidence/one-health-evidence-inbox/one-health-operational-framework.pdf/view.html
./learning-evidence/one-health-evidence/one-health-evidence-inbox/greenhouse-gas-mitigation-for-health-care-systems.pdf/view.html
./learning-evidence/one-health-evidence/one-health-evidence-inbox/mainstreaming-zoonotic-spillover-prevention-national-action-planning.pdf.html
./learning-evidence/one-health-evidence/one-health-evidence-inbox/academic-health-institutions-declaration-planetary-health.pdf.html
./learning-evidence/one-health-evidence/one-health-evidence-inbox/johnson-2020_global-shifts_mammals_predictors_virus-spillover-risk.pdf.html
./learning-evidence/one-health-evidence/one-health-evidence-inbox/challenges-successes-one-health-context-planetary-health-lac.pdf/view.html
./learning-evidence/one-health-evidence/one-health-evidence-inbox/rasolofoson-2021_forests-moderate-the-effectiveness-of-water-treatment-at-reducing-childhood-diarrhea.pdf.html
./learning-evidence/one-health-evidence/one-health-evidence-inbox/climate-change-triggered-land-degradation-and-planetary-health_-a-review.pdf/view.html
./learning-evidence/one-health-evidence/one-health-evidence-inbox/boyle-2021_small-mammal-glucocorticoid-concentrations_forests-size-type_brazil.pdf.html
./learning-evidence/one-health-evidence/one-health-evidence-inbox/oh-benefits-through-cross-sectoral-services.pdf/view.html
./learning-evidence/one-health-evidence/one-health-evidence-inbox/traffic-2021_situation-analysis-covid-19-wildlife-trade-and-consumer-engagement.pdf/view.html
./learning-evidence/one-health-evidence/one-health-evidence-inbox/reduction-antibiotic-resistant-bacteria-black-soldier-fly-larvae-chicken-manure.pdf.html
./learning-evidence/one-health-evidence/one-health-evidence-inbox/bio-based-fertilizers-for-soil-health.pdf.html
./learning-evidence/one-health-evidence/one-health-evidence-inbox/unep-2020_preventing-next-pandemic_break-the-transmission-chain.pdf.html
./learning-evidence/one-health-evidence/one-health-evidence-inbox/health-zoonotic-and-environmental-risk-assessment.pdf.html
./learning-evidence/one-health-evidence/one-health-evidence-inbox/new-research-links-infant-mortality-to-crashing-bat-populations.pdf/view.html
./learning-evidence/one-health-evidence/one-health-evidence-inbox/wildhealthnet-supporting-development-sustainable-wildlife-health-surveillance-networks-southeast-asia.pdf/view.html
./learning-evidence/one-health-evidence/one-health-evidence-inbox/logic-model-for-communication-interventions-on-amr.pdf/view.html
./learning-evidence/one-health-evidence/one-health-evidence-inbox/paho-2021_-one-health-policy-a-comprehensive-approach.pdf/view.html
./learning-evidence/one-health-evidence/one-health-evidence-inbox/potential-conflicts-between-agriculture-and-terrestrial-conservation.pdf.html
./learning-evidence/one-health-evidence/one-health-evidence-inbox/monitoring-multi-sectoral-nutrition-collaboration.pdf.html
./learning-evidence/one-health-evidence/one-health-evidence-inbox/global-trends-antimicrobial-use-food-producing-animals.pdf/view.html
./learning-evidence/one-health-evidence/one-health-evidence-inbox/protecting-brazilian-amazon-indigenous-territories-reduces-atmospheric-particulates-avoids-health-impacts.pdf.html
./learning-evidence/one-health-evidence/one-health-evidence-inbox/fao-2024-humanitarian-response-plans.pdf.html
./learning-evidence/one-health-evidence/one-health-evidence-inbox/human-disturbance-increases-coronavirus-prevalence-in-bats.pdf/view.html
./learning-evidence/one-health-evidence/one-health-evidence-inbox/integrated-patterns-of-human-animal-environment-health.pdf/view.html
./learning-evidence/one-health-evidence/one-health-evidence-inbox/one-health-and-the-environment_from-conceptual-framework-to-implementation-science.pdf.html
./learning-evidence/one-health-evidence/one-health-evidence-inbox/cima-2017_the-right-to-a-healthy-environment-reconceptualizing-human-rights-in-the-face-of-climate-change.pdf/view.html
./learning-evidence/one-health-evidence/one-health-evidence-inbox/health-zoonotic-and-environmental-risk-assessment.pdf/view.html
./learning-evidence/one-health-evidence/one-health-evidence-inbox/investigating-infectious-organisms-of-public-health-concern-associated-with-wild-meat.pdf.html
./learning-evidence/one-health-evidence/one-health-evidence-inbox/pollinator-deficits-food-consumption-consequences-for-human-health.pdf/view.html
./learning-evidence/one-health-evidence/one-health-evidence-inbox/iucn-brief-nbs-human-health.pdf.html
./learning-evidence/one-health-evidence/one-health-evidence-inbox/index.html
./learning-evidence/one-health-evidence/one-health-evidence-inbox/plant-species-impacts-root-microbiome-antibiotic-resistance.pdf/view.html
./learning-evidence/one-health-evidence/one-health-evidence-inbox/iskandar-2020_drivers-ab-resistance_one-health-perspective_review.pdf.html
./learning-evidence/one-health-evidence/one-health-evidence-inbox/mainstreaming-zoonotic-spillover-prevention-national-action-planning.pdf/view.html
./learning-evidence/one-health-evidence/one-health-evidence-inbox/prevention-zoonotic-spillover-reducing-risk-at-source.pdf.html
./learning-evidence/one-health-evidence/one-health-evidence-inbox/coastal-urbanization-human-pathogens-and-contamination-in-seafood.pdf.html
./learning-evidence/one-health-evidence/one-health-evidence-inbox/role-social-vulnerability-in-improving-interventions-neglected-zoonotic-diseases.pdf.html
./learning-evidence/one-health-evidence/one-health-evidence-inbox/un_sdgs_biodiversity-climate-change-health_2021.pdf/view.html
./learning-evidence/one-health-evidence/one-health-evidence-inbox/addressing-disease-risks-wildlife-trade.pdf/view.html
./learning-evidence/one-health-evidence/one-health-evidence-inbox/global-health-security-agenda-annual-report_2020.pdf/view.html
./learning-evidence/one-health-evidence/one-health-evidence-inbox/roadmap-planetary-health.pdf/view.html
./learning-evidence/one-health-evidence/one-health-evidence-inbox/wildlife-trade-pandemics-and-the-law_fighting-this-years-virus-with-last-years-law.pdf/view.html
./learning-evidence/one-health-evidence/one-health-evidence-inbox/onehealth-joint-plan-of-action-202220122026.pdf/view.html
./learning-evidence/one-health-evidence/one-health-evidence-inbox/strategies-for-implementing-a-one-welfare-framework-into-emergency-management.pdf.html
./learning-evidence/one-health-evidence/one-health-evidence-inbox/overcoming-resistance-expert-panel-antimicrobial-availability.pdf.html
./learning-evidence/one-health-evidence/one-health-evidence-inbox/organising-onehealth-in-developing-country.pdf.html
./learning-evidence/one-health-evidence/one-health-evidence-inbox/fao-2020_one-health-legislation_contributing-to-pandemic-prevention-through-law.pdf/view.html
./learning-evidence/one-health-evidence/one-health-evidence-inbox/pathogen-spillover-changes-in-bat-ecology.pdf.html
./learning-evidence/one-health-evidence/one-health-evidence-inbox/immediate-effects-of-covid-19-pandemic-on-wildlife-as-food-indigenous-people-local-communities-south-america.pdf/view.html
./learning-evidence/one-health-evidence/one-health-evidence-inbox/logic-model-for-communication-interventions-on-amr.pdf.html
./learning-evidence/one-health-evidence/one-health-evidence-inbox/post-covid201019_a-solution-scan-of-options-for-preventing-future-zoonotic-epidemics.pdf.html
./learning-evidence/one-health-evidence/one-health-evidence-inbox/stratifying-urban-matrix-using-zoning-laws.pdf.html
./learning-evidence/one-health-evidence/one-health-evidence-inbox/rights-knowledge-indigenous-peoples-and-planetary-health.pdf.html
./learning-evidence/one-health-evidence/one-health-evidence-inbox/a-framework-to-guide-planetary-health-education.pdf.html
./learning-evidence/one-health-evidence/one-health-evidence-inbox/reducing-pandemic-risks-at-source.pdf.html
./learning-evidence/one-health-evidence/one-health-evidence-inbox/ecdc-one-health-framework.pdf/view.html
./learning-evidence/one-health-evidence/one-health-evidence-inbox/ecological-measures-to-prevent-spillover-pandemics.pdf.html
./learning-evidence/one-health-evidence/one-health-evidence-inbox/lerner-2017_holistic-approaches-to-health-comparision_planetary-one-eco.pdf/view.html
./learning-evidence/one-health-evidence/one-health-evidence-inbox/onehealth-advancing-human-ecosystem-health-in-cities-by-integrating-environmental-justice-lens.pdf.html
./learning-evidence/one-health-evidence/one-health-evidence-inbox/compendium-of-who-and-other-un-guidance-on-health-and-environment_2021.pdf.html
./learning-evidence/one-health-evidence/one-health-evidence-inbox/amphibiancollapsesincreasedmalariacentralamerica.pdf.html
./learning-evidence/one-health-evidence/one-health-evidence-inbox/wildhealthnet-supporting-development-sustainable-wildlife-health-surveillance-networks-southeast-asia.pdf.html
./learning-evidence/one-health-evidence/one-health-evidence-inbox/financial-incentives-fail-to-reconcile-agricultural-productivity-conservation-behavior.pdf.html
./learning-evidence/one-health-evidence/one-health-evidence-inbox/african-union-amr-landmark-report.pdf/view.html
./learning-evidence/one-health-evidence/one-health-evidence-inbox/naguib-2021_live-and-wet-markets_food-access-versus-the-risk-of-disease-emergence.pdf/view.html
./learning-evidence/one-health-evidence/one-health-evidence-inbox/association-between-particulate-matter-air-pollution-and-clinical-antibiotic-resistance.pdf.html
./learning-evidence/one-health-evidence/one-health-evidence-inbox/decline-indian-vultures-caused-human-deaths.pdf/view.html
./learning-evidence/one-health-evidence/one-health-evidence-inbox/intersectoral-collaboration-shaping-one-health-in-the-policy-agenda_ghana-and-india.pdf/view.html
./learning-evidence/one-health-evidence/one-health-evidence-inbox/gruetzmacher-2021_berlin-principles_one-health_bridging_health-conservation.pdf/view.html
./learning-evidence/one-health-evidence/one-health-evidence-inbox/use-of-environmental-scenarios-to-project-future-health-effects.pdf.html
./learning-evidence/one-health-evidence/one-health-evidence-inbox/oh-framework-for-service-delivery-turkana-county.pdf.html
./learning-evidence/one-health-evidence/one-health-evidence-inbox/lerner-2017_holistic-approaches-to-health-comparision_planetary-one-eco.pdf.html
./learning-evidence/one-health-evidence/one-health-evidence-inbox/opportunities-for-defence-engagement.pdf/view.html
./learning-evidence/one-health-evidence/one-health-evidence-inbox/veterinary-intelligence_integrating-zoonotic-threats-into-global-health-security.pdf/view.html
./learning-evidence/one-health-evidence/one-health-evidence-inbox/medicinal-plants-against-antimicrobial-resistance.pdf/view.html
./learning-evidence/one-health-evidence/one-health-evidence-inbox/challenges-successes-one-health-context-planetary-health-lac.pdf.html
./learning-evidence/one-health-evidence/one-health-evidence-inbox/attitudes-perspectives-on-disease-surveillance-thailand.pdf/view.html
./learning-evidence/one-health-evidence/one-health-evidence-inbox/heal-nature-and-ourselves-through-human-rights-based-and-gender-responsive-one-health.pdf/view.html
./learning-evidence/one-health-evidence/one-health-evidence-inbox/who-coined-oh-cooperation-amid-siloization.pdf/view.html
./learning-evidence/one-health-evidence/one-health-evidence-inbox/grange-2021_ranking-the-risk-of-animal-to-human-spillover-for-newly-discovered-viruses.pdf.html
./learning-evidence/one-health-evidence/one-health-evidence-inbox/seaweed-contribution-to-food-security.pdf.html
./learning-evidence/one-health-evidence/one-health-evidence-inbox/insects-as-feed-for-livestock-production.pdf.html
./learning-evidence/one-health-evidence/one-health-evidence-inbox/buschhardt-2021_one-health-glossary_support-communication-and-information-exchange.pdf/view.html
./learning-evidence/one-health-evidence/one-health-evidence-inbox/role-social-vulnerability-in-improving-interventions-neglected-zoonotic-diseases.pdf/view.html
./learning-evidence/one-health-evidence/one-health-evidence-inbox/soil-health-assessment-using-remote-sensing.pdf/view.html
./learning-evidence/one-health-evidence/one-health-evidence-inbox/cianfagna-2021_biodiversity-and-human-health-interlinkages_higher-education-offerings_global-overview.pdf/view.html
./learning-evidence/one-health-evidence/one-health-evidence-inbox/a-better-classification-of-wet-markets-is-key-to-safeguarding-human-health-and-biodiversity.pdf.html
./learning-evidence/one-health-evidence/one-health-evidence-inbox/cianfagna-2021_biodiversity-and-human-health-interlinkages_higher-education-offerings_global-overview.pdf.html
./learning-evidence/one-health-evidence/one-health-evidence-inbox/ipbes-2020_pandemics-workshop-report.pdf/view.html
./learning-evidence/one-health-evidence/one-health-evidence-inbox/assessing-compounding-risks-socio-enviro-risk-triage-approach.pdf/view.html
./learning-evidence/one-health-evidence/one-health-evidence-inbox/fao-2024-humanitarian-response-plans.pdf/view.html
./learning-evidence/one-health-evidence/one-health-evidence-inbox/indigenous-determinants-of-health-unified-call-for-progress.pdf.html
./learning-evidence/one-health-evidence/one-health-evidence-inbox/good-emergency-management-practice_-the-essentials.pdf/view.html
./learning-evidence/one-health-evidence/one-health-evidence-inbox/guidance-to-facilitate-monitoring-and-evaluation-for-antimicrobial-resistance-national-action-plans.pdf.html
./learning-evidence/one-health-evidence/one-health-evidence-inbox/allen-2017_global-hotspots_eid-correlates.pdf.html
./learning-evidence/one-health-evidence/one-health-evidence-inbox/fao-pmp-tab.pdf/view.html
./learning-evidence/one-health-evidence/one-health-evidence-inbox/who_reducing-public-health-risks-associated-with-the-sale-of-live-wild-animals_mammals_traditional-food-markets.pdf/view.html
./learning-evidence/one-health-evidence/one-health-evidence-inbox/healthy-soil-for-healthy-humans-and-planet.pdf/view.html
./learning-evidence/one-health-evidence/one-health-evidence-inbox/pathogen-spillover-changes-in-bat-ecology.pdf/view.html
./learning-evidence/one-health-evidence/one-health-evidence-inbox/global-health-equity-atlas.pdf.html
./learning-evidence/one-health-evidence/one-health-evidence-inbox/greenhouse-gas-mitigation-for-health-care-systems.pdf.html
./learning-evidence/one-health-evidence/one-health-evidence-inbox/world-forests-global-change-emerging-pests-pathogens.pdf.html
./learning-evidence/one-health-evidence/one-health-evidence-inbox/oie-2010_training-manual-wildlife-dz-surveillance.pdf/view.html
./learning-evidence/one-health-evidence/one-health-evidence-inbox/risk-analyses-to-prevent-zoonotic-spillover-from-wildlife-trade.pdf/view.html
./learning-evidence/one-health-evidence/one-health-evidence-inbox/captive-wildlife-management-survey-vietnam.pdf.html
./learning-evidence/one-health-evidence/one-health-evidence-inbox/climate-change-impacts-plant-pathogens-food-security.pdf/view.html
./learning-evidence/one-health-evidence/one-health-evidence-inbox/what-climate-smart-agriculture-means-for-smallholder-farmers.pdf.html
./learning-evidence/one-health-evidence/one-health-evidence-inbox/systems-thinking-practice-concepts-principles-tools.pdf/view.html
./learning-evidence/one-health-evidence/one-health-evidence-inbox/developing-a-one-health-approach-by-using-a-multi-dimensional-matrix.pdf/view.html
./learning-evidence/one-health-evidence/one-health-evidence-inbox/international-law-reform-for-one-health-notifications.pdf/view.html
./learning-evidence/one-health-evidence/one-health-evidence-inbox/albers-2020_dz-risk_human-environment-interactions_conservation-health-policy.pdf.html
./learning-evidence/one-health-evidence/one-health-evidence-inbox/prevention-zoonotic-spillover-reducing-risk-at-source.pdf/view.html
./learning-evidence/one-health-evidence/one-health-evidence-inbox/determinants-planetary-health-indigenous-consensus-perspective.pdf.html
./learning-evidence/one-health-evidence/one-health-evidence-inbox/early-loss-of-ecological-integrity-drives-risk-of-zoonotic-disease-emergence.pdf.html
./learning-evidence/one-health-evidence/one-health-evidence-inbox/ohhlep-onehealth-theory-of-change.pdf/view.html
./learning-evidence/one-health-evidence/one-health-evidence-inbox/cima-2017_the-right-to-a-healthy-environment-reconceptualizing-human-rights-in-the-face-of-climate-change.pdf.html
./learning-evidence/one-health-evidence/one-health-evidence-inbox/regenerative-agriculture-soil-health.pdf.html
./learning-evidence/one-health-evidence/one-health-evidence-inbox/global-analysis-one-health-networks-and-proliferation-of-one-healthcollaborations.pdf.html
./learning-evidence/one-health-evidence/one-health-evidence-inbox/advancing-one-health-core-competencies.pdf/view.html
./learning-evidence/one-health-evidence/one-health-evidence-inbox/how-can-the-global-health-community-fight-plastic-pollution.pdf.html
./learning-evidence/one-health-evidence/one-health-evidence-inbox/guidance-on-mainstreaming-biodiversity-for-nutrition-and-health.pdf.html
./learning-evidence/one-health-evidence/one-health-evidence-inbox/risk-analyses-to-prevent-zoonotic-spillover-from-wildlife-trade.pdf.html
./learning-evidence/one-health-evidence/one-health-evidence-inbox/reaser-2021_ecological-countermeasures-for-pandemic-prevention_ecological-restoration.pdf.html
./learning-evidence/one-health-evidence/one-health-evidence-inbox/aquaculture-at-the-crossroads-of-global-warming-and-antimicrobial-resistance.pdf.html
./learning-evidence/one-health-evidence/one-health-evidence-inbox/climate-change-increases-viral-transmission-risk.pdf/view.html
./learning-evidence/one-health-evidence/one-health-evidence-inbox/buschhardt-2021_one-health-glossary_support-communication-and-information-exchange.pdf.html
./learning-evidence/one-health-evidence/one-health-evidence-inbox/pollinator-deficits-food-consumption-consequences-for-human-health.pdf.html
./learning-evidence/one-health-evidence/one-health-evidence-inbox/roadmap-for-achieving-net-zero-emissions-in-global-food-systems-by-2050.pdf.html
./learning-evidence/one-health-evidence/one-health-evidence-inbox/rice2010animal-co2010culture-systems-benefit-global-sustainable-intensification.pdf.html
./learning-evidence/one-health-evidence/one-health-evidence-inbox/recommendations-technical-specifications-sustainable-surveillance-zoonotic-pathogens.pdf.html
./learning-evidence/one-health-evidence/one-health-evidence-inbox/machalaba-2021_health-security-gaps_wildlife-environment-affecting-pandemic-prevention-preparedness_2007-2020.pdf/view.html
./learning-evidence/one-health-evidence/one-health-evidence-inbox/co-benefits-of-mpa-for-nature-and-people.pdf.html
./learning-evidence/one-health-evidence/one-health-evidence-inbox/integrated-wildlife-monitoring-prevent-future-pandemics-through-one-health.pdf.html
./learning-evidence/one-health-evidence/one-health-evidence-inbox/coastal-urbanization-human-pathogens-and-contamination-in-seafood.pdf/view.html
./learning-evidence/one-health-evidence/one-health-evidence-inbox/predicting-the-potential-for-zoonotic-transmission-and-host-associations-for-novel-viruses.pdf/view.html
./learning-evidence/one-health-evidence/one-health-evidence-inbox/case-for-investing-in-animal-health-to-support-one-health-1.pdf/view.html
./learning-evidence/one-health-evidence/one-health-evidence-inbox/immune-mediated-disease-associated-environmental-hazards-mitigation.pdf/view.html
./learning-evidence/one-health-evidence/one-health-evidence-inbox/prevention-future-pandemic-through-one-health-approach.pdf.html
./learning-evidence/one-health-evidence/one-health-evidence-inbox/onehealth-advancing-human-ecosystem-health-in-cities-by-integrating-environmental-justice-lens.pdf/view.html
./learning-evidence/one-health-evidence/one-health-evidence-inbox/global-health-security-strategy-2024.pdf/view.html
./learning-evidence/one-health-evidence/one-health-evidence-inbox/ipm-onehealth-call-for-action.pdf/view.html
./learning-evidence/one-health-evidence/one-health-evidence-inbox/changing-food-systems-infectious-disease-risks-low-income-middle-income-countries.pdf.html
./learning-evidence/one-health-evidence/one-health-evidence-inbox/veterinary-intelligence_integrating-zoonotic-threats-into-global-health-security.pdf.html
./learning-evidence/one-health-evidence/one-health-evidence-inbox/soil-health-assessment-using-remote-sensing.pdf.html
./learning-evidence/one-health-evidence/one-health-evidence-inbox/oh-benefits-through-cross-sectoral-services.pdf.html
./learning-evidence/one-health-evidence/one-health-evidence-inbox/connecting-global-threats-climate-biodiversity-loss-infectious-diseases.pdf/view.html
./learning-evidence/one-health-evidence/one-health-evidence-inbox/widespread-human-exposure-to-food-packaging-chemicals.pdf/view.html
./learning-evidence/one-health-evidence/one-health-evidence-inbox/plant-species-impacts-root-microbiome-antibiotic-resistance.pdf.html
./learning-evidence/one-health-evidence/one-health-evidence-inbox/how-prepared-is-the-world-identifying-weaknesses-in-existing-assessment-frameworks-for-global-health-security.pdf/view.html
./learning-evidence/one-health-evidence/one-health-evidence-inbox/financial-incentives-fail-to-reconcile-agricultural-productivity-conservation-behavior.pdf/view.html
./learning-evidence/one-health-evidence/one-health-evidence-inbox/guidance-for-climate-resilient-and-sustainable-healthcare-facilities.pdf.html
./learning-evidence/one-health-evidence/one-health-evidence-inbox/advancing-one-health-core-competencies.pdf.html
./learning-evidence/one-health-evidence/one-health-evidence-inbox/fao-2021_technical-guidelines_rapid-risk-assessments-for-animal-health-threats.pdf.html
./learning-evidence/one-health-evidence/one-health-evidence-inbox/antimicrobial_resistance_and_environment.pdf/view.html
./learning-evidence/one-health-evidence/one-health-evidence-inbox/potential-conflicts-between-agriculture-and-terrestrial-conservation.pdf/view.html
./learning-evidence/one-health-evidence/one-health-evidence-inbox/climate-change-impacts-plant-pathogens-food-security.pdf.html
./learning-evidence/one-health-evidence/one-health-evidence-inbox/one-health-needs-social-sciences-behaviour.pdf/view.html
./learning-evidence/one-health-evidence/one-health-evidence-inbox/different-definitions-health-well-being-and-the-effect-built-environment.pdf/view.html
./learning-evidence/one-health-evidence/one-health-evidence-inbox/how-prepared-is-the-world-identifying-weaknesses-in-existing-assessment-frameworks-for-global-health-security.pdf.html
./learning-evidence/one-health-evidence/one-health-evidence-inbox/oie-2021_rapid-evidence-review-managing-risk-of-disease-emergence_wildlife-trade.pdf.html
./learning-evidence/one-health-evidence/one-health-evidence-inbox/assessment-report-biodiversity-health-food-nutrition-traditional-medicine.pdf.html
./learning-evidence/one-health-evidence/one-health-evidence-inbox/planetary-health-innovation-for-challenges-in-africa.pdf.html
./learning-evidence/one-health-evidence/one-health-evidence-inbox/wildlife-susceptibility-to-infectious-diseases-at-global-scales.pdf/view.html
./learning-evidence/one-health-evidence/one-health-evidence-inbox/report-of-the-scientific-task-force-on-preventing-pandemics.pdf.html
./learning-evidence/one-health-evidence/one-health-evidence-inbox/planetary-health-learning-objectives-foundational.pdf/view.html
./learning-evidence/one-health-evidence/one-health-evidence-inbox/pandemic-impacts-on-global-warming-agriculture-biodiversity.pdf/view.html
./learning-evidence/one-health-evidence/one-health-evidence-inbox/improving-assessment-of-ecosystem-and-wildlife-health-microbiome.pdf/view.html
./learning-evidence/one-health-evidence/one-health-evidence-inbox/planetary-health-learning-objectives-foundational.pdf.html
./learning-evidence/one-health-evidence/one-health-evidence-inbox/biodiversity-data-supports-research-on-human-infectious-diseases.pdf.html
./learning-evidence/one-health-evidence/one-health-evidence-inbox/operationalizing-environment-health-nexus-asia-pacific.pdf.html
./learning-evidence/one-health-evidence/one-health-evidence-inbox/fao-2021_technical-guidelines_rapid-risk-assessments-for-animal-health-threats.pdf/view.html
./learning-evidence/one-health-evidence/one-health-evidence-inbox/the-impact-of-climate-change-on-health_reducing-risks-and-increasing-resilience_covid-19.pdf.html
./learning-evidence/one-health-evidence/one-health-evidence-inbox/association-between-particulate-matter-air-pollution-and-clinical-antibiotic-resistance.pdf/view.html
./learning-evidence/one-health-evidence/one-health-evidence-inbox/prevention-future-pandemic-through-one-health-approach.pdf/view.html
./learning-evidence/one-health-evidence/one-health-evidence-inbox/working-together-to-protect-australia-in-the-age-of-pandemics.pdf/view.html
./learning-evidence/one-health-evidence/one-health-evidence-inbox/harnessing-soil-biodiversity-promote-human-health-cities.pdf.html
./learning-evidence/one-health-evidence/one-health-evidence-inbox/evidence-for-policies-practices-to-address-global-food-insecurity.pdf.html
./learning-evidence/one-health-evidence/one-health-evidence-inbox/pollution-and-health_a-progress-update.pdf.html
./learning-evidence/one-health-evidence/one-health-evidence-inbox/african-oh-network-antimicrobial-resistance-tropical-diseases.pdf.html
./learning-evidence/one-health-evidence/one-health-evidence-inbox/oh-google-earth-gis-monitor-water-quality.pdf.html
./learning-evidence/one-health-evidence/one-health-evidence-inbox/working-together-to-protect-australia-in-the-age-of-pandemics.pdf.html
./learning-evidence/one-health-evidence/one-health-evidence-inbox/one-health-approach-in-advancing-global-health-security-sustainable-development-goals.pdf/view.html
./learning-evidence/one-health-evidence/one-health-evidence-inbox/advancing-integrated-governance-for-health-through-national-biodiversity-strategies-and-plans.pdf/view.html
./learning-evidence/one-health-evidence/one-health-evidence-inbox/heal-nature-and-ourselves-through-human-rights-based-and-gender-responsive-one-health.pdf.html
./learning-evidence/one-health-evidence/one-health-evidence-inbox/implementing-humanhealth-as-landscape-service.pdf/view.html
./learning-evidence/one-health-evidence/one-health-evidence-inbox/developing-a-one-health-approach-by-using-a-multi-dimensional-matrix.pdf.html
./learning-evidence/one-health-evidence/one-health-evidence-inbox/monitoring-multi-sectoral-nutrition-collaboration.pdf/view.html
./learning-evidence/one-health-evidence/one-health-evidence-inbox/aquaculture-at-the-crossroads-of-global-warming-and-antimicrobial-resistance.pdf/view.html
./learning-evidence/one-health-evidence/one-health-evidence-inbox/pinillos-2021_one-welfare-impacts-of-covid-19-2013-a-summary-of-key-highlights-within-the-one-welfare-framework.pdf.html
./learning-evidence/one-health-evidence/one-health-evidence-inbox/oecd-2020_biodiversity-and-the-economic-response-to-covid-19_ensuring-a-green-and-resilient-recovery.pdf/view.html
./learning-evidence/one-health-evidence/one-health-evidence-inbox/advancing-integrated-governance-for-health-through-national-biodiversity-strategies-and-plans.pdf.html
./learning-evidence/one-health-evidence/one-health-evidence-inbox/ecdc-one-health-framework.pdf.html
./learning-evidence/one-health-evidence/one-health-evidence-inbox/development-bank-roadmap-climate-finance.pdf.html
./learning-evidence/one-health-evidence/one-health-evidence-inbox/wildlife-susceptibility-to-infectious-diseases-at-global-scales.pdf.html
./learning-evidence/one-health-evidence/one-health-evidence-inbox/human-health-benefits-forests-access-lit-review.pdf/view.html
./learning-evidence/one-health-evidence/one-health-evidence-inbox/greenspace-morphology-and-human-health-relationships.pdf/view.html
./learning-evidence/one-health-evidence/one-health-evidence-inbox/systems-thinking-practice-concepts-principles-tools.pdf.html
./learning-evidence/one-health-evidence/one-health-evidence-inbox/systematic-review-land-use-land-cover-vector-borne-diseases.pdf/view.html
./learning-evidence/one-health-evidence/one-health-evidence-inbox/evaluation-of-global-training-in-one-health-communication.pdf/view.html
./learning-evidence/one-health-evidence/one-health-evidence-inbox/changing-food-systems-infectious-disease-risks-low-income-middle-income-countries.pdf/view.html
./learning-evidence/one-health-evidence/one-health-evidence-inbox/most-at-risk-regions-world-for-high-impact-heatwaves.pdf.html
./learning-evidence/one-health-evidence/one-health-evidence-inbox/sector-environmental-guideline-livestock-production.pdf.html
./learning-evidence/one-health-evidence/one-health-evidence-inbox/aguirre-2021_transdisciplinary-science_mitigate-biosecurity-risks_iwt-zoonotic-pathogens.pdf.html
./learning-evidence/one-health-evidence/one-health-evidence-inbox/g20-2021_high-level-independent-panel_financing-pandemic-preparedness-and-response_report.pdf/view.html
./learning-evidence/one-health-evidence/one-health-evidence-inbox/environmental-health-impacts-pesticides-fertilizers-and-ways-of-minimizing.pdf/view.html
./learning-evidence/one-health-evidence/one-health-evidence-inbox/ecological-measures-to-prevent-spillover-pandemics.pdf/view.html
./learning-evidence/one-health-evidence/one-health-evidence-inbox/immediate-effects-of-covid-19-pandemic-on-wildlife-as-food-indigenous-people-local-communities-south-america.pdf.html
./learning-evidence/one-health-evidence/one-health-evidence-inbox/most-at-risk-regions-world-for-high-impact-heatwaves.pdf/view.html
./learning-evidence/one-health-evidence/one-health-evidence-inbox/ecological-economic-performance-of-agrienvironment-schemes.pdf.html
./learning-evidence/one-health-evidence/one-health-evidence-inbox/marselle-2021_biodiversity-and-health-in-the-urban-environment.pdf/view.html
./learning-evidence/one-health-evidence/one-health-evidence-inbox/review-of-one-health-in-philippines.pdf.html
./learning-evidence/one-health-evidence/one-health-evidence-inbox/brief-wildlife-livelihoods-health-challenges-asia-and-pacific.pdf/view.html
./learning-evidence/one-health-evidence/one-health-evidence-inbox/report-of-the-scientific-task-force-on-preventing-pandemics.pdf/view.html
./learning-evidence/one-health-evidence/one-health-evidence-inbox/roadmap-planetary-health.pdf.html
./learning-evidence/one-health-evidence/one-health-evidence-inbox/research-innovation-opportunities-to-improve-epidemiological-knowledge-and-control-of-environmentally-driven-zoonoses.pdf/view.html
./learning-evidence/one-health-evidence/one-health-evidence-inbox/global-economic-costs-invasive-mosquitoesand-diseases.pdf/view.html
./learning-evidence/one-health-evidence/one-health-evidence-inbox/huong-2020_coronavirus-transmission-risk-increases-along-wildlife-supply-chains.pdf.html
./learning-evidence/one-health-evidence/one-health-evidence-inbox/albers-2020_dz-risk_human-environment-interactions_conservation-health-policy.pdf/view.html
./learning-evidence/one-health-evidence/one-health-evidence-inbox/characterizing-one-health-workforce-to-promote-interdisciplinary-approaches-global-problem-solving.pdf.html
./learning-evidence/one-health-evidence/one-health-evidence-inbox/post-covid201019_a-solution-scan-of-options-for-preventing-future-zoonotic-epidemics.pdf/view.html
./learning-evidence/one-health-evidence/one-health-evidence-inbox/planetary-health-ed-in-us-four-models.pdf/view.html
./learning-evidence/one-health-evidence/one-health-evidence-inbox/red-seaweed-reduces-methane-in-beef-steers.pdf.html
./learning-evidence/one-health-evidence/one-health-evidence-inbox/oh-linking-health-and-sustainable-use-of-natural-resources.pdf.html
./learning-evidence/one-health-evidence/one-health-evidence-inbox/insects-as-feed-for-livestock-production.pdf/view.html
./learning-evidence/one-health-evidence/one-health-evidence-inbox/predicting-the-potential-for-zoonotic-transmission-and-host-associations-for-novel-viruses.pdf.html
./learning-evidence/one-health-evidence/one-health-evidence-inbox/improving-rural-health-care-reduces-illegal-logging_conserves-carbon.pdf.html
./learning-evidence/one-health-evidence/one-health-evidence-inbox/one-health-and-neglected-tropical-diseases.pdf/view.html
./learning-evidence/one-health-evidence/one-health-evidence-inbox/integrated-patterns-of-human-animal-environment-health.pdf.html
./learning-evidence/one-health-evidence/one-health-evidence-inbox/transformative-learning-for-sustainable-healthy-future.pdf/view.html
./learning-evidence/one-health-evidence/one-health-evidence-inbox/development-bank-roadmap-climate-finance.pdf/view.html
./learning-evidence/one-health-evidence/one-health-evidence-inbox/one-health-post-grad-programmes-review.pdf.html
./learning-evidence/one-health-evidence/one-health-evidence-inbox/decline-in-nutritional-quality-of-foods.pdf/view.html
./learning-evidence/one-health-evidence/one-health-evidence-inbox/navigating-new-horizons.pdf.html
./learning-evidence/one-health-evidence/one-health-evidence-inbox/different-definitions-health-well-being-and-the-effect-built-environment.pdf.html
./learning-evidence/one-health-evidence/one-health-evidence-inbox/values-and-risks-of-intergovernmental-panel-to-strengthen-pandemic-prevention-preparedness-response.pdf.html
./learning-evidence/one-health-evidence/one-health-evidence-inbox/global-one-health-index-for-zoonoses.pdf.html
./learning-evidence/one-health-evidence/one-health-evidence-inbox/land2010based-measures-to-mitigate-climate-change_potential-and-feasibility-by-country.pdf.html
./learning-evidence/one-health-evidence/one-health-evidence-inbox/future-of-fungi-threats-opportunities.pdf.html
./learning-evidence/one-health-evidence/one-health-evidence-inbox/understanding-how-pathogens-emerge-preparedness-response-for-zoonotic-diseases.pdf.html
./learning-evidence/one-health-evidence/one-health-evidence-inbox/climate-change-increases-viral-transmission-risk.pdf.html
./learning-evidence/one-health-evidence/one-health-evidence-inbox/re-imagining-one-health-perspective-social-science.pdf/view.html
./learning-evidence/one-health-evidence/one-health-evidence-inbox/social-ecological-system-health-transfrontier-conservation-areas-promote-coexistence-between-people-nature.pdf/view.html
./learning-evidence/one-health-evidence/one-health-evidence-inbox/research-innovation-opportunities-to-improve-epidemiological-knowledge-and-control-of-environmentally-driven-zoonoses.pdf.html
./learning-evidence/one-health-evidence/one-health-evidence-inbox/role-of-pollution-on-the-selection-of-antibiotic-resistance-and-bacterial-pathogens-in-the-environment.pdf/view.html
./learning-evidence/one-health-evidence/one-health-evidence-inbox/medicinal-plants-against-antimicrobial-resistance.pdf.html
./learning-evidence/one-health-evidence/one-health-evidence-inbox/gender-gap-reduction-one-health-benefits.pdf/view.html
./learning-evidence/one-health-evidence/one-health-evidence-inbox/tackling-antimicrobial-resistance-one-health-and-sustainable-development.pdf/view.html
./learning-evidence/one-health-evidence/one-health-evidence-inbox/ipbes-2020_pandemics-workshop-report.pdf.html
./learning-evidence/one-health-evidence/one-health-evidence-inbox/red-seaweed-reduces-methane-in-beef-steers.pdf/view.html
./learning-evidence/one-health-evidence/one-health-evidence-inbox/oie-2010_training-manual-wildlife-dz-surveillance.pdf.html
./learning-evidence/one-health-evidence/one-health-evidence-inbox/pollinator-declines-crop-deficits-diet-associated-disease.pdf/view.html
./learning-evidence/one-health-evidence/one-health-evidence-inbox/human-disturbance-increases-coronavirus-prevalence-in-bats.pdf.html
./learning-evidence/one-health-evidence/one-health-evidence-inbox/paho-2021_-one-health-policy-a-comprehensive-approach.pdf.html
./learning-evidence/one-health-evidence/one-health-evidence-inbox/improving-rural-health-care-reduces-illegal-logging_conserves-carbon.pdf/view.html
./learning-evidence/one-health-evidence/one-health-evidence-inbox/collaborative-surveillance-hepr.pdf.html
./learning-evidence/one-health-evidence/one-health-evidence-inbox/operationalizing-one-health-in-pastoralist-settings-module-1.pdf.html
./learning-evidence/one-health-evidence/one-health-evidence-inbox/one-health-turkana-county-kenya-applications-lessons-learned.pdf/view.html
./learning-evidence/one-health-evidence/one-health-evidence-inbox/inventory-of-globally-available-oh-tools.pdf/view.html
./learning-evidence/one-health-evidence/one-health-evidence-inbox/g20-2021_high-level-independent-panel_financing-pandemic-preparedness-and-response_report.pdf.html
./learning-evidence/one-health-evidence/one-health-evidence-inbox/oh-linking-health-and-sustainable-use-of-natural-resources.pdf/view.html
./learning-evidence/one-health-evidence/one-health-evidence-inbox/wet-market-biosecurity-reform.pdf/view.html
./learning-evidence/one-health-evidence/one-health-evidence-inbox/improving-assessment-of-ecosystem-and-wildlife-health-microbiome.pdf.html
./learning-evidence/one-health-evidence/one-health-evidence-inbox/summary-report-invasive-species-and-control-of-intergovernmental-sciences.pdf.html
./learning-evidence/one-health-evidence/one-health-evidence-inbox/macdonald-2019_amazon-deforestation-drives-malaria-transmission.pdf/view.html
./learning-evidence/one-health-evidence/one-health-evidence-inbox/one-health-approach-in-advancing-global-health-security-sustainable-development-goals.pdf.html
./learning-evidence/one-health-evidence/one-health-evidence-inbox/schoonover-2021_the-security-threat-that-binds-us.pdf.html
./learning-evidence/one-health-evidence/one-health-evidence-inbox/healthy-soil-for-healthy-humans-and-planet.pdf.html
./learning-evidence/one-health-evidence/one-health-evidence-inbox/transformative-learning-for-sustainable-healthy-future.pdf.html
./learning-evidence/one-health-evidence/one-health-evidence-inbox/how-can-the-global-health-community-fight-plastic-pollution.pdf/view.html
./learning-evidence/one-health-evidence/one-health-evidence-inbox/plowright-2021_land-use-induced-spillover_call-to-action-safeguard-environmental-animal-and-human-health.pdf/view.html
./learning-evidence/one-health-evidence/one-health-evidence-inbox/one-health-approach-amr-why-gender-matters-tanzania.pdf.html
./learning-evidence/one-health-evidence/one-health-evidence-inbox/gruetzmacher-2021_berlin-principles_one-health_bridging_health-conservation.pdf.html
./learning-evidence/one-health-evidence/one-health-evidence-inbox/intersectoral-collaboration-shaping-one-health-in-the-policy-agenda_ghana-and-india.pdf.html
./learning-evidence/one-health-evidence/one-health-evidence-inbox/does-deforestation-drive-visceral-leishmaniasis-transmission_-a-causal-analysis.pdf.html
./learning-evidence/one-health-evidence/one-health-evidence-inbox/a-systems-approach-to-evaluate-one-health-initiatives.pdf/view.html
./learning-evidence/one-health-evidence/one-health-evidence-inbox/extend-existing-food-safety-systems-to-the-global-wildlife-trade.pdf.html
./learning-evidence/one-health-evidence/one-health-evidence-inbox/evolution-expansion-of-one-health-approach-to-promote-sustainable-resilient-health-and-well-being.pdf.html
./learning-evidence/one-health-evidence/one-health-evidence-inbox/operationalizing-environment-health-nexus-asia-pacific.pdf/view.html
./learning-evidence/one-health-evidence/one-health-evidence-inbox/global-regional-governance-of-one-health-implications-global-health-security.pdf.html
./learning-evidence/one-health-evidence/one-health-evidence-inbox/gender-gap-reduction-one-health-benefits.pdf.html
./learning-evidence/one-health-evidence/one-health-evidence-inbox/global-regional-governance-of-one-health-implications-global-health-security.pdf/view.html
./learning-evidence/one-health-evidence/one-health-evidence-inbox/land2010based-measures-to-mitigate-climate-change_potential-and-feasibility-by-country.pdf/view.html
./learning-evidence/one-health-evidence/one-health-evidence-inbox/macdonald-2019_amazon-deforestation-drives-malaria-transmission.pdf.html
./learning-evidence/one-health-evidence/one-health-evidence-inbox/how-to-start-up-a-national-wildlife-health-surveillance-programme.pdf/view.html
./learning-evidence/one-health-evidence/one-health-evidence-inbox/assessment-report-biodiversity-health-food-nutrition-traditional-medicine.pdf/view.html
./learning-evidence/one-health-evidence/one-health-evidence-inbox/effects-climate-related-risks-on-health-outcomes-in-rural-remote-areas.pdf.html
./learning-evidence/one-health-evidence/one-health-evidence-inbox/extend-existing-food-safety-systems-to-the-global-wildlife-trade.pdf/view.html
./learning-evidence/one-health-evidence/one-health-evidence-inbox/overcoming-resistance-expert-panel-antimicrobial-availability.pdf/view.html
./learning-evidence/one-health-evidence/one-health-evidence-inbox/wet-market-biosecurity-reform.pdf.html
./learning-evidence/one-health-evidence/one-health-evidence-inbox/navigating-new-horizons.pdf/view.html
./learning-evidence/one-health-evidence/one-health-evidence-inbox/oh-framework-for-service-delivery-turkana-county.pdf/view.html
./learning-evidence/one-health-evidence/one-health-evidence-inbox/analysis-global-change-drivers-and-risk-of-infectious-disease.pdf.html
./learning-evidence/one-health-evidence/one-health-evidence-inbox/include-indigenous-peoples-policy-to-handle-zoonoses.pdf.html
./learning-evidence/one-health-evidence/one-health-evidence-inbox/onehealth-all-connected-coloring-book.pdf/view.html
./learning-evidence/one-health-evidence/one-health-evidence-inbox/the-covid-19-pandemic-is-intricately-linked-to-biodiversity-loss-and-ecosystem-health.pdf.html
./learning-evidence/one-health-evidence/one-health-evidence-inbox/effectiveness-of-gpas-for-climatechange-mitigation.pdf.html
./learning-evidence/one-health-evidence/one-health-evidence-inbox/protecting-brazilian-amazon-indigenous-territories-reduces-atmospheric-particulates-avoids-health-impacts.pdf/view.html
./learning-evidence/one-health-evidence/one-health-evidence-inbox/aguirre-2021_transdisciplinary-science_mitigate-biosecurity-risks_iwt-zoonotic-pathogens.pdf/view.html
./learning-evidence/one-health-evidence/one-health-evidence-inbox/marselle-2021_biodiversity-and-health-in-the-urban-environment.pdf.html
./learning-evidence/one-health-evidence/one-health-evidence-inbox/animals-on-the-wash-agenda.pdf/view.html
./learning-evidence/one-health-evidence/one-health-evidence-inbox/unep-2020_preventing-next-pandemic_break-the-transmission-chain.pdf/view.html
./learning-evidence/one-health-evidence/one-health-evidence-inbox/strategies-for-implementing-a-one-welfare-framework-into-emergency-management.pdf/view.html
./learning-evidence/one-health-evidence/one-health-evidence-inbox/johnson-2020_global-shifts_mammals_predictors_virus-spillover-risk.pdf/view.html
./learning-evidence/one-health-evidence/one-health-evidence-inbox/from-reacting-to-preventing-pandemics-building-animal-health-wildlife-systems-one-health.pdf.html
./learning-evidence/one-health-evidence/one-health-evidence-inbox/gibbs-2014_evolution-one-health_decade-of-progress_future-challenges.pdf.html
./learning-evidence/one-health-evidence/one-health-evidence-inbox/oecd-2020_biodiversity-and-the-economic-response-to-covid-19_ensuring-a-green-and-resilient-recovery.pdf.html
./learning-evidence/one-health-evidence/one-health-evidence-inbox/indigenous-determinants-of-health-unified-call-for-progress.pdf/view.html
./learning-evidence/one-health-evidence/one-health-evidence-inbox/machalaba-2021_health-security-gaps_wildlife-environment-affecting-pandemic-prevention-preparedness_2007-2020.pdf.html
./learning-evidence/one-health-evidence/one-health-evidence-inbox/one-health-and-the-environment_from-conceptual-framework-to-implementation-science.pdf/view.html
./learning-evidence/one-health-evidence/one-health-evidence-inbox/planetary-health-innovation-for-challenges-in-africa.pdf/view.html
./learning-evidence/one-health-evidence/one-health-evidence-inbox/animals-on-the-wash-agenda.pdf.html
./learning-evidence/one-health-evidence/one-health-evidence-inbox/climate-change-impacts-on-livestock-food-supply.pdf/view.html
./learning-evidence/one-health-evidence/one-health-evidence-inbox/increase-human-fungal-diseases-climate-change.pdf.html
./learning-evidence/one-health-evidence/one-health-evidence-inbox/facilitating-implementation-of-one-health-approach-definition-of-intervention.pdf/view.html
./learning-evidence/one-health-evidence/one-health-evidence-inbox/planetary-health-ed-in-us-four-models.pdf.html
./learning-evidence/one-health-evidence/one-health-evidence-inbox/applications-of-science-integrated-conservation-health-programs.pdf.html
./learning-evidence/one-health-evidence/one-health-evidence-inbox/values-and-risks-of-intergovernmental-panel-to-strengthen-pandemic-prevention-preparedness-response.pdf/view.html
./learning-evidence/one-health-evidence/one-health-evidence-inbox/plowright-2021_land-use-induced-spillover_call-to-action-safeguard-environmental-animal-and-human-health.pdf.html
./learning-evidence/one-health-evidence/one-health-evidence-inbox/practical-actions-to-operationalize-the-one-health-approach-in-the-asian-development-bank.pdf/view.html
./learning-evidence/one-health-evidence/one-health-evidence-inbox/booth-2021_investigating-risks-of-removing-wild-meat-from-global-food-systems.pdf.html
./learning-evidence/one-health-evidence/one-health-evidence-inbox/deforestation-impacts-on-childhood-malaria.pdf.html
./learning-evidence/one-health-evidence/one-health-evidence-inbox/who_reducing-public-health-risks-associated-with-the-sale-of-live-wild-animals_mammals_traditional-food-markets.pdf.html
./learning-evidence/one-health-evidence/one-health-evidence-inbox/information-about-zoonotic-disease-risks-reduces-desire-to-own-exotic-pets-among-global-consumers.pdf.html
./learning-evidence/one-health-evidence/one-health-evidence-inbox/global-analysis-one-health-networks-and-proliferation-of-one-healthcollaborations.pdf/view.html
./learning-evidence/one-health-evidence/one-health-evidence-inbox/a-tool-for-rapid-assessment-of-wildlife-markets-in-the-asia-pacific-region-for-risk-of-future-zoonotic-disease-outbreaks.pdf/view.html
./learning-evidence/one-health-evidence/one-health-evidence-inbox/use-of-environmental-scenarios-to-project-future-health-effects.pdf/view.html
./learning-evidence/one-health-evidence/one-health-evidence-inbox/understanding-how-pathogens-emerge-preparedness-response-for-zoonotic-diseases.pdf/view.html
./learning-evidence/one-health-evidence/one-health-evidence-inbox/biodiversity-data-supports-research-on-human-infectious-diseases.pdf/view.html
./learning-evidence/one-health-evidence/one-health-evidence-inbox/social-ecological-system-health-transfrontier-conservation-areas-promote-coexistence-between-people-nature.pdf.html
./learning-evidence/one-health-evidence/one-health-evidence-inbox/oh-assessment-of-mining-in-nigeria.pdf/view.html
./learning-evidence/one-health-evidence/one-health-evidence-inbox/assessing-compounding-risks-socio-enviro-risk-triage-approach.pdf.html
./learning-evidence/one-health-evidence/one-health-evidence-inbox/aligning-conservation-and-public-health-goals-tackle-unsustainable-trade-of-mammals.pdf.html
./learning-evidence/one-health-evidence/one-health-evidence-inbox/investigating-infectious-organisms-of-public-health-concern-associated-with-wild-meat.pdf/view.html
./learning-evidence/one-health-evidence/one-health-evidence-inbox/does-deforestation-drive-visceral-leishmaniasis-transmission_-a-causal-analysis.pdf/view.html
./learning-evidence/one-health-evidence/one-health-evidence-inbox/one-health-exploring-indigenous-and-western-epistemologies.pdf.html
./learning-evidence/one-health-evidence/one-health-evidence-inbox/economic-impacts-of-ecosystem-disruptions.pdf.html
./learning-evidence/one-health-evidence/one-health-evidence-inbox/fao-pmp-tab.pdf.html
./learning-evidence/one-health-evidence/one-health-evidence-inbox/inventory-of-globally-available-oh-tools.pdf.html
./learning-evidence/one-health-evidence/one-health-evidence-inbox/social-costs-keystone-species-collapse-evidence-from-india.pdf/view.html
./learning-evidence/one-health-evidence/one-health-evidence-inbox/climate-change-triggered-land-degradation-and-planetary-health_-a-review.pdf.html
./learning-evidence/one-health-evidence/one-health-evidence-inbox/decline-indian-vultures-caused-human-deaths.pdf.html
./learning-evidence/one-health-evidence/one-health-evidence-inbox/systematic-review-land-use-land-cover-vector-borne-diseases.pdf.html
./learning-evidence/one-health-evidence/one-health-evidence-inbox/sokolow-2019_ecological-interventions-prevent-manage-zoonotic-pathogen-spillover.pdf/view.html
./learning-evidence/one-health-evidence/one-health-evidence-inbox/harnessing-soil-biodiversity-promote-human-health-cities.pdf/view.html
./learning-evidence/one-health-evidence/one-health-evidence-inbox/economic-impacts-of-ecosystem-disruptions.pdf/view.html
./learning-evidence/one-health-evidence/one-health-evidence-inbox/african-oh-network-antimicrobial-resistance-tropical-diseases.pdf/view.html
./learning-evidence/one-health-evidence/one-health-evidence-inbox/integrated-wildlife-monitoring-prevent-future-pandemics-through-one-health.pdf/view.html
./learning-evidence/one-health-evidence/one-health-evidence-inbox/amphibiancollapsesincreasedmalariacentralamerica.pdf/view.html
./learning-evidence/one-health-evidence/one-health-evidence-inbox/one-health-systems-strengthening-in-countries-tripartite-tools-approaches.pdf.html
./learning-evidence/one-health-evidence/one-health-evidence-inbox/fao-2020_one-health-legislation_contributing-to-pandemic-prevention-through-law.pdf.html
./learning-evidence/one-health-evidence/one-health-evidence-inbox/what-climate-smart-agriculture-means-for-smallholder-farmers.pdf/view.html
./learning-evidence/one-health-evidence/one-health-evidence-inbox/sokolow-2019_ecological-interventions-prevent-manage-zoonotic-pathogen-spillover.pdf.html
./learning-evidence/one-health-evidence/one-health-evidence-inbox/greenspace-morphology-and-human-health-relationships.pdf.html
./learning-evidence/one-health-evidence/one-health-evidence-inbox/pollinator-declines-crop-deficits-diet-associated-disease.pdf.html
./learning-evidence/one-health-evidence/one-health-evidence-inbox/the-covid-19-pandemic-is-intricately-linked-to-biodiversity-loss-and-ecosystem-health.pdf/view.html
./learning-evidence/one-health-evidence/one-health-evidence-collection.html
./learning-evidence/one-health-evidence.html
./learning-evidence/lac-pse/documents/ers_3-0_summary_report_final_09-10-20_2_1_2.pdf/view.html
./learning-evidence/lac-pse/documents/pse-learning-brief-508.pdf/view.html
./learning-evidence/lac-pse/documents/lac-environment-pse-learning-agenda-508.pdf.html
./learning-evidence/lac-pse/documents/peru_marine_plastics_cs_spanish.pdf/view.html
./learning-evidence/lac-pse/documents/usaid-marine-debris_white-paper_final2019-2.pdf/view.html
./learning-evidence/lac-pse/documents/lac-environment-pse-learning-agenda-508.pdf/view.html
./learning-evidence/lac-pse/documents/pse-learning-brief-1-28-spanish-508.pdf/view.html
./learning-evidence/lac-pse/documents/documents.html
./learning-evidence/lac-pse/documents/pse-learning-brief-compilation_final-copy.pdf/view.html
./learning-evidence/lac-pse/documents/corporate_investment_partnerships_report_mar_17_2020_updated.pdf/view.html
./learning-evidence/lac-pse/documents/pse-learning-brief-alianza-forestal_508.pdf.html
./learning-evidence/lac-pse/documents/pse-learning-brief-rcbp_508.pdf/view.html
./learning-evidence/lac-pse/documents/index.html
./learning-evidence/lac-pse/documents/webinar-slides_pse-learning-sprint-and-sustainable-cattle-webinar_030921_508.pdf/view.html
./learning-evidence/lac-pse/documents/webinar-slides_pse-ocean-plastics_051221_508.pdf/view.html
./learning-evidence/lac-pse/documents/peru-marine-plastics-cs_-10-24-1.pdf/view.html
./learning-evidence/lac-pse/documents/privatesectorengagementduediligence.pdf/view.html
./learning-evidence/lac-pse/documents/webinar-slides_colombia-corruption-analysis-findings_recommendations_060421_508.pdf/view.html
./learning-evidence/lac-pse/documents/pse-learning-brief-alianza-forestal_508.pdf/view.html
./learning-evidence/lac-pse/documents/pse-learning-brief-mexico-landscale_508.pdf.html
./learning-evidence/lac-pse/documents/unlocking_capital_for_development_final.pdf/view.html
./learning-evidence/lac-pse/documents/pse-learning-brief-mexico-landscale_508.pdf/view.html
./learning-evidence/lac-pse/documents/pse-learning-brief-rcbp_508.pdf.html
./learning-evidence/lac-pse/documents/mfd_comprehensive_introduction.pdf/view.html
./learning-evidence/lac-pse/learning-agenda.html
./learning-evidence/lac-pse/@@search-form.html
./learning-evidence/lac-pse/documents.html
./learning-evidence/lac-pse/sitemap.html
./learning-evidence/lac-pse/events.html
./learning-evidence/lac-pse/index.html
./learning-evidence/lac-pse/ask-the-group/index.html
./learning-evidence/lac-pse/ask-the-group/ask-the-group.html
./learning-evidence/lac-pse/events/ocean-plastics-drivers-impacts-solutions-and-lessons-engaging-the-private-sector-webinar.html
./learning-evidence/lac-pse/events/index.html
./learning-evidence/lac-pse/events/lessons-from-engaging-the-private-sector-in-sustainable-cattle-practices-webinar-recording.html
./learning-evidence/lac-pse/events/events-collection.html
./learning-evidence/lac-pse/contact-info.html
./learning-evidence/lac-pse/accessibility-info.html
./learning-evidence/lac-pse/ask-the-group.html
./learning-evidence/lac-pse/learning-agenda/learning-agenda.html
./learning-evidence/lac-pse/learning-agenda/index.html
./learning-evidence/lac-pse/lac-environment-private-sector-engagement-pse-home-page.html
./learning-evidence/wild-meat-collaborative-learning-group/learning-agenda.html
./learning-evidence/wild-meat-collaborative-learning-group/wild-meat-collaborative-learning-group.html
./learning-evidence/wild-meat-collaborative-learning-group/@@search-form.html
./learning-evidence/wild-meat-collaborative-learning-group/resources.html
./learning-evidence/wild-meat-collaborative-learning-group/sitemap.html
./learning-evidence/wild-meat-collaborative-learning-group/evidence-collection.html
./learning-evidence/wild-meat-collaborative-learning-group/evidence-collection/evidence-inbox.html
./learning-evidence/wild-meat-collaborative-learning-group/evidence-collection/evidence-inbox/bug-bites-edible-insect-production-ramps-up-quickly-in-madagascar.html
./learning-evidence/wild-meat-collaborative-learning-group/evidence-collection/evidence-inbox/the-interplay-between-cultural-practices-food-insecurity-and-poverty-in-the-consumption-of-wild-meat.pdf/view.html
./learning-evidence/wild-meat-collaborative-learning-group/evidence-collection/evidence-inbox/interconnectedness-of-illegal-wildlife-trade-and-covid-19.html
./learning-evidence/wild-meat-collaborative-learning-group/evidence-collection/evidence-inbox/wild-meat-alternative-projects.pdf/view.html
./learning-evidence/wild-meat-collaborative-learning-group/evidence-collection/evidence-inbox/animal-source-foods_wild-meat.pdf/view.html
./learning-evidence/wild-meat-collaborative-learning-group/evidence-collection/evidence-inbox/disentangling-the-relative-effects_wild-meat.pdf/view.html
./learning-evidence/wild-meat-collaborative-learning-group/evidence-collection/evidence-inbox/connect-wildlife-wildmeat-case-study.pdf/view.html
./learning-evidence/wild-meat-collaborative-learning-group/evidence-collection/evidence-inbox/bushmeat-hunting-and-consumption-is-a-pervasive-issue-in-african-savannahs-insights-from-four-protected-areas-in-malawi.html
./learning-evidence/wild-meat-collaborative-learning-group/evidence-collection/evidence-inbox/preg_fact_sheet_july_2018.pdf/view.html
./learning-evidence/wild-meat-collaborative-learning-group/evidence-collection/evidence-inbox/exploring-why-people-eat-wild-meat-2013-and-designing-better-alternatives.html
./learning-evidence/wild-meat-collaborative-learning-group/evidence-collection/evidence-inbox/emerging-pandemic-threats-2-program-ept-2.html
./learning-evidence/wild-meat-collaborative-learning-group/evidence-collection/evidence-inbox/towards-reduced-meat-consumption.pdf/view.html
./learning-evidence/wild-meat-collaborative-learning-group/evidence-collection/evidence-inbox/conservation-biology-2021-mayor-wild-meat-trade-over-the-last-45-years-in-the-peruvian-amazon.pdf/view.html
./learning-evidence/wild-meat-collaborative-learning-group/evidence-collection/evidence-inbox/conservation-biology-2021-marsh-prevalence-of-sustainable-and-unsustainable-use-of-wild-species-inferred-from-the.pdf/view.html
./learning-evidence/wild-meat-collaborative-learning-group/evidence-collection/evidence-inbox/predict2-factsheet.pdf/view.html
./learning-evidence/wild-meat-collaborative-learning-group/evidence-collection/evidence-inbox/using-conservation-criminology_wild-meat.pdf/view.html
./learning-evidence/wild-meat-collaborative-learning-group/evidence-collection/evidence-inbox/cambodia-green-future-casestudy.pdf/view.html
./learning-evidence/wild-meat-collaborative-learning-group/evidence-collection/evidence-inbox/community-first-approach-to-address-wm-consumption-zambia.pdf/view.html
./learning-evidence/wild-meat-collaborative-learning-group/evidence-collection/evidence-inbox/index.html
./learning-evidence/wild-meat-collaborative-learning-group/evidence-collection/evidence-inbox/attitudes-practices-and-zoonoses-awareness_wild-meat.pdf/view.html
./learning-evidence/wild-meat-collaborative-learning-group/evidence-collection/evidence-inbox/unintended-consequences_wild-meat.pdf/view.html
./learning-evidence/wild-meat-collaborative-learning-group/evidence-collection/evidence-inbox/pioetfact-sheetapril2013.pdf/view.html
./learning-evidence/wild-meat-collaborative-learning-group/evidence-collection/evidence-inbox/benefits-of-wildlife-consumption_wild-meat.pdf/view.html
./learning-evidence/wild-meat-collaborative-learning-group/evidence-collection/evidence-inbox/multi-pronged-approach-to-reduce-wm-consumption-zambia.pdf/view.html
./learning-evidence/wild-meat-collaborative-learning-group/evidence-collection/evidence-inbox/poultry-production-casestudy.pdf/view.html
./learning-evidence/wild-meat-collaborative-learning-group/evidence-collection/evidence-inbox/hungry-for-success.pdf/view.html
./learning-evidence/wild-meat-collaborative-learning-group/evidence-collection/evidence-inbox/bushmeat-wet-markets-and-the-risks-of-pandemics-exploring-the-nexus-through-systematic-review-of-scientific-disclosures.html
./learning-evidence/wild-meat-collaborative-learning-group/evidence-collection/evidence-inbox/still-on-the-menu.pdf/view.html
./learning-evidence/wild-meat-collaborative-learning-group/evidence-collection/evidence-inbox/zoonotic-diseases-and-wildlife_wild-meat-1.pdf/view.html
./learning-evidence/wild-meat-collaborative-learning-group/evidence-collection/evidence-inbox/preparedness-response-factsheet-1.pdf/view.html
./learning-evidence/wild-meat-collaborative-learning-group/evidence-collection/evidence-inbox/one-health-workforce-factsheet.pdf/view.html
./learning-evidence/wild-meat-collaborative-learning-group/evidence-collection/evidence-inbox/how-is-covid-19-affecting-wild-meat-consumption-in-rural-cameroon.html
./learning-evidence/wild-meat-collaborative-learning-group/evidence-collection/evidence-inbox/measuring-the-impact-of-an-entertainment-education-intervention-to-reduce-demand-for-bushmeat.html
./learning-evidence/wild-meat-collaborative-learning-group/evidence-collection/evidence-inbox/new-approaches-to-regulate-wild-meat-tanzania-tuhifadhi-maliasili.pdf/view.html
./learning-evidence/wild-meat-collaborative-learning-group/evidence-collection/evidence-inbox/zoonotic-disease-risk-in-wild-meat-trade.pdf/view.html
./learning-evidence/wild-meat-collaborative-learning-group/evidence-collection/evidence-inbox/cifor-cbd-wildmeat-info-doc-review-en.pdf/view.html
./learning-evidence/wild-meat-collaborative-learning-group/evidence-collection/evidence-inbox/bushmeat-now-on-sale-legally-in-tanzania.html
./learning-evidence/wild-meat-collaborative-learning-group/evidence-collection/evidence-inbox/the-church-food-culture-and-ecotheology_wild-meat.pdf/view.html
./learning-evidence/wild-meat-collaborative-learning-group/evidence-collection/evidence-inbox/food-health-wildlife-connections.pdf/view.html
./learning-evidence/wild-meat-collaborative-learning-group/evidence-collection/evidence-inbox/people-and-nature-2021-olmedo-who-eats-wild-meat-profiling-consumers-in-ho-chi-minh-city-vietnam.pdf/view.html
./learning-evidence/wild-meat-collaborative-learning-group/evidence-collection/evidence-inbox/increasing-zoonotic-infectious-diseases_wild-meat.pdf/view.html
./learning-evidence/wild-meat-collaborative-learning-group/evidence-collection/evidence-inbox/wildlife-trade-pandemic-and-the-law.pdf/view.html
./learning-evidence/wild-meat-collaborative-learning-group/evidence-collection/evidence-inbox/wild-meat-regulations-usaid-wildlife-traps-tanzania.pdf/view.html
./learning-evidence/wild-meat-collaborative-learning-group/evidence-collection/evidence-inbox/harvest-of-tropical-wildlife_wild-meat.pdf/view.html
./learning-evidence/wild-meat-collaborative-learning-group/evidence-collection/evidence-inbox/mcnamara2020_article_covid-19systemiccrisisandpossi.pdf/view.html
./learning-evidence/wild-meat-collaborative-learning-group/evidence-collection/evidence-inbox/sustainable-wildlife-management-and-wild-meat.pdf/view.html
./learning-evidence/wild-meat-collaborative-learning-group/evidence-collection/evidence-inbox/women-and-wildlife-crime-hidden-offenders-protectors-and-victims.pdf/view.html
./learning-evidence/wild-meat-collaborative-learning-group/evidence-collection/evidence-inbox/fws-bushmeat-fact-sheet.pdf/view.html
./learning-evidence/wild-meat-collaborative-learning-group/evidence-collection/evidence-inbox/why-eat-wild-meat.pdf/view.html
./learning-evidence/wild-meat-collaborative-learning-group/evidence-collection/evidence-inbox/wildmeat-consumption-and-child-health-in-amazonia.pdf/view.html
./learning-evidence/wild-meat-collaborative-learning-group/evidence-collection/evidence-inbox/1094_impact_of_covid-19_on_poaching_and_illegal_wildlife_trafficking.pdf/view.html
./learning-evidence/wild-meat-collaborative-learning-group/evidence-collection/index.html
./learning-evidence/wild-meat-collaborative-learning-group/evidence-collection/wild-meat-collaborative-learning-group-evidence-collection.html
./learning-evidence/wild-meat-collaborative-learning-group/wildmeat-learning-group-resources.html
./learning-evidence/wild-meat-collaborative-learning-group/index.html
./learning-evidence/wild-meat-collaborative-learning-group/wild-meat-collaborative-learning-group-evidence-collection.html
./learning-evidence/wild-meat-collaborative-learning-group/copy_of_wild-meat-collaborative-learning-group.html
./learning-evidence/wild-meat-collaborative-learning-group/contact-info.html
./learning-evidence/wild-meat-collaborative-learning-group/accessibility-info.html
./learning-evidence/wild-meat-collaborative-learning-group/@@search.html
./learning-evidence/wild-meat-collaborative-learning-group/learning-agenda/learning-agenda-landing-page.html
./learning-evidence/wild-meat-collaborative-learning-group/learning-agenda/index.html
./learning-evidence/wild-meat-collaborative-learning-group/learning-agenda/usaid-wild-meat-learning-agenda.pdf/view.html
./learning-evidence/wild-meat-collaborative-learning-group/resources/webinar-4-slides-wildmeat-learningexchange-508.pdf.html
./learning-evidence/wild-meat-collaborative-learning-group/resources/webinar-3-presentation-wildmeat-onehealth/view.html
./learning-evidence/wild-meat-collaborative-learning-group/resources/wild-meat-xmlg-webinar-november-2021-pptx.pdf.html
./learning-evidence/wild-meat-collaborative-learning-group/resources/wild-meat-toolkit-link.html
./learning-evidence/wild-meat-collaborative-learning-group/resources/wild-meat-technical-brief-22.pdf.html
./learning-evidence/wild-meat-collaborative-learning-group/resources/wild-meat-nutrition-congo-basin-webinar-slides-nov22.pdf/view.html
./learning-evidence/wild-meat-collaborative-learning-group/resources/webinar-1-wild-meat-learning-exchange-slides.pdf.html
./learning-evidence/wild-meat-collaborative-learning-group/resources/webinar-1-wild-meat-learning-exchange-slides.pdf/view.html
./learning-evidence/wild-meat-collaborative-learning-group/resources/wild-meat-technical-brief-22.pdf/view.html
./learning-evidence/wild-meat-collaborative-learning-group/resources/webinars/webinar-3-wild-meat-and-one-health.html
./learning-evidence/wild-meat-collaborative-learning-group/resources/webinars/webinar-2-wild-meat-enforcement-and-governance.html
./learning-evidence/wild-meat-collaborative-learning-group/resources/webinars/webinar-wild-meat-consumer-segmentation-in-ho-chi-minh-city-vietnam.html
./learning-evidence/wild-meat-collaborative-learning-group/resources/webinars/webinar-importance-of-wild-meat-and-fish-for-children2019s-nutritional-intake-in-the-congo-basin.html
./learning-evidence/wild-meat-collaborative-learning-group/resources/webinars/webinar-why-eat-wild-meat.html
./learning-evidence/wild-meat-collaborative-learning-group/resources/webinars/index.html
./learning-evidence/wild-meat-collaborative-learning-group/resources/webinars/webinar-poultry-production-in-northern-republic-of-the-congo.html
./learning-evidence/wild-meat-collaborative-learning-group/resources/webinars/webinar-tanzanias-trade-in-wild-meat-reducing-risks-and-managing-demand.html
./learning-evidence/wild-meat-collaborative-learning-group/resources/webinars/webinars-collection.html
./learning-evidence/wild-meat-collaborative-learning-group/resources/webinars/webinar-wild-meat-learning-series-overview.html
./learning-evidence/wild-meat-collaborative-learning-group/resources/webinars/webinar-4-sustainable-wildlife-management.html
./learning-evidence/wild-meat-collaborative-learning-group/resources/webinar-2-wild-meat-law-enforcement-may-23-508.pdf.html
./learning-evidence/wild-meat-collaborative-learning-group/resources/resources-1.html
./learning-evidence/wild-meat-collaborative-learning-group/resources/webinar-3-presentation-wildmeat-onehealth.html
./learning-evidence/wild-meat-collaborative-learning-group/resources/index.html
./learning-evidence/wild-meat-collaborative-learning-group/resources/webinars.html
./learning-evidence/wild-meat-collaborative-learning-group/resources/wild-meat-xmlg-webinar-november-2021-pptx.pdf/view.html
./learning-evidence/wild-meat-collaborative-learning-group/resources/webinar-4-slides-wildmeat-learningexchange-508.pdf/view.html
./learning-evidence/wild-meat-collaborative-learning-group/resources/wildmeat-xmlg-webinar-october-2021-pptx.pdf/view.html
./learning-evidence/wild-meat-collaborative-learning-group/resources/file.html
./learning-evidence/wild-meat-collaborative-learning-group/resources/wildmeat-xmlg-webinar-october-2021-pptx.pdf.html
./learning-evidence/wild-meat-collaborative-learning-group/resources/wild-meat-toolkit.html
./learning-evidence/wild-meat-collaborative-learning-group/resources/wild-meat-toolkit/index.html
./learning-evidence/wild-meat-collaborative-learning-group/resources/wild-meat-toolkit/view.html
./learning-evidence/wild-meat-collaborative-learning-group/resources/file/view.html
./learning-evidence/wild-meat-collaborative-learning-group/resources/wildmeat-xmlg-webinar-july-2021.pdf.html
./learning-evidence/wild-meat-collaborative-learning-group/resources/wildmeat-xmlg-webinar-july-2021.pdf/view.html
./learning-evidence/wild-meat-collaborative-learning-group/resources/wild-meat-nutrition-congo-basin-webinar-slides-nov22.pdf.html
./learning-evidence/wild-meat-collaborative-learning-group/resources/webinar-2-wild-meat-law-enforcement-may-23-508.pdf/view.html
./learning-evidence/combating-wildlife-trafficking.html
./learning-evidence/lac-pse.html
./learning-evidence/collaborative-learning-groups.html
./learning-evidence/conservation-enterprises/learning-agenda.html
./learning-evidence/conservation-enterprises/evidence.html
./learning-evidence/conservation-enterprises/@@search-form.html
./learning-evidence/conservation-enterprises/resources.html
./learning-evidence/conservation-enterprises/sitemap.html
./learning-evidence/conservation-enterprises/index.html
./learning-evidence/conservation-enterprises/evidence/inventory-collections/market-demand.html
./learning-evidence/conservation-enterprises/evidence/inventory-collections/stakeholder-alignment.html
./learning-evidence/conservation-enterprises/evidence/inventory-collections/equipment.html
./learning-evidence/conservation-enterprises/evidence/inventory-collections/marine-ecosystems.html
./learning-evidence/conservation-enterprises/evidence/inventory-collections/non-timber.html
./learning-evidence/conservation-enterprises/evidence/inventory-collections/europe.html
./learning-evidence/conservation-enterprises/evidence/inventory-collections/oceania.html
./learning-evidence/conservation-enterprises/evidence/inventory-collections/natural-system-modifications.html
./learning-evidence/conservation-enterprises/evidence/inventory-collections/case-study.html
./learning-evidence/conservation-enterprises/evidence/inventory-collections/energy-production-and-mining.html
./learning-evidence/conservation-enterprises/evidence/inventory-collections/invasive-and-other-problematic-species-and-genes.html
./learning-evidence/conservation-enterprises/evidence/inventory-collections/access-to-credit-capital.html
./learning-evidence/conservation-enterprises/evidence/inventory-collections/human-intrusions-and-disturbance.html
./learning-evidence/conservation-enterprises/evidence/inventory-collections/other-businesses.html
./learning-evidence/conservation-enterprises/evidence/inventory-collections/asia.html
./learning-evidence/conservation-enterprises/evidence/inventory-collections/toolkit.html
./learning-evidence/conservation-enterprises/evidence/inventory-collections/manual.html
./learning-evidence/conservation-enterprises/evidence/inventory-collections/business-alliances.html
./learning-evidence/conservation-enterprises/evidence/inventory-collections/guidance.html
./learning-evidence/conservation-enterprises/evidence/inventory-collections/index.html
./learning-evidence/conservation-enterprises/evidence/inventory-collections/increased-income-from-participants.html
./learning-evidence/conservation-enterprises/evidence/inventory-collections/other-natural-products.html
./learning-evidence/conservation-enterprises/evidence/inventory-collections/livestock.html
./learning-evidence/conservation-enterprises/evidence/inventory-collections/evaluation.html
./learning-evidence/conservation-enterprises/evidence/inventory-collections/government-requirements.html
./learning-evidence/conservation-enterprises/evidence/inventory-collections/combined-strategic-approaches.html
./learning-evidence/conservation-enterprises/evidence/inventory-collections/policies-for-enterprises.html
./learning-evidence/conservation-enterprises/evidence/inventory-collections/biological-resource-use.html
./learning-evidence/conservation-enterprises/evidence/inventory-collections/climate-change-and-severe-weather.html
./learning-evidence/conservation-enterprises/evidence/inventory-collections/pollution.html
./learning-evidence/conservation-enterprises/evidence/inventory-collections/financial-management-capacity-1.html
./learning-evidence/conservation-enterprises/evidence/inventory-collections/targeted-participants-1.html
./learning-evidence/conservation-enterprises/evidence/inventory-collections/residential-and-commercial-development.html
./learning-evidence/conservation-enterprises/evidence/inventory-collections/northern-american.html
./learning-evidence/conservation-enterprises/evidence/inventory-collections/forest-ecosystems.html
./learning-evidence/conservation-enterprises/evidence/inventory-collections/assessment.html
./learning-evidence/conservation-enterprises/evidence/inventory-collections/governance-1.html
./learning-evidence/conservation-enterprises/evidence/inventory-collections/sustainably-harvested-fish-and-shellfish.html
./learning-evidence/conservation-enterprises/evidence/inventory-collections/species.html
./learning-evidence/conservation-enterprises/evidence/inventory-collections/published-research.html
./learning-evidence/conservation-enterprises/evidence/inventory-collections/geological-events.html
./learning-evidence/conservation-enterprises/evidence/inventory-collections/terrestrial-ecotourism.html
./learning-evidence/conservation-enterprises/evidence/inventory-collections/policies-for-enforcement-of-resource-use.html
./learning-evidence/conservation-enterprises/evidence/inventory-collections/latin-america-and-caribbean.html
./learning-evidence/conservation-enterprises/evidence/inventory-collections/webinars-recordings.html
./learning-evidence/conservation-enterprises/evidence/inventory-collections/ownership.html
./learning-evidence/conservation-enterprises/evidence/inventory-collections/profit-potential.html
./learning-evidence/conservation-enterprises/evidence/inventory-collections/biodiversity-linkage.html
./learning-evidence/conservation-enterprises/evidence/inventory-collections/attitudes-regarding-sustainable-use-of-resources.html
./learning-evidence/conservation-enterprises/evidence/inventory-collections/sustainably-harvested-timber-products.html
./learning-evidence/conservation-enterprises/evidence/inventory-collections/behaviors-regarding-sustainable-use-of-resources.html
./learning-evidence/conservation-enterprises/evidence/inventory-collections/marine-freshwater-ecotourism.html
./learning-evidence/conservation-enterprises/evidence/inventory-collections/non-cash-benefits.html
./learning-evidence/conservation-enterprises/evidence/inventory-collections/africa.html
./learning-evidence/conservation-enterprises/evidence/inventory-collections/report.html
./learning-evidence/conservation-enterprises/evidence/inventory-collections/grassland-ecosystems.html
./learning-evidence/conservation-enterprises/evidence/inventory-collections/benefit-sharing.html
./learning-evidence/conservation-enterprises/evidence/inventory-collections/transportation-and-service-corridors.html
./learning-evidence/conservation-enterprises/evidence/inventory-collections/technical-capacity.html
./learning-evidence/conservation-enterprises/evidence/inventory-collections/crops.html
./learning-evidence/conservation-enterprises/evidence/inventory-collections/aquaculture-and-mariculture.html
./learning-evidence/conservation-enterprises/evidence/inventory-collections/planning-for-external-disturbance.html
./learning-evidence/conservation-enterprises/evidence/inventory-collections/infrastucture.html
./learning-evidence/conservation-enterprises/evidence/inventory-collections/agriculture-and-aquaculture.html
./learning-evidence/conservation-enterprises/evidence/inventory-collections/inputs.html
./learning-evidence/conservation-enterprises/evidence/inventory-collections/freshwater-ecosystems.html
./learning-evidence/conservation-enterprises/evidence/inventory-collections/diversification.html
./learning-evidence/conservation-enterprises/evidence/inbox.html
./learning-evidence/conservation-enterprises/evidence/index.html
./learning-evidence/conservation-enterprises/evidence/ce-collaborative-learning-group-evidence-collection.html
./learning-evidence/conservation-enterprises/evidence/inbox/integrating-conservation-livelihood-goals.html
./learning-evidence/conservation-enterprises/evidence/inbox/a-framework-for-monitoring-evaluating-and-learning-from-conservation-enterprises.pdf/view.html
./learning-evidence/conservation-enterprises/evidence/inbox/conservation-enterprise-impact-lab-2022-using-a-theory-of-change-to-learn-across-conservation-enterprises-webinar-1.html
./learning-evidence/conservation-enterprises/evidence/inbox/learning-our-lessons-a-review-of-alternative-livelihood-projects-in-central-africa/view.html
./learning-evidence/conservation-enterprises/evidence/inbox/a-global-assessment-of-community-based-natural-resources-management-addressing-the-critical-challenges-of-the-rural-sector.html
./learning-evidence/conservation-enterprises/evidence/inbox/conservation-enterprise-what-works-where-and-for-whom/view.html
./learning-evidence/conservation-enterprises/evidence/inbox/development-and-gorillas-assessing-fifteen-years-of-integrated-conservation-and-development-in-south-western-uganda/view.html
./learning-evidence/conservation-enterprises/evidence/inbox/does-conserving-biodiversity-work-to-reduce-poverty-a-state-of-knowledge-review/view.html
./learning-evidence/conservation-enterprises/evidence/inbox/local-business-for-global-biodiversity-conservation-improving-the-design-of-small-business-development-strategies-in-biodiversity-projects.html
./learning-evidence/conservation-enterprises/evidence/inbox/learning-our-lessons-a-review-of-alternative-livelihood-projects-in-central-africa.html
./learning-evidence/conservation-enterprises/evidence/inbox/community-action-to-conserve-biodiversity-linking-biodiversity-conservation-with-poverty-reduction.html
./learning-evidence/conservation-enterprises/evidence/inbox/conservation-enterprise-what-works-where-and-for-whom.html
./learning-evidence/conservation-enterprises/evidence/inbox/a-global-assessment-of-community-based-natural-resources-management-addressing-the-critical-challenges-of-the-rural-sector/view.html
./learning-evidence/conservation-enterprises/evidence/inbox/measuring-impact-lessons-learned-from-the-forest-climate-and-communities-alliance-1.html
./learning-evidence/conservation-enterprises/evidence/inbox/enterprise-strategies-for-coastal-and-marine-conservation-a-summary-of-best-practices.html
./learning-evidence/conservation-enterprises/evidence/inbox/assessment-of-recreational-fishery-in-the-galapagos-marine-reserve-failures-and-opportunities.html
./learning-evidence/conservation-enterprises/evidence/inbox/glee-posters-combined_reduced.pdf/view.html
./learning-evidence/conservation-enterprises/evidence/inbox/ce-lab-posters-2022-508.pdf/view.html
./learning-evidence/conservation-enterprises/evidence/inbox/sourcebook-for-community-based-forestry-enterprise-programming.pdf/view.html
./learning-evidence/conservation-enterprises/evidence/inbox/community-based-tree-and-forest-product-enterprises-market-analysis-and-development/view.html
./learning-evidence/conservation-enterprises/evidence/inbox/impact-in-the-forest-the-potential-for-business-solutions-to-combat-deforestation-in-large-forest-landscapes-in-asia/view.html
./learning-evidence/conservation-enterprises/evidence/inbox/final-evaluation-of-the-sustainable-conservation-approaches-in-priority-ecosystems-program.html
./learning-evidence/conservation-enterprises/evidence/inbox/global-sustainable-tourism-alliance-gsta-performance-evaluation-final-report.html
./learning-evidence/conservation-enterprises/evidence/inbox/community-based-natural-resource-management-and-poverty-alleviation-in-namibia-a-case-study/view.html
./learning-evidence/conservation-enterprises/evidence/inbox/enterprise-strategies-for-coastal-and-marine-conservation-a-summary-of-best-practices/view.html
./learning-evidence/conservation-enterprises/evidence/inbox/ce-impact-lab-final-session-slides-2024.pdf/view.html
./learning-evidence/conservation-enterprises/evidence/inbox/farmers-fires-and-forests-a-green-alternative-to-shifting-cultivation-for-conservation-of-the-maya-forest.html
./learning-evidence/conservation-enterprises/evidence/inbox/does-conserving-biodiversity-work-to-reduce-poverty-a-state-of-knowledge-review.html
./learning-evidence/conservation-enterprises/evidence/inbox/building-biodiversity-business/view.html
./learning-evidence/conservation-enterprises/evidence/inbox/index.html
./learning-evidence/conservation-enterprises/evidence/inbox/community-based-natural-resource-management-and-poverty-alleviation-in-namibia-a-case-study.html
./learning-evidence/conservation-enterprises/evidence/inbox/ce-documents-inbox-collection.html
./learning-evidence/conservation-enterprises/evidence/inbox/supporting-small-forest-enterprises-a-facilitator2019s-toolkit-pocket-guidance-not-rocket-science.html
./learning-evidence/conservation-enterprises/evidence/inbox/ce-lab-2022-final-presentation508.pdf/view.html
./learning-evidence/conservation-enterprises/evidence/inbox/local-business-for-global-biodiversity-conservation-improving-the-design-of-small-business-development-strategies-in-biodiversity-projects/view.html
./learning-evidence/conservation-enterprises/evidence/inbox/sustainable-livelihoods-enhancement-and-diversification-sled-a-manual-for-practitioners/view.html
./learning-evidence/conservation-enterprises/evidence/inbox/conservation-marketing-equation-a-manual-for-conservation-and-development-professionals/view.html
./learning-evidence/conservation-enterprises/evidence/inbox/ce-impact-lab-posters-2024.pdf/view.html
./learning-evidence/conservation-enterprises/evidence/inbox/beyond-fishing-the-impact-of-microcredit-on-alternative-livelihoods-in-south-sulawesi-indonesia.html
./learning-evidence/conservation-enterprises/evidence/inbox/lessons-from-conservation-enterprises-in-the-maya-biosphere-reserve-of-peten-guatemala.html
./learning-evidence/conservation-enterprises/evidence/inbox/global-sustainable-tourism-alliance-gsta-performance-evaluation-final-report/view.html
./learning-evidence/conservation-enterprises/evidence/inbox/alternative-sustainable-livelihoods-for-coastal-communities-a-review-of-experience-and-guide-to-best-practice/view.html
./learning-evidence/conservation-enterprises/evidence/inbox/nature-wealth-power-2.0-leveraging-natural-and-social-capital-for-resilient-development/view.html
./learning-evidence/conservation-enterprises/evidence/inbox/elephant-pepper-establishing-conservation-focused-business.html
./learning-evidence/conservation-enterprises/evidence/inbox/glee-posters-jul-2019.html
./learning-evidence/conservation-enterprises/evidence/inbox/assessment-of-recreational-fishery-in-the-galapagos-marine-reserve-failures-and-opportunities/view.html
./learning-evidence/conservation-enterprises/evidence/inbox/usaid-support-to-the-community-based-natural-resource-management-program-in-namibia-life-program-review.html
./learning-evidence/conservation-enterprises/evidence/inbox/community-based-forest-enterprises-their-status-and-potential-in-tropical-countries/view.html
./learning-evidence/conservation-enterprises/evidence/inbox/democratising-forest-business-a-compendium-of-successful-locally-controlled-forest-business-organisations.html
./learning-evidence/conservation-enterprises/evidence/inbox/conservation-enterprise-planning-checklist/view.html
./learning-evidence/conservation-enterprises/evidence/inbox/usaid-support-to-the-community-based-natural-resource-management-program-in-namibia-life-program-review/view.html
./learning-evidence/conservation-enterprises/evidence/inbox/conservation-marketing-equation-a-manual-for-conservation-and-development-professionals.html
./learning-evidence/conservation-enterprises/evidence/inbox/case-studies-bundling-agricultural-products-with-ecosystem-services.html
./learning-evidence/conservation-enterprises/evidence/inbox/enterprise-strategies-for-coastal-and-marine-conservation-review-of-best-practices-and-lessons-learned.html
./learning-evidence/conservation-enterprises/evidence/inbox/beyond-fishing-the-impact-of-microcredit-on-alternative-livelihoods-in-south-sulawesi-indonesia/view.html
./learning-evidence/conservation-enterprises/evidence/inbox/impact-in-the-forest-the-potential-for-business-solutions-to-combat-deforestation-in-large-forest-landscapes-in-asia.html
./learning-evidence/conservation-enterprises/evidence/inbox/building-a-conservation-enterprise-keys-for-success.html
./learning-evidence/conservation-enterprises/evidence/inbox/ce-retrospective_espanol.pdf/view.html
./learning-evidence/conservation-enterprises/evidence/inbox/lessons-on-community-enterprise-interventions-for-landscape-seascape-level-conservation-seven-case-studies-from-the-global-conservation-program/view.html
./learning-evidence/conservation-enterprises/evidence/inbox/conservation-enterprises-using-a-theory-of-change-approach-to-examine-evidence-for-biodiversity-conservation/view.html
./learning-evidence/conservation-enterprises/evidence/inbox/lessons-from-conservation-enterprises-in-the-maya-biosphere-reserve-of-peten-guatemala/view.html
./learning-evidence/conservation-enterprises/evidence/inbox/systematic-approaches-to-livelihoods-enhancement-and-diversification-a-review-of-global-experiences.html
./learning-evidence/conservation-enterprises/evidence/inbox/case-studies-bundling-agricultural-products-with-ecosystem-services/view.html
./learning-evidence/conservation-enterprises/evidence/inbox/elephant-pepper-establishing-conservation-focused-business/view.html
./learning-evidence/conservation-enterprises/evidence/inbox/beyond-nature-appropriation-towards-post-development-conservation-in-the-maya-forest/view.html
./learning-evidence/conservation-enterprises/evidence/inbox/the-misunderstood-middle-508-19.pdf/view.html
./learning-evidence/conservation-enterprises/evidence/inbox/supplementary-livelihood-options-for-pacific-island-communities-a-review-of-experiences/view.html
./learning-evidence/conservation-enterprises/evidence/inbox/evaluating-linkages-between-business-the-environment-and-local-communities-final-analytical-results-from-the-biodiversity-conservation-network/view.html
./learning-evidence/conservation-enterprises/evidence/inbox/systematic-approaches-to-livelihoods-enhancement-and-diversification-a-review-of-global-experiences/view.html
./learning-evidence/conservation-enterprises/evidence/inbox/democratising-forest-business-a-compendium-of-successful-locally-controlled-forest-business-organisations/view.html
./learning-evidence/conservation-enterprises/evidence/inbox/tmatboey-community-based-ecotourism-project-cambodia.html
./learning-evidence/conservation-enterprises/evidence/inbox/final-evaluation-of-the-sustainable-conservation-approaches-in-priority-ecosystems-program/view.html
./learning-evidence/conservation-enterprises/evidence/inbox/conservation-enterprise-planning-checklist.html
./learning-evidence/conservation-enterprises/evidence/inbox/community-based-forest-enterprises-their-status-and-potential-in-tropical-countries.html
./learning-evidence/conservation-enterprises/evidence/inbox/enterprise-strategies-for-coastal-and-marine-conservation-review-of-best-practices-and-lessons-learned/view.html
./learning-evidence/conservation-enterprises/evidence/inbox/development-and-gorillas-assessing-fifteen-years-of-integrated-conservation-and-development-in-south-western-uganda.html
./learning-evidence/conservation-enterprises/evidence/inbox/community-action-to-conserve-biodiversity-linking-biodiversity-conservation-with-poverty-reduction/view.html
./learning-evidence/conservation-enterprises/evidence/inbox/measuring-impact-lessons-learned-from-the-forest-climate-and-communities-alliance-1/view.html
./learning-evidence/conservation-enterprises/evidence/inbox/supporting-small-forest-enterprises-a-facilitator2019s-toolkit-pocket-guidance-not-rocket-science/view.html
./learning-evidence/conservation-enterprises/evidence/inbox/integrating-conservation-livelihood-goals/view.html
./learning-evidence/conservation-enterprises/evidence/inbox/mi-making-use-portfolio-organizational-learning-usaid.html
./learning-evidence/conservation-enterprises/evidence/inbox/tmatboey-community-based-ecotourism-project-cambodia/view.html
./learning-evidence/conservation-enterprises/evidence/inbox/community-based-tree-and-forest-product-enterprises-market-analysis-and-development.html
./learning-evidence/conservation-enterprises/evidence/inbox/building-a-conservation-enterprise-keys-for-success/view.html
./learning-evidence/conservation-enterprises/evidence/inbox/sustainable-livelihoods-enhancement-and-diversification-sled-a-manual-for-practitioners.html
./learning-evidence/conservation-enterprises/evidence/inbox/supplementary-livelihood-options-for-pacific-island-communities-a-review-of-experiences.html
./learning-evidence/conservation-enterprises/evidence/inbox/glee-posters-jul-2019/view.html
./learning-evidence/conservation-enterprises/evidence/inbox/ce-impact-lab-posters-2024.pdf.html
./learning-evidence/conservation-enterprises/evidence/inbox/beyond-nature-appropriation-towards-post-development-conservation-in-the-maya-forest.html
./learning-evidence/conservation-enterprises/evidence/inbox/conservation-enterprises-using-a-theory-of-change-approach-to-examine-evidence-for-biodiversity-conservation.html
./learning-evidence/conservation-enterprises/evidence/inbox/ce-impact-lab-posters.pdf/view.html
./learning-evidence/conservation-enterprises/evidence/inbox/farmers-fires-and-forests-a-green-alternative-to-shifting-cultivation-for-conservation-of-the-maya-forest/view.html
./learning-evidence/conservation-enterprises/evidence/inbox/building-biodiversity-business.html
./learning-evidence/conservation-enterprises/evidence/inbox/mi-making-use-portfolio-organizational-learning-usaid/view.html
./learning-evidence/conservation-enterprises/evidence/inbox/alternative-sustainable-livelihoods-for-coastal-communities-a-review-of-experience-and-guide-to-best-practice.html
./learning-evidence/conservation-enterprises/evidence/reference-documents.html
./learning-evidence/conservation-enterprises/evidence/inventory-collections.html
./learning-evidence/conservation-enterprises/evidence/photo-story-the-nature-of-conservation-enterprises-a-20-year-retrospective.html
./learning-evidence/conservation-enterprises/evidence/photo-story-the-nature-of-conservation-enterprises-a-20-year-retrospective/index.html
./learning-evidence/conservation-enterprises/evidence/photo-story-the-nature-of-conservation-enterprises-a-20-year-retrospective/photo-story-the-nature-of-conservation-enterprises-a-20-year-retrospective-evaluation.html
./learning-evidence/conservation-enterprises/contact-info.html
./learning-evidence/conservation-enterprises/accessibility-info.html
./learning-evidence/conservation-enterprises/learning-agenda/index.html
./learning-evidence/conservation-enterprises/learning-agenda/cross-mission-learning-agenda-for-conservation-enterprises/index.html
./learning-evidence/conservation-enterprises/learning-agenda/cross-mission-learning-agenda-for-conservation-enterprises/view.html
./learning-evidence/conservation-enterprises/learning-agenda/conservation-enterprises-using-a-theory-of-change-approach-to-synthesize-lessons-from-usaid-biodiversity-projects/view.html
./learning-evidence/conservation-enterprises/learning-agenda/cross-mission-learning-agenda-for-conservation-enterprises.html
./learning-evidence/conservation-enterprises/learning-agenda/framework-for-the-learning-agenda-page.html
./learning-evidence/conservation-enterprises/learning-agenda/conservation-enterprises-using-a-theory-of-change-approach-to-synthesize-lessons-from-usaid-biodiversity-projects.html
./learning-evidence/conservation-enterprises/resources/ce-learning-group-resources/ce-learning-group-what-we-have-learned.html
./learning-evidence/conservation-enterprises/resources/ce-learning-group-resources/ce-learning-group-resources.html
./learning-evidence/conservation-enterprises/resources/ce-learning-group-resources/index.html
./learning-evidence/conservation-enterprises/resources/ce-learning-group-resources/ce-learning-brief-2023.pdf/view.html
./learning-evidence/conservation-enterprises/resources/ce-learning-group-resources/ce-learning-group-what-we-have-learned/view.html
./learning-evidence/conservation-enterprises/resources/ce-learning-group-resources/does-providing-benefits-from-conservation-enterprises-lead-to-behavior-change.html
./learning-evidence/conservation-enterprises/resources/ce-learning-group-resources/conservation-enterprises-impact-lab.html
./learning-evidence/conservation-enterprises/resources/learning-agenda.html
./learning-evidence/conservation-enterprises/resources/conservation-enterprises-webinars/community-forest-management-in-peru-webinar-presentation.pdf/view.html
./learning-evidence/conservation-enterprises/resources/conservation-enterprises-webinars/copy_of_lessons-from-20-years-of-conservation-enterprise-support-in-the-maya-biosphere-reserve.html
./learning-evidence/conservation-enterprises/resources/conservation-enterprises-webinars/webinar-can-enterprises-conserve-the-cotton-top-tamarin-and-improve-human-development-in-colombia.html
./learning-evidence/conservation-enterprises/resources/conservation-enterprises-webinars/africa-peer-assist-webinar-presentation.pdf/view.html
./learning-evidence/conservation-enterprises/resources/conservation-enterprises-webinars/webinar-measuring-impacts-of-conservation-interventions-on-human-well-being-and-the-environment-in-northern-cambodia.html
./learning-evidence/conservation-enterprises/resources/conservation-enterprises-webinars/webinar-using-a-theory-of-change-to-learn-and-share-lessons-across-sites.html
./learning-evidence/conservation-enterprises/resources/conservation-enterprises-webinars/webinar-conservation-enterprises-integrating-conservation-goals-into-development-projects.html
./learning-evidence/conservation-enterprises/resources/conservation-enterprises-webinars/webinar-exploring-the-effectiveness-of-conservation-enterprises.html
./learning-evidence/conservation-enterprises/resources/conservation-enterprises-webinars/webinar-transcript-conservation-enterprises-exploring-their-effectiveness/view.html
./learning-evidence/conservation-enterprises/resources/conservation-enterprises-webinars/ce-intermediate-firms-webinar-slide-deck.pdf/view.html
./learning-evidence/conservation-enterprises/resources/conservation-enterprises-webinars/index.html
./learning-evidence/conservation-enterprises/resources/conservation-enterprises-webinars/ce-impact-lab-webinar.pdf/view.html
./learning-evidence/conservation-enterprises/resources/conservation-enterprises-webinars/webinar-peer-to-peer-learning-exchange-in-the-africa-conservation-enterprises-portfolio.html
./learning-evidence/conservation-enterprises/resources/conservation-enterprises-webinars/webinar-recording-gorongosa-project-conservation-enterprises.html
./learning-evidence/conservation-enterprises/resources/conservation-enterprises-webinars/gorongosa-conservation-enterprises-webinar-presentation.pdf/view.html
./learning-evidence/conservation-enterprises/resources/conservation-enterprises-webinars/wildlife-friendly-enterprise-network-case-studies-of-conservation-enterprises-at-work-for-wildlife-presentation.pdf/view.html
./learning-evidence/conservation-enterprises/resources/conservation-enterprises-webinars/agency-learning-webinar-april172023-508v.pdf/view.html
./learning-evidence/conservation-enterprises/resources/conservation-enterprises-webinars/conservation-enterprises-webinars.html
./learning-evidence/conservation-enterprises/resources/conservation-enterprises-webinars/the-misunderstood-middle-the-role-of-intermediate-firms-and-investors-in-support-of-conservation-enterprises.html
./learning-evidence/conservation-enterprises/resources/conservation-enterprises-webinars/webinar-the-nature-of-conservation-enterprises.html
./learning-evidence/conservation-enterprises/resources/conservation-enterprises-webinars/webinar-conservation-enterprise-impact-evaluation-in-nepal.html
./learning-evidence/conservation-enterprises/resources/conservation-enterprises-webinars/lessons-from-20-years-of-conservation-enterprise-support-in-the-maya-biosphere-reserve.html
./learning-evidence/conservation-enterprises/resources/conservation-enterprises-webinars/using-the-conservation-enterprise-theory-of-change-beyond-program-design.html
./learning-evidence/conservation-enterprises/resources/conservation-enterprises-webinars/webinar-transcript-conservation-enterprises-exploring-their-effectiveness.html
./learning-evidence/conservation-enterprises/resources/conservation-enterprises-webinars/webinar-community-forest-management-in-peru.html
./learning-evidence/conservation-enterprises/resources/ce-learning-group-resources.html
./learning-evidence/conservation-enterprises/resources/index.html
./learning-evidence/conservation-enterprises/resources/conservation-enterprises-webinars.html
./learning-evidence/conservation-enterprises/resources/ce-resources.html
./learning-evidence/conservation-enterprises/conservation-enterprises.html
./learning-evidence/conservation-enterprises.html
./learning-evidence/collaborative-learning-groups/index.html
./learning-evidence/collaborative-learning-groups/collaborative-learning-groups.html
./login﹖came_from=https﹕ꤷꤷwww.biodiversitylinks.orgꤷprojectsꤷcompleted-projectsꤷgstaꤷcreative-thoughtsꤷview.html
./login﹖came_from=https﹕ꤷꤷwww.biodiversitylinks.orgꤷlibraryꤷresourcesꤷusaid_mi2_pse-learning-brief_508v.pdfꤷview.html
./login﹖came_from=https﹕ꤷꤷwww.biodiversitylinks.orgꤷprojectsꤷcompleted-projectsꤷgstaꤷdune-fixation-in-maliꤷview.html
./organizations/tetra-tech.html
./organizations/world-resources-institute.html
./organizations/landesa.html
./organizations/terra-global-capital.html
./organizations/greenhouse-gas-management-institute.html
./login﹖came_from=https﹕ꤷꤷwww.biodiversitylinks.orgꤷlibraryꤷresourcesꤷUSAID_BD_Handbook_CHIV_4_7.pdfꤷview.html
./login﹖came_from=https﹕ꤷꤷwww.biodiversitylinks.orgꤷlibraryꤷresourcesꤷscioa-fs-english-16feb22.pdfꤷview.html
./login﹖came_from=https﹕ꤷꤷwww.biodiversitylinks.orgꤷlibraryꤷhariyo-ban-final-report-vol-1.pdfꤷview.html
./login﹖came_from=https﹕ꤷꤷwww.biodiversitylinks.orgꤷlibraryꤷresourcesꤷbd-annual-report-fy-2023.pdfꤷview.html
./login﹖came_from=https﹕ꤷꤷwww.biodiversitylinks.orgꤷlibraryꤷresourcesꤷrmpꤷlibraryꤷcontentꤷlgbt-vision-for-actionꤷview.html
./login﹖came_from=https﹕ꤷꤷwww.biodiversitylinks.orgꤷprojectsꤷcompleted-projectsꤷgstaꤷgreening-the-desert-tree-by-treeꤷview.html
./login﹖came_from=https﹕ꤷꤷwww.biodiversitylinks.orgꤷlibraryꤷresourcesꤷenergy-infrastructure-report-2023.pdfꤷview.html
./login﹖came_from=https﹕ꤷꤷwww.biodiversitylinks.orgꤷstoriesꤷlibraryꤷresourcesꤷowr-fact-sheet.pdfꤷview.html
./login﹖came_from=https﹕ꤷꤷwww.biodiversitylinks.orgꤷlibraryꤷresourcesꤷusaid-fse-factsheet-cgf-2021.pdfꤷview.html
./connect/connect.html
./connect/submissions.html
./connect/index.html
./connect/submissions/index.html
./connect/submissions/biodiversitylinks-resource-submission-form.html
./login﹖came_from=https﹕ꤷꤷwww.biodiversitylinks.orgꤷlibraryꤷresourcesꤷrmpꤷlibraryꤷcontentꤷframeꤷcifor-newsꤷview.html
./login﹖came_from=https﹕ꤷꤷwww.biodiversitylinks.orgꤷprojectsꤷcompleted-projectsꤷscapesꤷscapes-archiveꤷbeyond-fencesꤷview.html
./login﹖came_from=https﹕ꤷꤷwww.biodiversitylinks.orgꤷlibraryꤷresourcesꤷamazon-vision-summary_4-29-21-final-508.pdfꤷview.html
./login﹖came_from=https﹕ꤷꤷwww.biodiversitylinks.orgꤷlibraryꤷresourcesꤷmaking-a-difference-capturing-the-charismaticꤷview.html
./login﹖came_from=https﹕ꤷꤷwww.biodiversitylinks.orgꤷlibraryꤷresourcesꤷcgf-sbcc-strategy.pdfꤷview.html
./login﹖came_from=https﹕ꤷꤷwww.biodiversitylinks.orgꤷlibraryꤷresourcesꤷcru-trumon-turning-conflict-into-coexistenceꤷview.html
./contact-info.html
./login﹖came_from=https﹕ꤷꤷwww.biodiversitylinks.orgꤷlibraryꤷresourcesꤷexpedition-to-search-for-birds-of-paradiseꤷview.html
./login﹖came_from=https﹕ꤷꤷwww.biodiversitylinks.orgꤷlibraryꤷresourcesꤷinsect-farming-for-global-developmentꤷview.html
./login﹖came_from=https﹕ꤷꤷwww.biodiversitylinks.orgꤷlibraryꤷresourcesꤷusaid_enrm_factsheet_forest_conservation.pdfꤷview.html
./login﹖came_from=https﹕ꤷꤷwww.biodiversitylinks.orgꤷlearning-evidenceꤷlac-pseꤷdocumentsꤷpse-learning-brief-508.pdfꤷview.html
./accessibility-info.html
./learning-evidence.html
./login﹖came_from=https﹕ꤷꤷwww.biodiversitylinks.orgꤷlibraryꤷresourcesꤷnatural-wealthꤷview.html
./login﹖came_from=https﹕ꤷꤷwww.biodiversitylinks.orgꤷlibraryꤷresourcesꤷusaid_enrm_factsheet_reforestation.pdfꤷview.html
./login﹖came_from=https﹕ꤷꤷwww.biodiversitylinks.orgꤷlibraryꤷresourcesꤷecotourism-for-orangutan-conservationꤷview.html
./login﹖came_from=https﹕ꤷꤷwww.biodiversitylinks.orgꤷprojectsꤷcompleted-projectsꤷnwpꤷnamibia-nwp-case-studyꤷview.html
./login﹖came_from=https﹕ꤷꤷwww.biodiversitylinks.orgꤷlibraryꤷresourcesꤷamazon-rights-and-resources-7920.pdfꤷview.html
./login﹖came_from=https﹕ꤷꤷwww.biodiversitylinks.orgꤷlibraryꤷresourcesꤷbiodiversity-and-development-handbook-1ꤷview.html
./login﹖came_from=https﹕ꤷꤷwww.biodiversitylinks.orgꤷprojectsꤷcompleted-projectsꤷroutesꤷresourcesꤷroutes_faqs-1.pdfꤷview.html
./login﹖came_from=https﹕ꤷꤷwww.biodiversitylinks.orgꤷlibraryꤷresourcesꤷmimika-gets-its-act-together-to-save-wildlifeꤷview.html
./login﹖came_from=https﹕ꤷꤷwww.biodiversitylinks.orgꤷlibraryꤷresourcesꤷcolombia-smvc-baseline-report.pdfꤷview.html
./@@login-help.html
./login﹖came_from=https﹕ꤷꤷwww.biodiversitylinks.orgꤷlibraryꤷresourcesꤷpining-wildlife-nostalgiaꤷview.html
./login﹖came_from=https﹕ꤷꤷwww.biodiversitylinks.orgꤷlibraryꤷresourcesꤷkhetha-fact-sheet.pdfꤷview.html
./login﹖came_from=https﹕ꤷꤷwww.biodiversitylinks.orgꤷlibraryꤷresourcesꤷUSAID_BD_Handbook_CHIV_4.9.pdfꤷview.html
./login﹖came_from=https﹕ꤷꤷwww.biodiversitylinks.orgꤷprojectsꤷcompleted-projectsꤷgstaꤷcommunity-leaders-mean-businessꤷview.html
./login﹖came_from=https﹕ꤷꤷwww.biodiversitylinks.orgꤷlibraryꤷresourcesꤷUSAID_BD_Handbook_CHIV_4_4.pdfꤷview.html
./login﹖came_from=https﹕ꤷꤷwww.biodiversitylinks.orgꤷprojectsꤷcompleted-projectsꤷtranslinksꤷTransLinksBrochure.pdfꤷview.html
./login﹖came_from=https﹕ꤷꤷwww.biodiversitylinks.orgꤷlibraryꤷresourcesꤷhariyo-ban-2-fact-sheet.pdfꤷview.html
./login﹖came_from=https﹕ꤷꤷwww.biodiversitylinks.orgꤷprojectsꤷcompleted-projectsꤷgstaꤷgrowing-out-of-troubleꤷview.html
./login﹖came_from=https﹕ꤷꤷwww.biodiversitylinks.orgꤷprojectsꤷcompleted-projectsꤷgstaꤷcaiman-conservationꤷview.html
./login﹖came_from=https﹕ꤷꤷwww.biodiversitylinks.orgꤷlibraryꤷresourcesꤷmr-jali-protector-of-leuserꤷview.html
./login﹖came_from=https﹕ꤷꤷwww.biodiversitylinks.orgꤷlibraryꤷresourcesꤷabf-factsheet.pdfꤷview.html
./biodiversitylinks-homepage.html
./login﹖came_from=https﹕ꤷꤷwww.biodiversitylinks.orgꤷlibraryꤷresourcesꤷpa00xbrb.pdfꤷview.html
./login﹖came_from=https﹕ꤷꤷwww.biodiversitylinks.orgꤷlibraryꤷresourcesꤷconservation-enterprises-briefꤷview.html
./login﹖came_from=https﹕ꤷꤷwww.biodiversitylinks.orgꤷstoriesꤷlibraryꤷresourcesꤷcbcwt-fact-sheet.pdfꤷview.html
./login﹖came_from=https﹕ꤷꤷwww.biodiversitylinks.orgꤷlibraryꤷresourcesꤷhearth-pse-research-summary-2024.pdfꤷview.html
./login﹖came_from=https﹕ꤷꤷwww.biodiversitylinks.orgꤷprojectsꤷmission-projectsꤷfish-rightꤷresourcesꤷfileꤷview.html
./login﹖came_from=https﹕ꤷꤷwww.biodiversitylinks.orgꤷlibraryꤷresourcesꤷhearth-pse-policy-brief-2024.pdfꤷview.html
./login﹖came_from=https﹕ꤷꤷwww.biodiversitylinks.orgꤷlibraryꤷresourcesꤷinteragency-cooperation-webinar-slides.pdfꤷview.html
./login﹖came_from=https﹕ꤷꤷwww.biodiversitylinks.orgꤷlibraryꤷresourcesꤷpa00xrtp.pdfꤷview.html
./login﹖came_from=https﹕ꤷꤷwww.biodiversitylinks.orgꤷlibraryꤷresourcesꤷretrospective-indonesia-nrm-program.pdfꤷview.html
./login﹖came_from=https﹕ꤷꤷwww.biodiversitylinks.orgꤷlibraryꤷresourcesꤷporlapesca-fs-english-27sep22.pdfꤷview.html
./login﹖came_from=https﹕ꤷꤷwww.biodiversitylinks.orgꤷprojectsꤷcompleted-projectsꤷgstaꤷmountain-gorillas-join-facebookꤷview.html
./what-we-do.html
./login﹖came_from=https﹕ꤷꤷwww.biodiversitylinks.orgꤷlibraryꤷresourcesꤷUSAID_BD_Handbook_CHIV_4_8.pdfꤷview.html
./login﹖came_from=https﹕ꤷꤷwww.biodiversitylinks.orgꤷlibraryꤷresourcesꤷequal-opportunities-gender-justice-and-tenure-egtꤷview.html
./login﹖came_from=https﹕ꤷꤷwww.biodiversitylinks.orgꤷlibraryꤷresourcesꤷrmpꤷlibraryꤷcontentꤷframeꤷcapriwp14.pdfꤷview.html
./login﹖came_from=https﹕ꤷꤷwww.biodiversitylinks.orgꤷlibraryꤷresourcesꤷnoaa-_fs-english-october_21.pdfꤷview.html
./login﹖came_from=https﹕ꤷꤷwww.biodiversitylinks.orgꤷlibraryꤷresourcesꤷecofish-ii-activity-fact-sheet.pdfꤷview.html
./login﹖came_from=https﹕ꤷꤷwww.biodiversitylinks.orgꤷlibraryꤷresourcesꤷchampions-of-the-forestꤷview.html
./login﹖came_from=https﹕ꤷꤷwww.biodiversitylinks.orgꤷlibraryꤷresourcesꤷusaid-trillion-trees-contribution.pdfꤷview.html
./login﹖came_from=https﹕ꤷꤷwww.biodiversitylinks.orgꤷprojectsꤷcompleted-projectsꤷgstaꤷcommunities-taking-chargeꤷview.html
